id,source,target,sourceSeries,sourceChapter,targetSeries,targetChapter,currentGapHours,classification,confidence,autoAdjust,recommendedGapHours,sourceEnd,targetStart,sourceLocation,targetLocation,commonLocationDepth,sharedParticipants,branchRisk,followupText,reason
1,射雕第一回01-郭杨邀饮说书人,射雕第一回02-曲三夜斗禁宫卫,射雕,第一回,射雕,第一回,1,连续,中,false,0,1200-08-15 19:00,1200-08-15 20:00,大宋/临安府/牛家村/曲三酒馆,大宋/临安府/牛家村/村西树林,3,郭啸天|杨铁心|曲三,false,后续剧情将转入“曲三夜斗禁宫卫”。,同场景短间隔，倾向连续但证据不足以自动改时
2,射雕第一回02-曲三夜斗禁宫卫,射雕第一回03-郭杨结识丘处机,射雕,第一回,射雕,第一回,2755,间歇,中,false,2755,1200-08-16 00:00,1200-12-10 19:00,大宋/临安府/牛家村/村西树林,大宋/临安府/牛家村/杨家,3,郭啸天|杨铁心,false,曲三的神秘身份和高强武功，让郭杨二人对江湖之事有了新的认识，也为之后与丘处机的相遇埋下了伏笔。,外部间隔超过一天，未发现足够证据压缩
3,射雕第一回03-郭杨结识丘处机,射雕第一回04-丘处机力战追兵,射雕,第一回,射雕,第一回,1,连续,高,true,0,1200-12-10 21:00,1200-12-10 22:00,大宋/临安府/牛家村/杨家,大宋/临安府/牛家村/杨家,4,郭啸天|杨铁心|丘处机|王道乾,false,丘处机在杨家杀死王道乾之事引来了官兵追捕，一场血战即将在牛家村展开。,同回目同地点，短间隔无独立过渡内容
4,射雕第一回04-丘处机力战追兵,射雕第一回05-包惜弱巧救颜烈,射雕,第一回,射雕,第一回,1,连续,中,false,0,1200-12-11 02:00,1200-12-11 03:00,大宋/临安府/牛家村/杨家,大宋/临安府/牛家村/杨家后院,3,杨铁心|包惜弱,false,丘处机虽然杀尽追兵，但一名受伤的金兵颜烈却侥幸未死，被心地善良的包惜弱所救，为日后的悲剧埋下了祸根。,同场景短间隔，倾向连续但证据不足以自动改时
5,射雕第一回05-包惜弱巧救颜烈,射雕第一回06-牛家村风雪惊变,射雕,第一回,射雕,第一回,1889,间歇,中,false,1889,1200-12-12 07:00,1201-03-01 00:00,大宋/临安府/牛家村/杨家后院,大宋/临安府/牛家村,3,包惜弱|杨铁心|完颜洪烈,false,被救的颜烈实则为金国王子完颜洪烈，他觊觎包惜弱的美貌，设计了一场针对郭杨两家的阴谋，导致郭家家破人亡，杨家妻离子散。,外部间隔超过一天，未发现足够证据压缩
6,射雕第一回06-牛家村风雪惊变,射雕第二回01-完颜洪烈表露身份,射雕,第一回,射雕,第二回,32,间歇,中,false,32,1201-03-01 02:00,1201-03-02 10:00,大宋/临安府/牛家村,大宋/嘉兴府/嘉兴城/醉仙楼,1,包惜弱|完颜洪烈,false,后续剧情将转入“完颜洪烈表露身份”。,外部间隔超过一天，未发现足够证据压缩
7,射雕第二回01-完颜洪烈表露身份,射雕第二回02-醉仙楼风波,射雕,第二回,射雕,第二回,1,连续,高,true,0,1201-03-02 12:00,1201-03-02 13:00,大宋/嘉兴府/嘉兴城/醉仙楼,大宋/嘉兴府/嘉兴城/醉仙楼,4,完颜洪烈|朱聪,false,完颜洪烈在醉仙楼偶遇江南七怪，一场更大的风波正在酝酿。,同回目同地点，短间隔无独立过渡内容
8,射雕第二回02-醉仙楼风波,射雕第二回03-法华寺血战,射雕,第二回,射雕,第二回,1,过渡,中,false,1,1201-03-02 15:00,1201-03-02 16:00,大宋/嘉兴府/嘉兴城/醉仙楼,大宋/嘉兴府/嘉兴郊野/法华寺,2,焦木|柯镇恶|全金发|南希仁|韩小莹|韩宝驹|张阿生|丘处机|朱聪,false,丘处机与江南七怪在法华寺大打出手，两败俱伤。,同链近距事件，保留有限过渡时间
9,射雕第二回03-法华寺血战,射雕第二回04-醉仙楼赌约,射雕,第二回,射雕,第二回,84,间歇,高,false,84,1201-03-02 21:00,1201-03-06 09:00,大宋/嘉兴府/嘉兴郊野/法华寺,大宋/嘉兴府/嘉兴城/醉仙楼,2,丘处机|朱聪|张阿生|全金发|南希仁|韩宝驹|韩小莹|柯镇恶,false,丘处机与江南七怪约定，各自寻找郭杨后人并传授武功，十八年后在醉仙楼比武定胜负。,存在跨日/长程/长时段或明显场景重置，作为自由期时间锚点
10,射雕第二回04-醉仙楼赌约,射雕第三回01-醉仙楼十八年之约,射雕,第二回,射雕,第三回,3,过渡,高,false,3,1201-03-06 11:00,1201-03-06 14:00,大宋/嘉兴府/嘉兴城/醉仙楼,大宋/嘉兴府/嘉兴郊野/法华寺,2,丘处机|柯镇恶|朱聪|韩宝驹|南希仁|张阿生|全金发|韩小莹,false,江南七怪远赴大漠，开始寻找郭靖的漫漫长路。,文本明确包含赶路/等待/跨时段过程
11,射雕第三回01-醉仙楼十八年之约,射雕第五回04-弯弓射雕,射雕,第三回,射雕,第五回,142175,待人工确认,中,false,,1201-03-06 16:00,1217-08-20 15:00,大宋/嘉兴府/嘉兴郊野/法华寺,蒙古/大漠/悬崖,0,韩小莹,true,江南七怪远赴大漠，开始寻找郭啸天的后人。,节点存在分支/汇合，不自动改时
12,射雕第三回02-李萍大漠产子,射雕第三回03-郭靖巧救哲别,射雕,第三回,射雕,第三回,51224,间歇,高,false,51224,1201-11-01 06:00,1207-10-05 14:00,金国/中都/中都城/街头,蒙古/大漠/蒙古部落/郭靖家,0,郭靖,false,数年后，郭靖在草原上遇到了被追杀的哲别。,存在跨日/长程/长时段或明显场景重置，作为自由期时间锚点
13,天龙第一回01-龚光杰变招削落容子矩发髻,天龙第一回02-屋梁突传嗤笑段誉钟灵现身,天龙,第一回,天龙,第一回,0,连续,高,false,0,1202-03-15 12:56,1202-03-15 12:56,大理/无量山/剑湖宫/比剑大厅,大理/无量山/剑湖宫/比剑大厅,4,左子穆,false,龚光杰胜出后东宗众弟子欢呼雀跃，而大厅屋梁之上忽然传出一阵清脆刺耳的嗤笑声。,当前已满足结束时间=下一开始时间
14,天龙第一回02-屋梁突传嗤笑段誉钟灵现身,天龙第一回03-段誉跃下房梁作揖致歉息争,天龙,第一回,天龙,第一回,0,连续,高,false,0,1202-03-15 13:52,1202-03-15 13:52,大理/无量山/剑湖宫/比剑大厅,大理/无量山/剑湖宫/比剑大厅,4,左子穆|段誉,false,面对左子穆的厉声喝问与全场弟子的怒目注视，梁上的段誉自知失礼，欲跃下房梁向无量剑派作揖致歉以平息纷争。,当前已满足结束时间=下一开始时间
15,天龙第一回03-段誉跃下房梁作揖致歉息争,天龙第一回04-龚光杰含怒挺剑直刺段誉胸膛,天龙,第一回,天龙,第一回,0,连续,高,false,0,1202-03-15 14:48,1202-03-15 14:48,大理/无量山/剑湖宫/比剑大厅,大理/无量山/剑湖宫/比剑大厅,4,段誉|龚光杰,false,龚光杰见段誉言行轻慢，自尊受损之下怒火难遏，拔出长剑直刺向段誉前胸。,当前已满足结束时间=下一开始时间
16,天龙第一回04-龚光杰含怒挺剑直刺段誉胸膛,天龙第一回05-钟灵放闪电貂毒伤龚光杰手腕,天龙,第一回,天龙,第一回,0,连续,高,false,0,1202-03-15 15:45,1202-03-15 15:45,大理/无量山/剑湖宫/比剑大厅,大理/无量山/剑湖宫/比剑大厅,4,龚光杰|段誉,false,龚光杰长剑凌厉刺向闭目待毙的段誉胸膛，危急存亡之际，横梁上嗑瓜子的青衫少女愤然出手。,当前已满足结束时间=下一开始时间
17,天龙第一回05-钟灵放闪电貂毒伤龚光杰手腕,天龙第一回06-重伤弟子闯殿急报神农帮围山,天龙,第一回,天龙,第一回,0,连续,高,false,0,1202-03-15 16:41,1202-03-15 16:41,大理/无量山/剑湖宫/比剑大厅,大理/无量山/剑湖宫/比剑大厅,4,段誉|钟灵,false,无量剑派众人拔剑合围段誉与钟灵之际，一名浑身是血的同门弟子仓皇跌入殿中，急报神农帮围山大祸已至。,当前已满足结束时间=下一开始时间
18,天龙第一回06-重伤弟子闯殿急报神农帮围山,天龙第一回07-左辛二掌门暂罢私怨率众迎敌,天龙,第一回,天龙,第一回,0,连续,高,false,0,1202-03-15 17:37,1202-03-15 17:37,大理/无量山/剑湖宫/比剑大厅,大理/无量山/剑湖宫/比剑大厅,4,左子穆|辛双清,false,神农帮大兵压境与剧毒封山的恶讯传遍大厅，左子穆与辛双清不得不暂抑私怨，召集同门准备迎战来敌。,当前已满足结束时间=下一开始时间
19,天龙第一回07-左辛二掌门暂罢私怨率众迎敌,天龙第一回08-段誉请缨化怨携手钟灵赴险地,天龙,第一回,天龙,第一回,0,连续,高,false,0,1202-03-15 18:33,1202-03-15 18:33,大理/无量山/剑湖宫/比剑大厅,大理/无量山/剑湖宫/比剑大厅,4,左子穆,false,面对无量剑派倾巢出动欲与神农帮死拼的血腥杀局，殿内客座上的段誉不忍生灵涂炭，动了前往敌阵化解干戈之念，钟灵亦在旁相随。,当前已满足结束时间=下一开始时间
20,天龙第二回01-段誉钟灵探毒阵被押入营地,天龙第二回02-司空玄挥锄发难钟灵纵貂反击,天龙,第二回,天龙,第二回,0,连续,高,false,0,1202-03-16 09:32,1202-03-16 09:32,大理/无量山/后山森林,大理/无量山/神农帮营地,2,段誉|钟灵,false,段誉与钟灵被神农帮帮众一路押解至营地，直面手持药锄、面目阴鸷的帮主司空玄。,当前已满足结束时间=下一开始时间
21,天龙第二回02-司空玄挥锄发难钟灵纵貂反击,天龙第二回03-司空玄药网擒貂扣钟灵为人质,天龙,第二回,天龙,第二回,0,连续,高,false,0,1202-03-16 11:04,1202-03-16 11:04,大理/无量山/神农帮营地,大理/无量山/神农帮营地,3,钟灵|司空玄,false,司空玄与一众帮众身中貂毒伤处剧痛，惊恐混乱中急令帮众组织反扑，欲生擒那伤人的灵貂与少女。,当前已满足结束时间=下一开始时间
22,天龙第二回03-司空玄药网擒貂扣钟灵为人质,天龙第二回04-司空玄逼服断肠散钟灵赠信物,天龙,第二回,天龙,第二回,0,连续,高,false,0,1202-03-16 12:36,1202-03-16 12:36,大理/无量山/神农帮营地,大理/无量山/神农帮营地,3,钟灵|司空玄,false,钟灵与灵貂双双被擒受制，司空玄强抑体内剧毒，意图逼迫同行的段誉服毒充当信使前往万劫谷索取解药。,当前已满足结束时间=下一开始时间
23,天龙第二回04-司空玄逼服断肠散钟灵赠信物,天龙第二回05-段誉失足坠崖幸存睹无量玉壁,天龙,第二回,天龙,第二回,0,连续,高,false,0,1202-03-16 14:08,1202-03-16 14:08,大理/无量山/神农帮营地,大理/无量山/剑湖谷底,2,段誉,false,段誉身中七日断肠散剧毒，收好绣花鞋信物跌跌撞撞奔出神农帮营地，孤身仓皇逃入深山老林寻觅万劫谷。,当前已满足结束时间=下一开始时间
24,天龙第二回05-段誉失足坠崖幸存睹无量玉壁,天龙第二回06-段誉入秘洞痴拜神仙姐姐玉像,天龙,第二回,天龙,第二回,0,连续,高,false,0,1202-03-16 15:40,1202-03-16 15:40,大理/无量山/剑湖谷底,大理/无量山/琅嬛福地,2,段誉,false,段誉为探寻玉璧仙影源头，循着湖畔山崖摸索寻找，意外在杂草深处发现一处隐秘石洞并推门而入。,当前已满足结束时间=下一开始时间
25,天龙第二回06-段誉入秘洞痴拜神仙姐姐玉像,天龙第二回07-段誉蒲团得绝学启程奔万劫谷,天龙,第二回,天龙,第二回,0,连续,高,false,0,1202-03-16 17:12,1202-03-16 17:12,大理/无量山/琅嬛福地,大理/无量山/琅嬛福地,3,段誉,false,段誉长跪磕头间忽见玉像前蒲团似有异样，凝神细视蒲团上的线迹与字迹。,当前已满足结束时间=下一开始时间
26,天龙第三回01-段誉入谷寻访空寂瓦房,天龙第三回02-段誉后院观战出言劝阻,天龙,第三回,天龙,第三回,0,连续,高,false,0,1202-03-17 09:03,1202-03-17 09:03,大理/万劫谷/万劫谷庄院/正堂瓦房,大理/万劫谷/万劫谷庄院/后院草地,3,段誉,false,空寂瓦房的正堂内无人回应，后院方向却隐隐传来异动声响，段誉遂穿堂循声赶往后院探查虚实。,当前已满足结束时间=下一开始时间
27,天龙第三回02-段誉后院观战出言劝阻,天龙第三回03-黑衣女郎施鞭击退强敌,天龙,第三回,天龙,第三回,0,连续,高,false,0,1202-03-17 10:07,1202-03-17 10:07,大理/万劫谷/万劫谷庄院/后院草地,大理/万劫谷/万劫谷庄院/后院草地,4,木婉清|段誉,false,段誉高呼劝架骤然打断了后院死斗，黑衣女郎趁四名仇家分神侧目之机，手中长鞭疾舞抢攻突围。,当前已满足结束时间=下一开始时间
28,天龙第三回03-黑衣女郎施鞭击退强敌,天龙第三回04-黑衣女闻段姓扬鞭动杀机,天龙,第三回,天龙,第三回,0,连续,高,false,0,1202-03-17 11:11,1202-03-17 11:11,大理/万劫谷/万劫谷庄院/后院草地,大理/万劫谷/万劫谷庄院/后院草地,4,木婉清|段誉,false,黑衣女郎击溃强敌后勒马驻足，冷眼逼视横插干预的段誉，段誉正欲上前说明来意，二人旋即在草地上展开正面对话。,当前已满足结束时间=下一开始时间
29,天龙第三回04-黑衣女闻段姓扬鞭动杀机,天龙第三回05-段誉呈递绣鞋说明危情,天龙,第三回,天龙,第三回,0,连续,高,false,0,1202-03-17 12:15,1202-03-17 12:15,大理/万劫谷/万劫谷庄院/后院草地,大理/万劫谷/万劫谷庄院/后院草地,4,木婉清|段誉,false,段誉在凌厉鞭影下命悬一线，危急关头急忙取出怀中贴身的葱绿绣花鞋，高声言明受钟灵所托前来求援报信。,当前已满足结束时间=下一开始时间
30,天龙第三回05-段誉呈递绣鞋说明危情,天龙第三回06-木婉清感其义气允诺同行,天龙,第三回,天龙,第三回,0,连续,高,false,0,1202-03-17 13:18,1202-03-17 13:18,大理/万劫谷/万劫谷庄院/后院草地,大理/万劫谷/万劫谷庄院/后院草地,4,木婉清|段誉,false,黑衣女郎验过绣鞋确信钟灵危局，见段誉甘冒剧毒涉险报信，动念携其同往神农帮救人。,当前已满足结束时间=下一开始时间
31,天龙第三回06-木婉清感其义气允诺同行,天龙第三回07-段誉体力难支受逼上马,天龙,第三回,天龙,第三回,0,连续,高,false,0,1202-03-17 14:22,1202-03-17 14:22,大理/万劫谷/万劫谷庄院/后院草地,大理/万劫谷/万劫谷庄院/出谷古道,3,段誉|木婉清,false,木婉清策马启程奔赴神农帮营地救人，段誉徒步跟随其后全力奔跑，神农帮限期紧迫，二人争分夺秒赶赴无量山。,当前已满足结束时间=下一开始时间
32,天龙第三回07-段誉体力难支受逼上马,天龙第三回08-两人同乘黑马疾驰出谷,天龙,第三回,天龙,第三回,0,连续,高,false,0,1202-03-17 15:26,1202-03-17 15:26,大理/万劫谷/万劫谷庄院/出谷古道,大理/万劫谷/万劫谷庄院/出谷古道,4,段誉|木婉清,false,段誉妥协移至黑马身侧，两人即将合骑共乘黑玫瑰，全速策马冲出万劫谷。,当前已满足结束时间=下一开始时间
33,天龙第三回08-两人同乘黑马疾驰出谷,天龙第四回01-木婉清飞鞭击毙神农帮头目,天龙,第三回,天龙,第四回,0.5,过渡,高,false,0.5,1202-03-17 16:30,1202-03-17 17:00,大理/万劫谷/万劫谷庄院/出谷古道,大理/无量山/后山森林,1,段誉|木婉清,false,二人共乘黑玫瑰疾驰脱出万劫谷，奔赴无量山神农帮盘踞哨卡。,文本明确包含赶路/等待/跨时段过程
34,天龙第四回01-木婉清飞鞭击毙神农帮头目,天龙第四回02-木婉清赠药避毒驱散雾中帮众,天龙,第四回,天龙,第四回,0,连续,高,false,0,1202-03-17 17:55,1202-03-17 17:55,大理/无量山/后山森林,大理/无量山/后山森林,3,段誉|木婉清,false,二人策马冲破隘口阻截继续飞驰，前方山林忽起浓烈毒雾，神农帮更多人马于雾气中现身围剿。,当前已满足结束时间=下一开始时间
35,天龙第四回02-木婉清赠药避毒驱散雾中帮众,天龙第四回03-司空玄拦路拒放人施网擒段誉,天龙,第四回,天龙,第四回,0,连续,高,false,0,1202-03-17 18:50,1202-03-17 18:50,大理/无量山/后山森林,大理/无量山/后山森林,3,段誉|木婉清,false,二人冲破毒雾林道突入神农帮营地腹地，惊动严阵以待的帮主司空玄出面拦阻。,当前已满足结束时间=下一开始时间
36,天龙第四回03-司空玄拦路拒放人施网擒段誉,天龙第四回04-木婉清发毒箭退敌破网救段誉,天龙,第四回,天龙,第四回,0,连续,高,false,0,1202-03-17 19:45,1202-03-17 19:45,大理/无量山/后山森林,大理/无量山/后山森林,3,木婉清|段誉|司空玄,false,段誉与黑玫瑰遭药网死死困缚沦为人质，木婉清面对强敌合围与帮主威逼，急欲施展暗器奇袭破局救人。,当前已满足结束时间=下一开始时间
37,天龙第四回04-木婉清发毒箭退敌破网救段誉,天龙第四回05-断魂崖追兵合围段木互许生死,天龙,第四回,天龙,第四回,0,连续,高,false,0,1202-03-17 20:40,1202-03-17 20:40,大理/无量山/后山森林,大理/无量山/断魂崖,2,段誉|司空玄|木婉清,false,木婉清负伤载段誉突围脱困，司空玄率神农帮众沿血迹一路穷追，直逼向后山断魂崖绝壁。,当前已满足结束时间=下一开始时间
38,天龙第四回05-断魂崖追兵合围段木互许生死,天龙第四回06-段木二人跳崖借悬松坠台生还,天龙,第四回,天龙,第四回,0,连续,高,false,0,1202-03-17 21:35,1202-03-17 21:35,大理/无量山/断魂崖,大理/无量山/断魂崖,3,段誉|木婉清|司空玄,false,二人心意已决紧握双手，在神农帮众合围逼近的瞬间纵身跃入云雾弥漫的深渊绝壁。,当前已满足结束时间=下一开始时间
39,天龙第五回01-绝壁脱险段誉关切伤情,天龙第五回02-木婉清解黑纱定立婚盟,天龙,第五回,天龙,第五回,0,连续,高,false,0,1202-03-18 07:42,1202-03-18 07:42,大理/无量山/断魂崖/石台,大理/无量山/断魂崖/石台,4,段誉|木婉清,false,木婉清于绝壁石台上勉力运功调息，面对段誉的寸步守候与真切探问，两人在孤立险境中渐生托付生死的默契。,当前已满足结束时间=下一开始时间
40,天龙第五回02-木婉清解黑纱定立婚盟,天龙第五回03-困守孤台段誉忆及神功,天龙,第五回,天龙,第五回,0,连续,高,false,0,1202-03-18 09:25,1202-03-18 09:25,大理/无量山/断魂崖/石台,大理/无量山/断魂崖/石台,4,段誉|木婉清,false,定下婚盟后二人困守孤绝石台难以攀越，木婉清伤重体虚难支，段誉苦思脱困之策，忽忆起怀中所携的逍遥派帛卷神功。,当前已满足结束时间=下一开始时间
41,天龙第五回03-困守孤台段誉忆及神功,天龙第五回04-展卷参详易理初演步法,天龙,第五回,天龙,第五回,0,连续,高,false,0,1202-03-18 11:08,1202-03-18 11:08,大理/无量山/断魂崖/石台,大理/无量山/断魂崖/石台,4,段誉,false,段誉自怀中取出秘密收藏的北冥神功帛卷，欲对照易经卦象参详推演步法。,当前已满足结束时间=下一开始时间
42,天龙第五回04-展卷参详易理初演步法,天龙第五回05-婉清指点段誉步生真气,天龙,第五回,天龙,第五回,0,连续,高,false,0,1202-03-18 12:51,1202-03-18 12:51,大理/无量山/断魂崖/石台,大理/无量山/断魂崖/石台,4,段誉,false,段誉在石台上反复踩踏卦位演练步法，引得一旁打坐调息的木婉清侧目关注并出言指点。,当前已满足结束时间=下一开始时间
43,天龙第五回05-婉清指点段誉步生真气,天龙第五回06-神农帮夜搜崖底欲攀岩,天龙,第五回,天龙,第五回,0,连续,高,false,0,1202-03-18 14:34,1202-03-18 14:34,大理/无量山/断魂崖/石台,大理/无量山/断魂崖/石台,4,段誉|木婉清,false,段誉神功初窥门径周身真气渐稳，正与木婉清在石台调息，崖底忽有火光晃动与人声喧嚷隐隐传来。,当前已满足结束时间=下一开始时间
44,天龙第五回06-神农帮夜搜崖底欲攀岩,天龙第五回07-段誉负妹施展微步脱险,天龙,第五回,天龙,第五回,0,连续,高,false,0,1202-03-18 16:17,1202-03-18 16:17,大理/无量山/断魂崖/石台,大理/无量山/断魂崖/石台,4,段誉|木婉清,false,神农帮追兵已结队攀岩逼近孤台，段誉挺身在前决意背负负伤的木婉清施展神妙步法闯阵脱险。,当前已满足结束时间=下一开始时间
45,天龙第六回01-段誉负妹脱险农舍疗伤,天龙第六回02-风波恶率众围困废农舍,天龙,第六回,天龙,第六回,0,连续,高,false,0,1202-03-19 09:06,1202-03-19 09:06,大理/无量山/山脚废农舍/屋内,大理/无量山/山脚废农舍/屋内,4,段誉|木婉清,false,二人在破败农舍中歇息疗伤，屋外却忽有强敌破空逼近之声响起，杀机再度迫近。,当前已满足结束时间=下一开始时间
46,天龙第六回02-风波恶率众围困废农舍,天龙第六回03-段誉护婉出屋抱拳交涉,天龙,第六回,天龙,第六回,0,连续,高,false,0,1202-03-19 10:13,1202-03-19 10:13,大理/无量山/山脚废农舍/屋内,大理/无量山/山脚废农舍/舍外,3,段誉|木婉清,false,面对风波恶率众围堵叫阵，段誉唯恐伤重的木婉清受惊涉险，毅然挺身推开舍门，步入外场抱拳与之交涉周旋。,当前已满足结束时间=下一开始时间
47,天龙第六回03-段誉护婉出屋抱拳交涉,天龙第六回04-风波恶折扇突袭段誉避,天龙,第六回,天龙,第六回,0,连续,高,false,0,1202-03-19 11:20,1202-03-19 11:20,大理/无量山/山脚废农舍/舍外,大理/无量山/山脚废农舍/舍外,4,段誉|风波恶,false,段誉挺身出屋抱拳相询，引得带头围堵的风波恶杀机大盛，双方于舍外剑拔弩张对峙。,当前已满足结束时间=下一开始时间
48,天龙第六回04-风波恶折扇突袭段誉避,天龙第六回05-段誉微步巧避连环杀招,天龙,第六回,天龙,第六回,0,连续,高,false,0,1202-03-19 12:26,1202-03-19 12:26,大理/无量山/山脚废农舍/舍外,大理/无量山/山脚废农舍/舍外,4,段誉|风波恶,false,风波恶一击落空之下好胜心大起，折扇微变再次掀起连环猛攻，誓要逼出这文弱书生的武功底细。,当前已满足结束时间=下一开始时间
49,天龙第六回05-段誉微步巧避连环杀招,天龙第六回06-褚古二将现身喝破身份,天龙,第六回,天龙,第六回,0,连续,高,false,0,1202-03-19 13:33,1202-03-19 13:33,大理/无量山/山脚废农舍/舍外,大理/无量山/山脚废农舍/舍外,4,段誉|风波恶,false,风波恶久攻段誉不下、二人互为牵制僵持之际，农舍外围骤然传来疾驰马蹄与厉声长啸。,当前已满足结束时间=下一开始时间
50,天龙第六回06-褚古二将现身喝破身份,天龙第六回07-褚古二将力战退风波恶,天龙,第六回,天龙,第六回,0,连续,高,false,0,1202-03-19 14:40,1202-03-19 14:40,大理/无量山/山脚废农舍/舍外,大理/无量山/山脚废农舍/舍外,4,段誉|风波恶,false,褚万里与古笃诚既已亮明身份横兵在前，生性好斗的风波恶不甘罢手，双方立时棍斧交加爆发恶战。,当前已满足结束时间=下一开始时间
51,天龙第六回07-褚古二将力战退风波恶,天龙第六回08-二将跪地请罪段誉宽慰,天龙,第六回,天龙,第六回,0,连续,高,false,0,1202-03-19 15:46,1202-03-19 15:46,大理/无量山/山脚废农舍/舍外,大理/无量山/山脚废农舍/舍外,4,褚万里|古笃诚|段誉,false,强敌与探子仓皇退走，农舍危机彻底化解，褚万里与古笃诚收回兵刃，急忙奔向安然无恙的段誉。,当前已满足结束时间=下一开始时间
52,天龙第六回08-二将跪地请罪段誉宽慰,天龙第六回09-段誉深情表白启程归府,天龙,第六回,天龙,第六回,0,连续,高,false,0,1202-03-19 16:53,1202-03-19 16:53,大理/无量山/山脚废农舍/舍外,大理/无量山/山脚废农舍/舍外,4,段誉|褚万里|古笃诚,false,舍外危局既解，段誉返回农舍探视屋内重伤的木婉清，二人互诉衷肠并定下归返大理王府之计。,当前已满足结束时间=下一开始时间
53,天龙第七回01-段誉携木婉清归府受迎,天龙第七回02-段誉述说历险隐匿神功,天龙,第七回,天龙,第七回,0,连续,高,false,0,1202-03-20 11:30,1202-03-20 11:30,大理/大理城/镇南王府/正厅,大理/大理城/镇南王府/内堂,3,段誉|段正淳,false,木婉清受礼遇暂歇安顿，段正淳与刀白凤于正厅细询爱子多日历险失踪的始末。,当前已满足结束时间=下一开始时间
54,天龙第七回02-段誉述说历险隐匿神功,天龙第七回03-正淳运功驱毒惊察内力,天龙,第七回,天龙,第七回,0,连续,高,false,0,1202-03-20 13:00,1202-03-20 13:00,大理/大理城/镇南王府/内堂,大理/大理城/镇南王府/内堂,4,段誉|段正淳,false,段正淳听闻爱子曾服下剧毒且屡历险境，当即命其上前，欲运纯阳指力探查其体内断肠散毒情。,当前已满足结束时间=下一开始时间
55,天龙第七回03-正淳运功驱毒惊察内力,天龙第七回04-王府设席段正淳问身世,天龙,第七回,天龙,第七回,0,连续,高,false,0,1202-03-20 14:30,1202-03-20 14:30,大理/大理城/镇南王府/内堂,大理/大理城/镇南王府/正厅,3,段正淳|段誉,false,段正淳见段誉性命无碍且余毒渐清，心头巨石落地，遂命人于府中设下洗尘家宴，欲于席间探问木婉清身世来历。,当前已满足结束时间=下一开始时间
56,天龙第七回04-王府设席段正淳问身世,天龙第七回05-正淳辨识红痣揭露血缘,天龙,第七回,天龙,第七回,0,连续,高,false,0,1202-03-20 16:00,1202-03-20 16:00,大理/大理城/镇南王府/正厅,大理/大理城/镇南王府/正厅,4,段正淳|刀白凤|木婉清,false,段正淳听闻秦红棉之名心神大震，急欲查验木婉清身上的隐秘胎记以辨其真正身世。,当前已满足结束时间=下一开始时间
57,天龙第七回05-正淳辨识红痣揭露血缘,天龙第七回06-兄妹真相揭晓白凤离席,天龙,第七回,天龙,第七回,0,连续,高,false,0,1202-03-20 17:30,1202-03-20 17:30,大理/大理城/镇南王府/正厅,大理/大理城/镇南王府/正厅,4,段正淳|木婉清|刀白凤,false,骨肉身世当众揭穿如晴天霹雳，令正厅死寂之中暗潮汹涌，段誉木婉清情缘骤化兄妹伦常，席间变故一触即发。,当前已满足结束时间=下一开始时间
58,天龙第七回06-兄妹真相揭晓白凤离席,天龙第七回07-婉清绝望拔剑段誉夺刃,天龙,第七回,天龙,第七回,0,连续,高,false,0,1202-03-20 19:00,1202-03-20 19:00,大理/大理城/镇南王府/正厅,大理/大理城/镇南王府/正厅,4,段誉|木婉清|段正淳,false,刀白凤愤然离去后正厅乱作一团，木婉清因无法承受至爱沦为至亲之痛，心神剧震之下悲愤拔剑欲寻解脱。,当前已满足结束时间=下一开始时间
59,天龙第七回07-婉清绝望拔剑段誉夺刃,天龙第七回08-婉清掩面夜奔段誉昏厥,天龙,第七回,天龙,第七回,0,连续,高,false,0,1202-03-20 20:30,1202-03-20 20:30,大理/大理城/镇南王府/正厅,大理/大理城/镇南王府/正厅,4,段正淳|木婉清|段誉,false,短剑虽被夺下，但木婉清在绝望与羞愤交织下掩面夺门冲入夜色，段誉急痛攻心下身躯摇摇欲坠。,当前已满足结束时间=下一开始时间
60,天龙第八回01-段誉王府苏醒请命赴万劫谷,天龙第八回02-四大恶人林道现身拦路寻仇,天龙,第八回,天龙,第八回,0,连续,高,false,0,1202-03-22 09:40,1202-03-22 09:40,大理/大理城/镇南王府/寝阁,大理/万劫谷/万劫谷庄院/出谷古道,1,段誉,false,段誉携密信在四大护卫护持下策马驰出王府，沿官道林径奔赴万劫谷，途经幽僻密林古道。,当前已满足结束时间=下一开始时间
61,天龙第八回02-四大恶人林道现身拦路寻仇,天龙第八回03-段延庆纯阳指洞穿褚万里铜棍,天龙,第八回,天龙,第八回,0,连续,高,false,0,1202-03-22 11:20,1202-03-22 11:20,大理/万劫谷/万劫谷庄院/出谷古道,大理/万劫谷/万劫谷庄院/出谷古道,4,段誉|褚万里|古笃诚|傅思归|朱丹臣|段延庆|岳老三|云中鹤,false,四大恶人杀气逼人拦死前路，褚万里为护世子率先挺身挥动熟铜长棍，抢步上前向为首的段延庆发难。,当前已满足结束时间=下一开始时间
62,天龙第八回03-段延庆纯阳指洞穿褚万里铜棍,天龙第八回04-段誉施凌波微步戏耍两大恶人,天龙,第八回,天龙,第八回,0,连续,高,false,0,1202-03-22 13:00,1202-03-22 13:00,大理/万劫谷/万劫谷庄院/出谷古道,大理/万劫谷/万劫谷庄院/出谷古道,4,段誉|岳老三|云中鹤,false,四大护卫被恶人死死缠住分身乏术，失去屏障的段誉直面扑来的强敌，被迫施展凌波微步自保。,当前已满足结束时间=下一开始时间
63,天龙第八回04-段誉施凌波微步戏耍两大恶人,天龙第八回05-段誉运转北冥神功收服岳老三,天龙,第八回,天龙,第八回,0,连续,高,false,0,1202-03-22 14:40,1202-03-22 14:40,大理/万劫谷/万劫谷庄院/出谷古道,大理/万劫谷/万劫谷庄院/出谷古道,4,段誉|岳老三,false,岳老三见段誉步法精奇且生有反骨，执意逼其拜师，段誉不从，二人僵持之下引出赌约之局。,当前已满足结束时间=下一开始时间
64,天龙第八回05-段誉运转北冥神功收服岳老三,天龙第八回06-保定帝领兵驰援迫退四大恶人,天龙,第八回,天龙,第八回,0,连续,高,false,0,1202-03-22 16:20,1202-03-22 16:20,大理/万劫谷/万劫谷庄院/出谷古道,大理/万劫谷/万劫谷庄院/出谷古道,4,段誉|岳老三|段延庆,false,岳老三被制服软、恶人攻势骤挫，残局僵持之际，林道外骤然传来大理铁骑与绝顶高手的破空疾驰之声。,当前已满足结束时间=下一开始时间
65,天龙第九回01-钟万仇燃和合散囚困段木,天龙第九回02-段誉诵经运功苦抗春药,天龙,第九回,天龙,第九回,0,连续,高,false,0,1202-03-24 10:00,1202-03-24 10:00,大理/万劫谷/万劫谷庄院/石室,大理/万劫谷/万劫谷庄院/石室,4,段誉|木婉清,false,石室内和合散药香渐浓、热毒攻心，段誉眼见婉妹神智渐乱，只得盘坐运功并高声诵经苦苦克制欲火。,当前已满足结束时间=下一开始时间
66,天龙第九回02-段誉诵经运功苦抗春药,天龙第九回03-保定帝发一阳指破门受阻,天龙,第九回,天龙,第九回,0,连续,高,false,0,1202-03-24 12:00,1202-03-24 12:00,大理/万劫谷/万劫谷庄院/石室,大理/万劫谷/万劫谷庄院/石室外,3,,false,段誉与木婉清在石室中苦苦抵御药性之际，保定帝等人已闻讯疾驰赶赴石室之外，欲以纯阳指力强破重门相救。,当前已满足结束时间=下一开始时间
67,天龙第九回03-保定帝发一阳指破门受阻,天龙第九回04-华赫艮掘地道移花接木,天龙,第九回,天龙,第九回,0,连续,高,false,0,1202-03-24 14:00,1202-03-24 14:00,大理/万劫谷/万劫谷庄院/石室外,大理/万劫谷/万劫谷庄院/石室外,4,,false,眼见石室正面强攻难破、群雄聚齐正午将至，司空华赫艮自恃昔年盗墓绝技，决意从隐秘处开掘地道潜入石室救人。,当前已满足结束时间=下一开始时间
68,天龙第九回04-华赫艮掘地道移花接木,天龙第九回05-钟万仇启石室自食恶果,天龙,第九回,天龙,第九回,0,连续,高,false,0,1202-03-24 16:00,1202-03-24 16:00,大理/万劫谷/万劫谷庄院/石室外,大理/万劫谷/万劫谷庄院/石室外,4,,false,大理君臣已将人质掉换完毕并复原机关，只待正午时分钟万仇当着天下武林群雄之面亲自开启石室巨门。,当前已满足结束时间=下一开始时间
69,天龙第九回05-钟万仇启石室自食恶果,天龙第九回06-段延庆败退段氏化解危机,天龙,第九回,天龙,第九回,0,连续,高,false,0,1202-03-24 18:00,1202-03-24 18:00,大理/万劫谷/万劫谷庄院/石室外,大理/万劫谷/万劫谷庄院/石室外,4,钟万仇|段正淳,false,钟万仇阴谋败露气绝昏厥，四大恶人之首段延庆见毁损段氏清誉之计落空，震怒之下立于谷中欲下杀手。,当前已满足结束时间=下一开始时间
70,天龙第十回01-保定帝携段誉天龙寺求医,天龙第十回02-枯荣指点段誉习六脉神剑,天龙,第十回,天龙,第十回,0,连续,高,false,0,1202-03-29 01:48,1202-03-29 01:48,大理/点苍山/天龙寺/牟尼堂,大理/点苍山/天龙寺/牟尼堂,4,段誉|枯荣|本因|本观|本相|本参,false,段誉体内杂驳真气激荡难平，本因等人束手无策之际，面壁枯坐的枯荣大师忽然开口，示意其另有玄机可解此劫。,当前已满足结束时间=下一开始时间
71,天龙第十回02-枯荣指点段誉习六脉神剑,天龙第十回03-鸠摩智递帖强借神剑经,天龙,第十回,天龙,第十回,0,连续,高,false,0,1202-03-29 19:36,1202-03-29 19:36,大理/点苍山/天龙寺/牟尼堂,大理/点苍山/天龙寺/牟尼堂,4,段誉|枯荣,false,枯荣禅师刚定下传授六脉神剑以救治段誉之策，知客僧便匆匆入院呈上拜帖，吐蕃大轮明王鸠摩智已至天龙寺外，欲强借六脉神剑经。,当前已满足结束时间=下一开始时间
72,天龙第十回03-鸠摩智递帖强借神剑经,天龙第十回04-天龙寺六僧分卷合练剑阵,天龙,第十回,天龙,第十回,0,连续,高,false,0,1202-03-30 13:24,1202-03-30 13:24,大理/点苍山/天龙寺/牟尼堂,大理/点苍山/天龙寺/牟尼堂,4,枯荣,false,面对大轮明王压境威逼，天龙寺众僧商议定计，决意由六僧分练六脉神剑各执一路，合布剑阵共抗强敌。,当前已满足结束时间=下一开始时间
73,天龙第十回04-天龙寺六僧分卷合练剑阵,天龙第十回05-段誉默记六脉神剑全图谱,天龙,第十回,天龙,第十回,0,连续,高,false,0,1202-04-01 07:12,1202-04-01 07:12,大理/点苍山/天龙寺/牟尼堂,大理/点苍山/天龙寺/牟尼堂,4,枯荣,false,六僧剑阵初成之际，吐蕃国师已步入天龙寺山门；散落的六脉剑经图谱尚未来得及收贮，正静置于枯荣禅师身前以备接战。,当前已满足结束时间=下一开始时间
74,天龙第十回05-段誉默记六脉神剑全图谱,天龙第十回06-鸠摩智牟尼堂显少林绝艺,天龙,第十回,天龙,第十回,0,连续,高,false,0,1202-04-02 01:00,1202-04-02 01:00,大理/点苍山/天龙寺/牟尼堂,大理/点苍山/天龙寺/牟尼堂,4,,false,大轮明王鸠摩智携随从依约踏入牟尼堂中，欲当众施展少林七十二绝技以慑服天龙寺众僧、强索剑经。,当前已满足结束时间=下一开始时间
75,天龙第十回06-鸠摩智牟尼堂显少林绝艺,天龙第十回07-六僧结神剑阵力战火焰刀,天龙,第十回,天龙,第十回,0,连续,高,false,0,1202-04-02 18:48,1202-04-02 18:48,大理/点苍山/天龙寺/牟尼堂,大理/点苍山/天龙寺/牟尼堂,4,本因|鸠摩智,false,鸠摩智显露少林绝技威逼无果，当即催动火焰刀真气强夺经卷；枯荣与本因等六僧当即各占阵位运转剑气迎敌。,当前已满足结束时间=下一开始时间
76,天龙第十回07-六僧结神剑阵力战火焰刀,天龙第十回08-枯荣运真火焚毁神剑图谱,天龙,第十回,天龙,第十回,0,连续,高,false,0,1202-04-03 12:36,1202-04-03 12:36,大理/点苍山/天龙寺/牟尼堂,大理/点苍山/天龙寺/牟尼堂,4,枯荣|鸠摩智,false,鸠摩智火焰刀气已将剑阵死死压制，枯荣禅师眼见胜负将分，面壁默运内力暗生决绝之念。,当前已满足结束时间=下一开始时间
77,天龙第十回08-枯荣运真火焚毁神剑图谱,天龙第十回09-段誉发少商剑逼退鸠摩智,天龙,第十回,天龙,第十回,0,连续,高,false,0,1202-04-04 06:24,1202-04-04 06:24,大理/点苍山/天龙寺/牟尼堂,大理/点苍山/天龙寺/牟尼堂,4,鸠摩智,false,神剑图谱化作飞灰，鸠摩智盛怒之下悍然发难逼向众僧，堂内危机骤然升级。,当前已满足结束时间=下一开始时间
78,天龙第十回09-段誉发少商剑逼退鸠摩智,天龙第十回10-鸠摩智生擒段誉押往姑苏,天龙,第十回,天龙,第十回,0,连续,高,false,0,1202-04-05 00:12,1202-04-05 00:12,大理/点苍山/天龙寺/牟尼堂,大理/点苍山/天龙寺/牟尼堂,4,鸠摩智|段誉,false,鸠摩智受挫之下惊觉段誉身负六脉神剑精义，贪念大起决意强掳活人图谱；段誉尚未能纯熟运用真气，牟尼堂内危机再起。,当前已满足结束时间=下一开始时间
79,天龙第十一回01-鸠摩智生擒段誉疾驰赴江南,天龙第十一回02-鸠摩智常熟雇舟载段誉入太湖,天龙,第十一回,天龙,第十一回,0,连续,高,false,0,1202-04-12 22:50,1202-04-12 22:50,大宋/苏州府/常熟城,大宋/苏州府/常熟城/水乡码头,3,鸠摩智|段誉,false,二人抵达常熟境内，陆路已尽而水网纵横，鸠摩智遂押解段誉前往渡口寻觅舟楫，准备改走水路深入太湖。,当前已满足结束时间=下一开始时间
80,天龙第十一回02-鸠摩智常熟雇舟载段誉入太湖,天龙第十一回03-太湖荷荡闻歌初逢绿衣少女,天龙,第十一回,天龙,第十一回,0,连续,高,false,0,1202-04-20 02:40,1202-04-20 02:40,大宋/苏州府/常熟城/水乡码头,大宋/太湖/荷花荡,1,段誉|鸠摩智,false,乌篷船穿行于太湖茂密荷荡之中，忽闻水泽深处飘来阵阵吴侬软语的采莲歌声。,当前已满足结束时间=下一开始时间
81,天龙第十一回03-太湖荷荡闻歌初逢绿衣少女,天龙第十一回04-鸠摩智问路参合庄阿碧允引路,天龙,第十一回,天龙,第十一回,0,连续,高,false,0,1202-04-27 06:30,1202-04-27 06:30,大宋/太湖/荷花荡,大宋/太湖/荷花荡,3,鸠摩智,false,鸠摩智欲探寻姑苏慕容氏庄园所在，见眼前采莲少女熟稔水路，遂主动止船搭话探问参合庄路径。,当前已满足结束时间=下一开始时间
82,天龙第十一回04-鸠摩智问路参合庄阿碧允引路,天龙第十一回05-阿碧引舟穿芦苇荡登听香水榭,天龙,第十一回,天龙,第十一回,0,连续,高,false,0,1202-05-04 10:20,1202-05-04 10:20,大宋/太湖/荷花荡,大宋/太湖/听香水榭,2,鸠摩智|阿碧,false,阿碧轻点竹篙引着后方乌篷船穿出外围荷荡，向芦苇茂密的水道深处荡舟前行。,当前已满足结束时间=下一开始时间
83,天龙第十一回05-阿碧引舟穿芦苇荡登听香水榭,天龙第十一回06-鸠摩智道明来意红裳少女现身,天龙,第十一回,天龙,第十一回,0,连续,高,false,0,1202-05-11 14:10,1202-05-11 14:10,大宋/太湖/听香水榭,大宋/太湖/听香水榭,3,阿碧|鸠摩智|段誉,false,鸠摩智与段誉在听香水榭客堂安歇落座，鸠摩智准备当面向庄中侍婢表明此番前来拜谒慕容博故居之来意。,当前已满足结束时间=下一开始时间
84,天龙第十二回01-阿朱水榭迎客暗谋营救,天龙第十二回02-阿朱易容老仆瞒过番僧,天龙,第十二回,天龙,第十二回,0,连续,高,false,0,1202-05-19 13:40,1202-05-19 13:40,大宋/太湖/听香水榭,大宋/太湖/听香水榭,3,段誉|鸠摩智|阿朱,false,为求营救受制的青衫公子并摸清强敌底细，阿朱借故转入内堂更衣，暗施神乎其技的易容之术化身老仆再度出面周旋。,当前已满足结束时间=下一开始时间
85,天龙第十二回02-阿朱易容老仆瞒过番僧,天龙第十二回03-阿朱席间奉茶暗解穴道,天龙,第十二回,天龙,第十二回,0,连续,高,false,0,1202-05-19 19:20,1202-05-19 19:20,大宋/太湖/听香水榭,大宋/太湖/听香水榭,3,阿朱|鸠摩智|段誉,false,阿朱以老仆身份侍立席旁，正待借递盏斟茶之机靠近受制的段誉暗施援手。,当前已满足结束时间=下一开始时间
86,天龙第十二回03-阿朱席间奉茶暗解穴道,天龙第十二回04-二女引舟穿行太湖迷宫,天龙,第十二回,天龙,第十二回,0,连续,高,false,0,1202-05-20 01:00,1202-05-20 01:00,大宋/太湖/听香水榭,大宋/太湖/曼陀山庄,2,段誉|鸠摩智|阿朱,false,段誉穴道既解且茶水已布下玄机，阿朱暗向阿碧递送眼色，引番僧离席登舟入湖，欲借太湖错综水网伺机脱身。,当前已满足结束时间=下一开始时间
87,天龙第十二回04-二女引舟穿行太湖迷宫,天龙第十二回05-湖心凿舟段誉踏浪突围,天龙,第十二回,天龙,第十二回,0,连续,高,false,0,1202-05-20 06:40,1202-05-20 06:40,大宋/太湖/曼陀山庄,大宋/太湖/太湖水域/湖心,2,段誉|鸠摩智|阿碧|阿朱,false,扁舟逼近严禁外人涉足的曼陀山庄水域，阿朱阿碧依计准备水下逃生，段誉亦暗自蓄势应对即将爆发的变故。,当前已满足结束时间=下一开始时间
88,天龙第十二回05-湖心凿舟段誉踏浪突围,天龙第十二回06-曼陀山庄段誉惊遇语嫣,天龙,第十二回,天龙,第十二回,0,连续,高,false,0,1202-05-20 12:20,1202-05-20 12:20,大宋/太湖/太湖水域/湖心,大宋/太湖/曼陀山庄/茶花林,2,段誉|阿朱|阿碧,false,段誉与阿朱、阿碧摆脱鸠摩智追截后驾小艇破浪疾行，依计避往太湖深处的曼陀山庄水域。,当前已满足结束时间=下一开始时间
89,天龙第十三回01-段誉初见语嫣阿朱出面引荐,天龙第十三回02-江湖群豪乘舟包围曼陀山庄,天龙,第十三回,天龙,第十三回,0,连续,高,false,0,1202-05-21 09:15,1202-05-21 09:15,大宋/太湖/曼陀山庄/茶花林,大宋/太湖/曼陀山庄/外围水域,3,,false,段誉与王语嫣初识交谈之际，曼陀山庄外水波激荡，各路江湖豪客已乘快舟逼近庄院水域。,当前已满足结束时间=下一开始时间
90,天龙第十三回02-江湖群豪乘舟包围曼陀山庄,天龙第十三回03-阿朱临危引众退守听香水榭,天龙,第十三回,天龙,第十三回,0,连续,高,false,0,1202-05-21 10:30,1202-05-21 10:30,大宋/太湖/曼陀山庄/外围水域,大宋/太湖/听香水榭,2,,false,群豪战船封锁水域步步紧逼，庄内众人面临四面受敌之险，阿朱当机立断欲引众人登舟退往听香水榭。,当前已满足结束时间=下一开始时间
91,天龙第十三回03-阿朱临危引众退守听香水榭,天龙第十三回04-风波恶公冶乾赶赴力战受困,天龙,第十三回,天龙,第十三回,0,连续,高,false,0,1202-05-21 11:45,1202-05-21 11:45,大宋/太湖/听香水榭,大宋/太湖/听香水榭,3,,false,水榭大厅中四人被逼入死角命悬一线，庄外水域忽闻锐厉啸声与兵刃交击之音，慕容氏家臣闻警破空疾驰赶赴现场解围。,当前已满足结束时间=下一开始时间
92,天龙第十三回04-风波恶公冶乾赶赴力战受困,天龙第十三回05-语嫣出言指点风波恶破软鞭,天龙,第十三回,天龙,第十三回,0,连续,高,false,0,1202-05-21 13:00,1202-05-21 13:00,大宋/太湖/听香水榭,大宋/太湖/听香水榭,3,风波恶|公冶乾,false,风波恶在重围中遭使软鞭的强敌猛攻压制、险象环生，水榭内的王语嫣见状凝神观战，准备出声点拨其招式破绽。,当前已满足结束时间=下一开始时间
93,天龙第十三回05-语嫣出言指点风波恶破软鞭,天龙第十三回06-语嫣道破破绽公冶乾退青城,天龙,第十三回,天龙,第十三回,0,连续,高,false,0,1202-05-21 14:15,1202-05-21 14:15,大宋/太湖/听香水榭,大宋/太湖/听香水榭,3,公冶乾|王语嫣,false,风波恶击退伏牛派高手后，合围中的公冶乾亦遭青城派群起猛攻，王语嫣在轩窗畔继续凝神洞察敌招破绽。,当前已满足结束时间=下一开始时间
94,天龙第十三回06-语嫣道破破绽公冶乾退青城,天龙第十三回07-语嫣连破各派绝学震慑群豪,天龙,第十三回,天龙,第十三回,0,连续,高,false,0,1202-05-21 15:30,1202-05-21 15:30,大宋/太湖/听香水榭,大宋/太湖/听香水榭,3,公冶乾|王语嫣,false,公冶乾铁掌震飞青城剑客后，水榭内各门各派高手惊怒交加，更多强敌按捺不住纷纷亮出兵刃围攻而上。,当前已满足结束时间=下一开始时间
95,天龙第十三回07-语嫣连破各派绝学震慑群豪,天龙第十三回08-群豪约战杏子林退兵解危局,天龙,第十三回,天龙,第十三回,0,连续,高,false,0,1202-05-21 16:45,1202-05-21 16:45,大宋/太湖/听香水榭,大宋/太湖/听香水榭,3,王语嫣|风波恶|公冶乾,false,群豪见各派独门绝技尽被娇弱少女洞悉道破，攻势受挫心生怯意，遂暂敛锋芒商议另行约战。,当前已满足结束时间=下一开始时间
96,天龙第十四回01-全冠清煽动帮众密谋叛乱,天龙第十四回02-乔峰威震全场生擒全冠清,天龙,第十四回,天龙,第十四回,0,连续,高,false,0,1202-05-22 09:40,1202-05-22 09:40,大宋/无锡/杏子林,大宋/无锡/杏子林,3,全冠清,false,全冠清与四大长老定下逼宫之策并分发调度令符，布设伏兵以待清晨向毫不知情的乔峰发难。,当前已满足结束时间=下一开始时间
97,天龙第十四回02-乔峰威震全场生擒全冠清,天龙第十四回03-乔峰自插法刀代赎长老罪孽,天龙,第十四回,天龙,第十四回,0,连续,高,false,0,1202-05-22 11:20,1202-05-22 11:20,大宋/无锡/杏子林,大宋/无锡/杏子林,3,乔峰|全冠清,false,全冠清被擒受制后叛众溃退，林中四大长老与各舵弟子面对帮主神威进退维谷，帮规法刀已然现前。,当前已满足结束时间=下一开始时间
98,天龙第十四回03-乔峰自插法刀代赎长老罪孽,天龙第十四回04-徐长老率各派名宿突降杏林,天龙,第十四回,天龙,第十四回,0,连续,高,false,0,1202-05-22 13:00,1202-05-22 13:00,大宋/无锡/杏子林,大宋/无锡/杏子林,3,乔峰,false,林中血泊未干、众长老痛悔效忠之际，忽听得林外马蹄雷动，丐帮宿老徐长老引领大批江湖名宿联袂逼近杏林。,当前已满足结束时间=下一开始时间
99,天龙第十四回04-徐长老率各派名宿突降杏林,天龙第十四回05-坦白实情马夫人到场,天龙,第十四回,天龙,第十四回,0,连续,高,false,0,1202-05-22 14:40,1202-05-22 14:40,大宋/无锡/杏子林,大宋/无锡/杏子林,3,乔峰,false,徐长老接管杏林全场法度并出示汪帮主遗令，林外马夫人白衣缟素乘轿而至，誓要当众揭发马大元遇害之谜。,当前已满足结束时间=下一开始时间
100,天龙第十四回05-坦白实情马夫人到场,天龙第十四回06-乔峰身世面临重大质疑,天龙,第十四回,天龙,第十四回,0,连续,高,false,0,1202-05-22 16:20,1202-05-22 16:20,大宋/无锡/杏子林,大宋/无锡/杏子林,3,乔峰|徐长老,false,徐长老接过血帕与蜡丸钥匙，依照汪帮主遗留的契印比对密件，即将当众揭开事关乔峰身世与丐帮存亡的惊天隐秘。,当前已满足结束时间=下一开始时间
101,天龙第十五回01-杏子林众丐围聚乔峰质询,天龙第十五回02-全冠清当众发难指斥帮主,天龙,第十五回,天龙,第十五回,0,连续,高,false,0,1202-05-22 19:05,1202-05-22 19:05,大宋/无锡/杏子林,大宋/无锡/杏子林,3,乔峰,false,四大长老在马大元遗体前与乔峰僵持对峙之际，全冠清按捺不住越众而出，打破沉寂当众厉声指斥帮主。,当前已满足结束时间=下一开始时间
102,天龙第十五回02-全冠清当众发难指斥帮主,天龙第十五回03-四长老结打狗阵围攻乔峰,天龙,第十五回,天龙,第十五回,0,连续,高,false,0,1202-05-22 19:40,1202-05-22 19:40,大宋/无锡/杏子林,大宋/无锡/杏子林,3,全冠清|乔峰,false,全冠清的发难引爆群情，四大长老受其煽惑决意结成打狗大阵，向乔峰发难逼宫。,当前已满足结束时间=下一开始时间
103,天龙第十五回03-四长老结打狗阵围攻乔峰,天龙第十五回04-乔峰施降龙掌制伏四长老,天龙,第十五回,天龙,第十五回,0,连续,高,false,0,1202-05-22 20:15,1202-05-22 20:15,大宋/无锡/杏子林,大宋/无锡/杏子林,3,乔峰|宋长老|奚长老|陈孤雁|吴长风,false,四长老结阵猛攻痛下杀手，乔峰沉稳迎敌运劲凝势，誓以绝顶掌力破阵制伏四人。,当前已满足结束时间=下一开始时间
104,天龙第十五回04-乔峰施降龙掌制伏四长老,天龙第十五回05-乔峰引刀自刺为长老赎罪,天龙,第十五回,天龙,第十五回,0,连续,高,false,0,1202-05-22 20:50,1202-05-22 20:50,大宋/无锡/杏子林,大宋/无锡/杏子林,3,乔峰|宋长老|奚长老,false,四大长老兵刃脱手受制于地，丐帮兵变在绝对武力下被迅速平息，静待帮规刑罚裁决。,当前已满足结束时间=下一开始时间
105,天龙第十五回05-乔峰引刀自刺为长老赎罪,天龙第十五回06-众长老伏罪武林名宿临林,天龙,第十五回,天龙,第十五回,0,连续,高,false,0,1202-05-22 21:25,1202-05-22 21:25,大宋/无锡/杏子林,大宋/无锡/杏子林,3,乔峰|宋长老|奚长老,false,四大长老受乔峰大义感召伏地痛哭悔罪，正值群丐悲恸激昂之际，忽听林外马蹄声疾，数位武林名宿联袂而至。,当前已满足结束时间=下一开始时间
106,天龙第十六回01-康敏当众出示汪帮主绝密遗书,天龙第十六回02-白世镜宣读遗嘱揭露乔峰身世,天龙,第十六回,天龙,第十六回,0,连续,高,false,0,1202-05-23 08:45,1202-05-23 08:45,大宋/无锡/杏子林,大宋/无锡/杏子林,3,白世镜,false,白世镜接过汪帮主亲笔遗书，在群雄屏息注视下拆封阅览并准备当众宣读。,当前已满足结束时间=下一开始时间
107,天龙第十六回02-白世镜宣读遗嘱揭露乔峰身世,天龙第十六回03-智光大师陈说雁门关伏击前因,天龙,第十六回,天龙,第十六回,0,连续,高,false,0,1202-05-23 09:30,1202-05-23 09:30,大宋/无锡/杏子林,大宋/无锡/杏子林,3,乔峰,false,在全场群豪疑惧与乔峰悲愤抗辩的僵局中，天台山德高望重的智光大师宣了声佛号越众而出，准备陈述当年雁门关惨案的真相以明原委。,当前已满足结束时间=下一开始时间
108,天龙第十六回03-智光大师陈说雁门关伏击前因,天龙第十六回04-契丹将军血战绝壁弃婴跳崖,天龙,第十六回,天龙,第十六回,0,连续,高,false,0,1202-05-23 10:15,1202-05-23 10:15,大宋/无锡/杏子林,大宋/雁门关/关外绝壁/绝壁险道,1,,false,雁门关惨案前因方才道破，智光大师长叹一声，继而将那位痛失爱妻的契丹将军狂怒反击、血溅绝壁的惨烈战况娓娓道来。,当前已满足结束时间=下一开始时间
109,天龙第十六回04-契丹将军血战绝壁弃婴跳崖,天龙第十六回05-中原群豪收养遗孤取名乔峰,天龙,第十六回,天龙,第十六回,0,连续,高,false,0,1202-05-23 11:00,1202-05-23 11:00,大宋/雁门关/关外绝壁/绝壁险道,大宋/雁门关/关外绝壁/绝壁险道,4,智光,false,契丹将军抱妻跳崖殉情后，遗留孤儿在雁门关绝壁顶端嚎啕大哭，幸存的中原群豪重伤之余围拢向前查看襁褓婴儿。,当前已满足结束时间=下一开始时间
110,天龙第十六回05-中原群豪收养遗孤取名乔峰,天龙第十六回06-智光验看狼图坐实契丹血脉,天龙,第十六回,天龙,第十六回,0,连续,高,false,0,1202-05-23 11:45,1202-05-23 11:45,大宋/雁门关/关外绝壁/绝壁险道,大宋/无锡/杏子林,1,,false,智光大师陈说往昔收养始末已毕，杏林群丐与乔峰惊疑难平，智光合十上前，欲当场验看乔峰胸前的狼头刺青以印证契丹血脉。,当前已满足结束时间=下一开始时间
111,天龙第十六回06-智光验看狼图坐实契丹血脉,天龙第十六回07-康敏当众指控乔峰残杀马大元,天龙,第十六回,天龙,第十六回,0,连续,高,false,0,1202-05-23 12:30,1202-05-23 12:30,大宋/无锡/杏子林,大宋/无锡/杏子林,3,乔峰,false,契丹血脉坐实引发杏林群丐大哗，马夫人康敏趁势自素辇中步出，当众厉声指控乔峰为掩盖身世而残害马大元。,当前已满足结束时间=下一开始时间
112,天龙第十六回07-康敏当众指控乔峰残杀马大元,天龙第十六回08-乔峰掷打狗棒辞位孤身离林,天龙,第十六回,天龙,第十六回,0,连续,高,false,0,1202-05-23 13:15,1202-05-23 13:15,大宋/无锡/杏子林,大宋/无锡/杏子林,3,乔峰,false,面对同门反目与千夫所指的死局，乔峰决意交卸丐帮重担，在众目睽睽下退位诀别。,当前已满足结束时间=下一开始时间
113,天龙第十七回01-西夏武士放毒擒获杏林群雄,天龙第十七回02-段誉避毒护王语嫣入磨坊,天龙,第十七回,天龙,第十七回,0,连续,高,false,0,1202-05-24 18:36,1202-05-24 18:36,大宋/无锡/杏子林,大宋/无锡/杏子林,3,王语嫣|岳老三|云中鹤,false,杏林群雄悉数遭擒押往天宁寺，身具避毒异能的段誉仓皇背负瘫软的王语嫣逃离险境，奔向荒野磨坊暂避追兵。,当前已满足结束时间=下一开始时间
114,天龙第十七回02-段誉避毒护王语嫣入磨坊,天龙第十七回03-磨坊激战乔峰暗助脱险,天龙,第十七回,天龙,第十七回,0,连续,高,false,0,1202-05-25 05:12,1202-05-25 05:12,大宋/无锡/杏子林,大宋/无锡/农家磨坊,2,段誉|王语嫣,false,段誉背负王语嫣避入荒郊磨坊暂时歇息，然而西夏追兵与恶人并未放弃搜捕，荒村磨坊外危机暗伏。,当前已满足结束时间=下一开始时间
115,天龙第十七回03-磨坊激战乔峰暗助脱险,天龙第十七回04-乔峰归家惊见养父母惨死,天龙,第十七回,天龙,第十七回,0,连续,高,false,0,1202-05-25 15:48,1202-05-25 15:48,大宋/无锡/农家磨坊,大宋/少室山/乔家农舍,1,,false,乔峰暗中出手替段誉解围后悄然离去，心系契丹身世之谜，决意动身奔赴河南登封少室山下，向养父母探询当年雁门关旧事的真相。,当前已满足结束时间=下一开始时间
116,天龙第十七回04-乔峰归家惊见养父母惨死,天龙第十七回05-巡山僧误认凶手乔峰奔少林,天龙,第十七回,天龙,第十七回,0,连续,高,false,0,1202-05-26 02:24,1202-05-26 02:24,大宋/少室山/乔家农舍,大宋/少室山/乔家农舍,3,乔峰,false,乔峰悲愤交加欲掩埋双亲遗体，忽闻舍外脚步杂沓，少林巡山僧人循声而至推门探看。,当前已满足结束时间=下一开始时间
117,天龙第十七回05-巡山僧误认凶手乔峰奔少林,天龙第十七回06-禅房探师惊见玄苦合十圆寂,天龙,第十七回,天龙,第十七回,0,连续,高,false,0,1202-05-26 13:00,1202-05-26 13:00,大宋/少室山/乔家农舍,大宋/少室山/少林寺/玄苦禅房,2,乔峰,false,乔峰摆脱巡山僧围攻后直奔少林寺，唯恐恩师遭暗算，急欲赶往玄苦禅房探视求证。,当前已满足结束时间=下一开始时间
118,天龙第十七回06-禅房探师惊见玄苦合十圆寂,天龙第十七回07-少林众僧结罗汉大阵围攻,天龙,第十七回,天龙,第十七回,0,连续,高,false,0,1202-05-26 23:36,1202-05-26 23:36,大宋/少室山/少林寺/玄苦禅房,大宋/少室山/少林寺/禅房小院,3,乔峰,false,随侍小僧的凄厉呼叫撕破古刹清宁，戒律院与达摩院众僧手持禅杖飞驰合围禅房。,当前已满足结束时间=下一开始时间
119,天龙第十七回07-少林众僧结罗汉大阵围攻,天龙第十七回08-乔峰含悲突围潜入菩提院,天龙,第十七回,天龙,第十七回,0,连续,高,false,0,1202-05-27 10:12,1202-05-27 10:12,大宋/少室山/少林寺/禅房小院,大宋/少室山/少林寺/禅房小院,4,乔峰|玄难,false,面对罗汉大阵的狂暴合围与百口莫辩的滔天冤屈，乔峰硬抗数记重招后急欲脱身探明真相，奋力撕开大阵缺口向寺内深处遁去。,当前已满足结束时间=下一开始时间
120,天龙第十七回08-乔峰含悲突围潜入菩提院,天龙第十七回09-菩提院镜后偶遇重伤阿朱,天龙,第十七回,天龙,第十七回,0,连续,高,false,0,1202-05-27 20:48,1202-05-27 20:48,大宋/少室山/少林寺/禅房小院,大宋/少室山/少林寺/菩提院,3,乔峰,false,乔峰避过僧众搜捕潜入寂静幽暗的菩提院佛殿深处，隐伏于佛像与梁柱阴影中探查动静。,当前已满足结束时间=下一开始时间
121,天龙第十七回09-菩提院镜后偶遇重伤阿朱,天龙第十七回10-乔峰抱阿朱闯少林求医续命,天龙,第十七回,天龙,第十七回,0,连续,高,false,0,1202-05-28 07:24,1202-05-28 07:24,大宋/少室山/少林寺/菩提院,大宋/少室山/少林寺/菩提院,4,乔峰|阿朱,false,阿朱五脏俱损、周身经脉尽断，仅凭乔峰深厚内力勉强吊命，乔峰决意抱她再闯少林群僧之中求医。,当前已满足结束时间=下一开始时间
122,天龙第十八回01-乔峰输力护朱寻访神医,天龙第十八回02-群豪聚庄誓师合诛乔峰,天龙,第十八回,天龙,第十八回,0,连续,高,false,0,1202-06-02 17:06,1202-06-02 17:06,大宋/少室山/山脚客栈,大宋/河南府/聚贤庄/前厅,1,,false,乔峰打探得知薛慕华现身聚贤庄，遂毅然带上阿朱备车赶赴洛阳，而各路江湖豪杰亦在聚贤庄布下誓师大会。,当前已满足结束时间=下一开始时间
123,天龙第十八回02-群豪聚庄誓师合诛乔峰,天龙第十八回03-乔峰驱车直闯聚贤庄院,天龙,第十八回,天龙,第十八回,0,连续,高,false,0,1202-06-03 02:13,1202-06-03 02:13,大宋/河南府/聚贤庄/前厅,大宋/河南府/聚贤庄/前厅,4,,false,群雄在大厅誓师未毕，忽闻庄丁飞报恶贼乔峰已单车直抵庄外，众豪杰闻讯悚然震动，纷纷拔刃戒备。,当前已满足结束时间=下一开始时间
124,天龙第十八回03-乔峰驱车直闯聚贤庄院,天龙第十八回04-乔峰托付阿朱换取医治,天龙,第十八回,天龙,第十八回,0,连续,高,false,0,1202-06-03 11:20,1202-06-03 11:20,大宋/河南府/聚贤庄/前厅,大宋/河南府/聚贤庄/前厅,4,乔峰|阿朱,false,面对群雄刀剑相向的滔天杀意，乔峰泰然自若立于大厅中央，准备向薛神医提出诊治阿朱之请。,当前已满足结束时间=下一开始时间
125,天龙第十八回04-乔峰托付阿朱换取医治,天龙第十八回05-乔峰对饮群雄断绝旧义,天龙,第十八回,天龙,第十八回,0,连续,高,false,0,1202-06-03 20:26,1202-06-03 20:26,大宋/河南府/聚贤庄/前厅,大宋/河南府/聚贤庄/前厅,4,乔峰,false,薛神医应允救治阿朱并将其妥善移护，乔峰卸下千钧重负，回身直面满厅群豪，命人取来烈酒欲与往昔旧友痛饮诀别。,当前已满足结束时间=下一开始时间
126,天龙第十八回05-乔峰对饮群雄断绝旧义,天龙第十八回06-群豪围攻乔峰发掌迎敌,天龙,第十八回,天龙,第十八回,0,连续,高,false,0,1202-06-04 05:33,1202-06-04 05:33,大宋/河南府/聚贤庄/前厅,大宋/河南府/聚贤庄/前厅,4,乔峰,false,绝交酒尽海碗碎裂，场中群雄同仇敌忾拔刀合围，乔峰提气当先发掌迎敌。,当前已满足结束时间=下一开始时间
127,天龙第十八回06-群豪围攻乔峰发掌迎敌,天龙第十八回07-乔峰碎盾击退多方强敌,天龙,第十八回,天龙,第十八回,0,连续,高,false,0,1202-06-04 14:40,1202-06-04 14:40,大宋/河南府/聚贤庄/前厅,大宋/河南府/聚贤庄/前厅,4,乔峰,false,乔峰掌力震慑全场，聚贤庄游氏双雄见状持百炼圆盾亲自压阵合围，恶战愈发惨烈。,当前已满足结束时间=下一开始时间
128,天龙第十八回07-乔峰碎盾击退多方强敌,天龙第十八回08-乔峰伤重力竭陷入重围,天龙,第十八回,天龙,第十八回,0,连续,高,false,0,1202-06-04 23:46,1202-06-04 23:46,大宋/河南府/聚贤庄/前厅,大宋/河南府/聚贤庄/前厅,4,乔峰,false,游氏双雄横刃自尽令庄内群豪彻底陷入疯狂与仇恨，激战良久的乔峰气力渐衰。,当前已满足结束时间=下一开始时间
129,天龙第十八回08-乔峰伤重力竭陷入重围,天龙第十八回09-蒙面高手破顶救走乔峰,天龙,第十八回,天龙,第十八回,0,连续,高,false,0,1202-06-05 08:53,1202-06-05 08:53,大宋/河南府/聚贤庄/前厅,大宋/河南府/聚贤庄/前厅,4,乔峰,false,重伤力竭的乔峰被群豪彻底围死在大厅中央，十死无生之际忽闻殿顶瓦片传来暴烈破空之声。,当前已满足结束时间=下一开始时间
130,天龙第十九回01-蒙面人密洞施救留药离去,天龙第十九回02-乔峰运功调息数日伤势痊愈,天龙,第十九回,天龙,第十九回,0,连续,高,false,0,1202-06-11 23:08,1202-06-11 23:08,大宋/河南府/邙山密洞,大宋/河南府/邙山密洞,3,乔峰,false,乔峰体内淤血虽散但重创未愈，卧于石穴中悠悠转醒，见身旁留有疗伤金药，遂强摄心神运转内息调治创伤。,当前已满足结束时间=下一开始时间
131,天龙第十九回02-乔峰运功调息数日伤势痊愈,天龙第十九回03-乔峰探庄得知阿朱伤愈离去,天龙,第十九回,天龙,第十九回,0,连续,高,false,0,1202-06-17 14:17,1202-06-17 14:17,大宋/河南府/邙山密洞,大宋/河南府/聚贤庄/庄外,2,乔峰,false,乔峰伤势痊愈重拾绝顶战力，决意潜回聚贤庄探查阿朱安危与后续风波。,当前已满足结束时间=下一开始时间
132,天龙第十九回03-乔峰探庄得知阿朱伤愈离去,天龙第十九回04-乔峰决意北上赶赴雁门关绝壁,天龙,第十九回,天龙,第十九回,0,连续,高,false,0,1202-06-23 05:25,1202-06-23 05:25,大宋/河南府/聚贤庄/庄外,大宋/雁门关/关外绝壁,1,乔峰,false,得知阿朱安然脱险后，乔峰再无后顾之忧，当即动身北上赶赴雁门关查探当年父母惨案之石壁绝迹。,当前已满足结束时间=下一开始时间
133,天龙第十九回04-乔峰决意北上赶赴雁门关绝壁,天龙第十九回05-乔峰寻获绝壁惊见血书被削平,天龙,第十九回,天龙,第十九回,0,连续,高,false,0,1202-06-28 20:34,1202-06-28 20:34,大宋/雁门关/关外绝壁,大宋/雁门关/关外绝壁,3,乔峰,false,乔峰按捺住翻涌心绪，在乱石荒草间凝神搜寻，循着三十年前血战痕迹快步走向那面刻有遗言的险峻绝壁。,当前已满足结束时间=下一开始时间
134,天龙第十九回05-乔峰寻获绝壁惊见血书被削平,天龙第十九回06-阿朱现身绝壁飞扑相拥诉深情,天龙,第十九回,天龙,第十九回,0,连续,高,false,0,1202-07-04 11:42,1202-07-04 11:42,大宋/雁门关/关外绝壁,大宋/雁门关/关外绝壁,3,乔峰,false,乔峰在绝壁前悲怆长啸、心神激荡之际，忽闻崖下草木微动，察觉有人正藏匿暗处窥探。,当前已满足结束时间=下一开始时间
135,天龙第十九回06-阿朱现身绝壁飞扑相拥诉深情,天龙第十九回07-乔峰阿朱定盟携手追查真凶,天龙,第十九回,天龙,第十九回,0,连续,高,false,0,1202-07-10 02:51,1202-07-10 02:51,大宋/雁门关/关外绝壁,大宋/雁门关/关外绝壁,3,乔峰|阿朱,false,绝壁前定盟相守后，乔峰与阿朱收拾悲郁心绪，决定并肩南下追查当年雁门关惨案带头大哥与杀母真凶。,当前已满足结束时间=下一开始时间
136,天龙第二十回01-智光服毒毁信断绝线索,天龙第二十回02-太行寻隐遇灭口遭栽赃,天龙,第二十回,天龙,第二十回,0,连续,高,false,0,1202-07-22 12:51,1202-07-22 12:51,大宋/卫辉府/卫辉禅院/禅房,大宋/太行山/幽谷隐舍,1,乔峰|阿朱,false,智光圆寂毁信断绝线索，乔峰与阿朱只得转赴太行山寻访当年的另一位知情隐士。,当前已满足结束时间=下一开始时间
137,天龙第二十回02-太行寻隐遇灭口遭栽赃,天龙第二十回03-阿朱扮白世镜夜入马宅,天龙,第二十回,天龙,第二十回,0,连续,高,false,0,1202-07-24 17:42,1202-07-24 17:42,大宋/太行山/幽谷隐舍,大宋/信阳府/城外马宅/内室,1,阿朱,false,知情人相继惨死导致线索全断，乔峰决意转往信阳向马夫人探询带头大哥真相，阿朱遂拟定易容计策协同潜入。,当前已满足结束时间=下一开始时间
138,天龙第二十回03-阿朱扮白世镜夜入马宅,天龙第二十回04-康敏心怀私怨构陷正淳,天龙,第二十回,天龙,第二十回,0,连续,高,false,0,1202-07-26 22:34,1202-07-26 22:34,大宋/信阳府/城外马宅/内室,大宋/信阳府/城外马宅/内室,4,阿朱|康敏,false,假扮白世镜的阿朱在内室步步紧逼套问旧事，斜倚软榻的康敏眼波流转，准备吐露当年雁门关密信与带头大哥的惊天隐秘。,当前已满足结束时间=下一开始时间
139,天龙第二十回04-康敏心怀私怨构陷正淳,天龙第二十回05-乔峰获知凶信誓赴复仇,天龙,第二十回,天龙,第二十回,0,连续,高,false,0,1202-07-29 03:25,1202-07-29 03:25,大宋/信阳府/城外马宅/内室,大宋/信阳府/郊外破庙,2,阿朱,false,阿朱自马宅套问出带头大哥身份后脱身返回，急于将段正淳涉案的惊人密信告知暗处接应的乔峰。,当前已满足结束时间=下一开始时间
140,天龙第二十回05-乔峰获知凶信誓赴复仇,天龙第二十回06-阿朱辨识金锁惊明身世,天龙,第二十回,天龙,第二十回,0,连续,高,false,0,1202-08-01 08:17,1202-08-01 08:17,大宋/信阳府/郊外破庙,大宋/信阳府/迎宾客栈/内室,2,阿朱,false,乔峰既誓赴小镜湖向段正淳清算血仇，阿朱紧随其后备马递刃，二人遂兼程南下赶赴小镜湖。,当前已满足结束时间=下一开始时间
141,天龙第二十回06-阿朱辨识金锁惊明身世,天龙第二十回07-阿朱抉择舍身换取两全,天龙,第二十回,天龙,第二十回,0,连续,高,false,0,1202-08-03 13:08,1202-08-03 13:08,大宋/信阳府/迎宾客栈/内室,大宋/信阳府/小镜湖/青石桥,2,阿朱,false,身世真相与杀父血誓如利刃横亘心头，阿朱强忍悲痛收起金锁，暗自思量如何在乔峰复仇前设法保全生父与挚爱。,当前已满足结束时间=下一开始时间
142,天龙第二十一回01-阿紫携神木王鼎匿居小镜湖,天龙第二十一回02-乔峰湖畔欲复仇阿朱苦劝,天龙,第二十一回,天龙,第二十一回,0,连续,高,false,0,1202-08-11 00:15,1202-08-11 00:15,大宋/信阳府/小镜湖/竹舍,大宋/信阳府/小镜湖/竹林,3,,false,乔峰与阿朱循恶贯满盈之线索追踪至小镜湖畔，欲向段正淳当面清算旧仇血债。,当前已满足结束时间=下一开始时间
143,天龙第二十一回02-乔峰湖畔欲复仇阿朱苦劝,天龙第二十一回03-二大恶人突袭围攻段正淳,天龙,第二十一回,天龙,第二十一回,0,连续,高,false,0,1202-08-11 16:30,1202-08-11 16:30,大宋/信阳府/小镜湖/竹林,大宋/信阳府/小镜湖/竹舍,3,,false,二人隐蔽于竹林暗处正待探查，忽闻湖畔破空锐响与恶声逼近，四大恶人已率众掩杀至竹舍门前。,当前已满足结束时间=下一开始时间
144,天龙第二十一回03-二大恶人突袭围攻段正淳,天龙第二十一回04-乔峰施降龙掌震退段延庆,天龙,第二十一回,天龙,第二十一回,0,连续,高,false,0,1202-08-12 08:45,1202-08-12 08:45,大宋/信阳府/小镜湖/竹舍,大宋/信阳府/小镜湖/竹舍,4,段正淳|阿紫,false,阿紫惊呼遇险而段正淳命悬一线，隐匿在竹林暗处的乔峰目睹危局，决意立时出手干预。,当前已满足结束时间=下一开始时间
145,天龙第二十一回04-乔峰施降龙掌震退段延庆,天龙第二十一回05-乔峰竹舍试探引段正淳误认,天龙,第二十一回,天龙,第二十一回,0,连续,高,false,0,1202-08-13 01:00,1202-08-13 01:00,大宋/信阳府/小镜湖/竹舍,大宋/信阳府/小镜湖/竹舍,4,乔峰|段正淳,false,乔峰出手化解小镜湖之围后立于舍前，欲就带头大哥之谜向段正淳当面求证。,当前已满足结束时间=下一开始时间
146,天龙第二十一回05-乔峰竹舍试探引段正淳误认,天龙第二十一回06-乔峰与段正淳定青石桥死战,天龙,第二十一回,天龙,第二十一回,0,连续,高,false,0,1202-08-13 17:15,1202-08-13 17:15,大宋/信阳府/小镜湖/竹舍,大宋/信阳府/小镜湖/竹舍,4,段正淳|乔峰,false,乔峰认定义父生母大仇已有着落，决意与段正淳约定今夜三更在青石桥作生死决斗。,当前已满足结束时间=下一开始时间
147,天龙第二十一回06-乔峰与段正淳定青石桥死战,天龙第二十一回07-阿朱深陷两难易容化作父貌,天龙,第二十一回,天龙,第二十一回,0,连续,高,false,0,1202-08-14 09:30,1202-08-14 09:30,大宋/信阳府/小镜湖/竹舍,大宋/信阳府/小镜湖/湖畔农舍,3,,false,青石桥三更死斗之约已定，闻讯的阿朱深陷至亲与至爱的绝伦两难之中。,当前已满足结束时间=下一开始时间
148,天龙第二十一回07-阿朱深陷两难易容化作父貌,天龙第二十一回08-阿朱冒暴雨赴青石桥从容就死,天龙,第二十一回,天龙,第二十一回,0,连续,高,false,0,1202-08-15 01:45,1202-08-15 01:45,大宋/信阳府/小镜湖/湖畔农舍,大宋/信阳府/小镜湖/湖畔农舍,4,阿朱,false,阿朱易容妥当后夜色渐深雷雨大作，她暗自下定死志，悄然步出农舍冒雨前往青石桥赴约。,当前已满足结束时间=下一开始时间
149,天龙第二十二回01-乔峰青石桥风雨候仇人,天龙第二十二回02-乔峰降龙掌力重创强敌,天龙,第二十二回,天龙,第二十二回,0,连续,高,false,0,1202-08-16 10:45,1202-08-16 10:45,大宋/信阳府/小镜湖/青石桥,大宋/信阳府/小镜湖/青石桥,4,乔峰,false,乔峰见大仇人如约踏上青石桥，满腔杀意与怒火再难克制，提聚毕生刚猛掌力迎面轰向来人。,当前已满足结束时间=下一开始时间
150,天龙第二十二回02-乔峰降龙掌力重创强敌,天龙第二十二回03-验看尸身惊见挚爱阿朱,天龙,第二十二回,天龙,第二十二回,0,连续,高,false,0,1202-08-17 01:30,1202-08-17 01:30,大宋/信阳府/小镜湖/青石桥,大宋/信阳府/小镜湖/青石桥,4,乔峰|阿朱,false,对手中掌倒地呕血濒危，乔峰大仇得报之余察觉受掌之人身形异样，急步上前欲验看其真容面目。,当前已满足结束时间=下一开始时间
151,天龙第二十二回03-验看尸身惊见挚爱阿朱,天龙第二十二回04-阿朱吐露身世含笑殒命,天龙,第二十二回,天龙,第二十二回,0,连续,高,false,0,1202-08-17 16:15,1202-08-17 16:15,大宋/信阳府/小镜湖/青石桥,大宋/信阳府/小镜湖/青石桥,4,乔峰|阿朱,false,乔峰怀抱气若游丝的阿朱绝望痛哭，濒死的阿朱在暴雨中艰难睁眼欲道出身世真相。,当前已满足结束时间=下一开始时间
152,天龙第二十二回04-阿朱吐露身世含笑殒命,天龙第二十二回05-暴雨长嚎青石桥边哭灵,天龙,第二十二回,天龙,第二十二回,0,连续,高,false,0,1202-08-18 07:00,1202-08-18 07:00,大宋/信阳府/小镜湖/青石桥,大宋/信阳府/小镜湖/青石桥,4,乔峰,false,阿朱在怀中香消玉殒，乔峰心碎欲绝瘫跪在桥头暴雨中，凄厉悲嚎震彻夜空。,当前已满足结束时间=下一开始时间
153,天龙第二十二回05-暴雨长嚎青石桥边哭灵,天龙第二十二回06-乔峰湖畔徒手掘坑立冢,天龙,第二十二回,天龙,第二十二回,0,连续,高,false,0,1202-08-18 21:45,1202-08-18 21:45,大宋/信阳府/小镜湖/青石桥,大宋/信阳府/小镜湖/湖畔,3,乔峰,false,天色破晓暴雨初歇，乔峰强忍撕心裂肺之痛抱起阿朱遗体行至湖畔，决意在此亲手为挚爱掘地筑冢。,当前已满足结束时间=下一开始时间
154,天龙第二十二回06-乔峰湖畔徒手掘坑立冢,天龙第二十二回07-阮星竹赶至乔峰承照阿紫,天龙,第二十二回,天龙,第二十二回,0,连续,高,false,0,1202-08-19 12:30,1202-08-19 12:30,大宋/信阳府/小镜湖/湖畔,大宋/信阳府/小镜湖/湖畔,4,乔峰,false,乔峰刚为阿朱立罢石碑，犹自沉浸在万念俱灰的哀恸中，忽闻小镜湖畔有脚步声由远及近急促赶来。,当前已满足结束时间=下一开始时间
155,天龙第二十二回07-阮星竹赶至乔峰承照阿紫,天龙第二十二回08-乔峰携阿紫北上寻仇康敏,天龙,第二十二回,天龙,第二十二回,0,连续,高,false,0,1202-08-20 03:15,1202-08-20 03:15,大宋/信阳府/小镜湖/湖畔,大宋/信阳府/小镜湖/湖畔,4,乔峰|阿紫,false,安葬阿朱并许下抚孤重诺后，乔峰决意携阿紫动身北上，前往信阳追查康敏以探雁门关旧案真凶。,当前已满足结束时间=下一开始时间
156,天龙第二十三回01-潜伏马宅屋顶窥探幽会,天龙第二十三回02-窃听获悉合谋害命毒计,天龙,第二十三回,天龙,第二十三回,0,连续,高,false,0,1202-08-28 17:06,1202-08-28 17:06,大宋/河南府/马宅,大宋/河南府/马宅,3,乔峰|康敏|白世镜,false,伏于屋脊的乔峰与阿紫按兵不动，屋内二人言辞愈发狠戾，继续吐露谋害马大元与合谋毒计的内情细节。,当前已满足结束时间=下一开始时间
157,天龙第二十三回02-窃听获悉合谋害命毒计,天龙第二十三回03-全冠清潜入与白世镜相斗,天龙,第二十三回,天龙,第二十三回,0,连续,高,false,0,1202-09-02 02:13,1202-09-02 02:13,大宋/河南府/马宅,大宋/河南府/马宅,3,白世镜|康敏,false,乔峰在屋顶强按撕心裂肺之痛与滔天杀意，忽闻院外破空微响，全冠清借着夜色潜入内室。,当前已满足结束时间=下一开始时间
158,天龙第二十三回03-全冠清潜入与白世镜相斗,天龙第二十三回04-神秘黑衣人掌毙白世镜,天龙,第二十三回,天龙,第二十三回,0,连续,高,false,0,1202-09-05 11:20,1202-09-05 11:20,大宋/河南府/马宅,大宋/河南府/马宅,3,白世镜|全冠清|康敏,false,室内桌椅倾覆、残烛摇曳，白世镜负创与全冠清仍在搏命恶斗，殊不知窗外浓稠夜色中已有神秘杀机悄然临近。,当前已满足结束时间=下一开始时间
159,天龙第二十三回04-神秘黑衣人掌毙白世镜,天龙第二十三回05-乔峰破窗逼问带头大哥,天龙,第二十三回,天龙,第二十三回,0,连续,高,false,0,1202-09-08 20:26,1202-09-08 20:26,大宋/河南府/马宅,大宋/河南府/马宅,3,康敏,false,神秘黑衣人去后，内室仅存受惊的康敏与白世镜尸身，潜伏在外的乔峰随即破窗而入追查带头大哥线索。,当前已满足结束时间=下一开始时间
160,天龙第二十三回05-乔峰破窗逼问带头大哥,天龙第二十三回06-阿紫施蚁刑以铜镜逼供,天龙,第二十三回,天龙,第二十三回,0,连续,高,false,0,1202-09-12 05:33,1202-09-12 05:33,大宋/河南府/马宅,大宋/河南府/马宅/内室,3,乔峰|康敏,false,乔峰面对康敏宁死不屈的死局束手无策，同行赶至马宅的阿紫眼见审讯受阻，暗运星宿派毒辣手段准备插手施刑逼供。,当前已满足结束时间=下一开始时间
161,天龙第二十三回06-阿紫施蚁刑以铜镜逼供,天龙第二十三回07-康敏照镜见毁容惊骇暴毙,天龙,第二十三回,天龙,第二十三回,0,连续,高,false,0,1202-09-15 14:40,1202-09-15 14:40,大宋/河南府/马宅/内室,大宋/河南府/马宅/内室,4,康敏|阿紫,false,康敏被迫睁眼直视铜镜中血肉模糊的狰狞鬼相，平生最自负的容颜彻底尽毁，心神遭遇毁灭性重创。,当前已满足结束时间=下一开始时间
162,天龙第二十三回07-康敏照镜见毁容惊骇暴毙,天龙第二十三回08-抚遗物悲忆塞上牛羊之约,天龙,第二十三回,天龙,第二十三回,0,连续,高,false,0,1202-09-18 23:46,1202-09-18 23:46,大宋/河南府/马宅/内室,大宋/河南府/马宅/内室,4,,false,恶妇气绝身亡致使带头大哥线索尽断，内室死寂中唯余故人旧物，引动满腔悲思与未竟之约。,当前已满足结束时间=下一开始时间
163,天龙第二十三回08-抚遗物悲忆塞上牛羊之约,天龙第二十三回09-乔峰携阿紫启程北上求医,天龙,第二十三回,天龙,第二十三回,0,连续,高,false,0,1202-09-22 08:53,1202-09-22 08:53,大宋/河南府/马宅/内室,大宋/河南府/马宅/内室,4,乔峰,false,追查带头大哥线索既断且大仇得报，乔峰强敛悲恸，准备带上重伤的阿紫离开洛阳启程北上求医。,当前已满足结束时间=下一开始时间
164,天龙第二十四回01-乔峰携瘫痪阿紫入长白山结庐,天龙第二十四回02-乔峰运功救治阿紫恪守旧盟,天龙,第二十四回,天龙,第二十四回,0,连续,高,false,0,1202-11-11 00:15,1202-11-11 00:15,金国/长白山/深山草庐,金国/长白山/深山草庐,3,乔峰|阿紫,false,草庐虽成且阿紫脱离垂危险境，然其周身瘫痪仍需乔峰日复一日大耗真气推宫过血。,当前已满足结束时间=下一开始时间
165,天龙第二十四回02-乔峰运功救治阿紫恪守旧盟,天龙第二十四回03-乔峰深山毙猛虎解救女真猎人,天龙,第二十四回,天龙,第二十四回,0,连续,高,false,0,1202-12-16 16:30,1202-12-16 16:30,金国/长白山/深山草庐,金国/长白山/雪岭密林,2,乔峰,false,乔峰为续采老参踏入莽莽雪海，忽闻前方林深处传来凶暴虎啸与猎人呼救之声。,当前已满足结束时间=下一开始时间
166,天龙第二十四回03-乔峰深山毙猛虎解救女真猎人,天龙第二十四回04-完颜阿骨打盛宴结拜乔峰,天龙,第二十四回,天龙,第二十四回,0,连续,高,false,0,1203-01-22 08:45,1203-01-22 08:45,金国/长白山/雪岭密林,金国/长白山/女真营地,2,乔峰,false,乔峰赤手空拳瞬毙双虎力挽狂澜，残存女真猎人敬其若天神，千恩万谢下恭请救命恩人移步部族营寨相见。,当前已满足结束时间=下一开始时间
167,天龙第二十四回04-完颜阿骨打盛宴结拜乔峰,天龙第二十四回05-乔峰营中传授阵法阿紫痊愈,天龙,第二十四回,天龙,第二十四回,0,连续,高,false,0,1203-02-28 01:00,1203-02-28 01:00,金国/长白山/女真营地,金国/长白山/女真营地,3,乔峰,false,结义后乔峰留在营中全力调养阿紫伤势，见女真族人狩猎阵型散乱，心生点拨传授之意。,当前已满足结束时间=下一开始时间
168,天龙第二十四回05-乔峰营中传授阵法阿紫痊愈,天龙第二十四回06-大辽铁骑突袭营地围困女真,天龙,第二十四回,天龙,第二十四回,0,连续,高,false,0,1203-04-03 17:15,1203-04-03 17:15,金国/长白山/女真营地,金国/长白山/女真营地,3,,false,阿紫顽疾彻底痊愈，营地暂归安宁；数日后雪林深处忽闻激越号角，大批大辽铁骑突施围猎奔袭而来。,当前已满足结束时间=下一开始时间
169,天龙第二十四回06-大辽铁骑突袭营地围困女真,天龙第二十四回07-乔峰单骑陷阵生擒契丹主帅,天龙,第二十四回,天龙,第二十四回,0,连续,高,false,0,1203-05-09 09:30,1203-05-09 09:30,金国/长白山/女真营地,金国/长白山/女真营地,3,,false,辽军铁骑将阿骨打及数十名负伤猎人死死合围在营地绝角，女真部族危在旦夕。,当前已满足结束时间=下一开始时间
170,天龙第二十四回07-乔峰单骑陷阵生擒契丹主帅,天龙第二十四回08-部落大捷乔峰重拾英雄豪情,天龙,第二十四回,天龙,第二十四回,0,连续,高,false,0,1203-06-15 01:45,1203-06-15 01:45,金国/长白山/女真营地,金国/长白山/女真营地,3,乔峰,false,契丹铁骑尽数弃械受降，劫后余生的女真猎人欢呼雷动，簇拥着生擒敌帅的乔峰返回营寨筹备庆功。,当前已满足结束时间=下一开始时间
171,天龙第二十五回01-乔峰辞别女真携妹入辽,天龙第二十五回02-叛军突袭伏击围困辽帝,天龙,第二十五回,天龙,第二十五回,0,连续,高,false,0,1203-08-08 09:25,1203-08-08 09:25,辽国/北境/莽苍林海/雪原猎场,辽国/北境/莽苍林海/雪原猎场,4,耶律洪基,false,大辽禁卫围猎正酣之际，雪原林莽深处突现大队伏兵发动惊天刺杀，直扑金顶猎车围困辽帝。,当前已满足结束时间=下一开始时间
172,天龙第二十五回02-叛军突袭伏击围困辽帝,天龙第二十五回03-乔峰施降龙掌破围救主,天龙,第二十五回,天龙,第二十五回,0,连续,高,false,0,1203-08-15 10:51,1203-08-15 10:51,辽国/北境/莽苍林海/雪原猎场,辽国/北境/莽苍林海/雪原猎场,4,耶律洪基,false,辽帝身负剧毒重伤陷于死士合围待毙，雪林外围突有雄浑掌力破空杀至。,当前已满足结束时间=下一开始时间
173,天龙第二十五回03-乔峰施降龙掌破围救主,天龙第二十五回04-乔峰夺矛击毙逆将涅鲁古,天龙,第二十五回,天龙,第二十五回,0,连续,高,false,0,1203-08-22 12:17,1203-08-22 12:17,辽国/北境/莽苍林海/雪原猎场,辽国/北境/莽苍林海/雪原猎场,4,乔峰,false,乔峰掌力击溃死士合围将耶律洪基护在身后，叛军中军大乱之际，逆将耶律涅鲁古挺长矛策马凶狠刺来。,当前已满足结束时间=下一开始时间
174,天龙第二十五回04-乔峰夺矛击毙逆将涅鲁古,天龙第二十五回05-乔峰拔毒疗伤与辽帝结义,天龙,第二十五回,天龙,第二十五回,0,连续,高,false,0,1203-08-29 13:42,1203-08-29 13:42,辽国/北境/莽苍林海/雪原猎场,辽国/北境/莽苍林海/隐蔽雪谷,3,乔峰,false,叛军残部溃散入林，乔峰回首察看重伤坠地的耶律洪基，见其创口毒气扩散，当即近前施救。,当前已满足结束时间=下一开始时间
175,天龙第二十五回05-乔峰拔毒疗伤与辽帝结义,天龙第二十五回06-乔峰助帝平定重元叛乱,天龙,第二十五回,天龙,第二十五回,0,连续,高,false,0,1203-09-06 15:08,1203-09-06 15:08,辽国/北境/莽苍林海/隐蔽雪谷,辽国/北境/莽苍林海/叛军大营,3,乔峰|耶律洪基,false,二人结拜为金兰且辽帝伤势渐稳，耶律洪基决意倚仗义弟神勇，整饬残部调集勤王铁骑，誓师反击耶律重元叛逆大军。,当前已满足结束时间=下一开始时间
176,天龙第二十五回06-乔峰助帝平定重元叛乱,天龙第二十五回07-辽帝开府册封南院大王,天龙,第二十五回,天龙,第二十五回,0,连续,高,false,0,1203-09-13 16:34,1203-09-13 16:34,辽国/北境/莽苍林海/叛军大营,辽国/南京/大辽皇宫/大殿,1,乔峰|耶律洪基,false,平叛大捷后内患彻底扫除，辽帝统率三军班师设宴，开府论功行赏之局随即在大营中铺开。,当前已满足结束时间=下一开始时间
177,天龙第二十六回01-乔峰辞别辽南策马南下雁门关,天龙第二十六回02-乔峰抚摩绝壁旧痕悲从中来,天龙,第二十六回,天龙,第二十六回,0,连续,高,false,0,1203-10-10 15:15,1203-10-10 15:15,辽国/南京/南院大王府,大宋/雁门关/关外绝壁/绝壁之下,0,乔峰,false,乔峰勒马驻足于雁门关荒凉绝壁前，仰望崖壁上当年惨烈激战留下的斑驳旧痕，满怀悲怆翻身下马缓步上前凭吊。,当前已满足结束时间=下一开始时间
178,天龙第二十六回02-乔峰抚摩绝壁旧痕悲从中来,天龙第二十六回03-乔峰隐伏山石目睹辽兵屠戮,天龙,第二十六回,天龙,第二十六回,0,连续,高,false,0,1203-10-19 22:30,1203-10-19 22:30,大宋/雁门关/关外绝壁/绝壁之下,大宋/雁门关/乱石荒岗/隐蔽山石,2,乔峰,false,乔峰在绝壁下缅怀旧事方毕，忽闻关外马蹄杂沓、隐隐传来兵戈杀戮之声，遂敛息隐伏于山石后探查动静。,当前已满足结束时间=下一开始时间
179,天龙第二十六回03-乔峰隐伏山石目睹辽兵屠戮,天龙第二十六回04-乔峰怒纵飞身施展神功冲阵,天龙,第二十六回,天龙,第二十六回,0,连续,高,false,0,1203-10-29 05:45,1203-10-29 05:45,大宋/雁门关/乱石荒岗/隐蔽山石,大宋/雁门关/乱石荒岗/古道,3,乔峰,false,见契丹铁骑肆意屠戮宋人难民，乔峰目眦欲裂，决意纵身杀入重围解救同胞。,当前已满足结束时间=下一开始时间
180,天龙第二十六回04-乔峰怒纵飞身施展神功冲阵,天龙第二十六回05-乔峰厉喝退敌救下垂危宋民,天龙,第二十六回,天龙,第二十六回,0,连续,高,false,0,1203-11-08 13:00,1203-11-08 13:00,大宋/雁门关/乱石荒岗/古道,大宋/雁门关/乱石荒岗/古道,4,乔峰,false,敌骑溃乱退缩之际，乔峰立于狼藉战阵之中，目光凝注于倒卧血泊里濒危垂死的宋民。,当前已满足结束时间=下一开始时间
181,天龙第二十六回05-乔峰厉喝退敌救下垂危宋民,天龙第二十六回06-获救宋民跪叩高呼汉家英雄,天龙,第二十六回,天龙,第二十六回,0,连续,高,false,0,1203-11-17 20:15,1203-11-17 20:15,大宋/雁门关/乱石荒岗/古道,大宋/雁门关/乱石荒岗/古道,4,乔峰,false,辽兵败退后关道杀劫终歇，劫后余生的大宋难民纷纷聚拢，满怀感泣地望向伫立在前的救命恩人。,当前已满足结束时间=下一开始时间
182,天龙第二十六回06-获救宋民跪叩高呼汉家英雄,天龙第二十六回07-乔峰闻呼汉家英雄惨笑心痛,天龙,第二十六回,天龙,第二十六回,0,连续,高,false,0,1203-11-27 03:30,1203-11-27 03:30,大宋/雁门关/乱石荒岗/古道,大宋/雁门关/乱石荒岗/古道,4,乔峰,false,面对关道上数百难民发自肺腑的感激叩拜与汉家英雄的呼声，乔峰默然伫立，神色骤变。,当前已满足结束时间=下一开始时间
183,天龙第二十六回07-乔峰闻呼汉家英雄惨笑心痛,天龙第二十六回08-乔峰收拾情怀决意重返中原,天龙,第二十六回,天龙,第二十六回,0,连续,高,false,0,1203-12-06 10:45,1203-12-06 10:45,大宋/雁门关/乱石荒岗/古道,大宋/雁门关/关外绝壁,2,乔峰,false,在难民感恩戴德的拜别声中强按心头绞痛，收敛悲凄心绪，决意重返中原追查生母当年惨死的真相。,当前已满足结束时间=下一开始时间
184,天龙第二十七回01-乔峰抵黄河渡口探听棋局消息,天龙第二十七回02-星宿老怪大张声势降临渡口,天龙,第二十七回,天龙,第二十七回,0,连续,高,false,0,1203-12-24 13:40,1203-12-24 13:40,大宋/黄河/聚龙渡口/大厅,大宋/黄河/聚龙渡口/大厅,4,,false,乔峰在客栈暗处静候渡河时机，外间风雨滔滔，渡口客栈外突生异响，似有极具声势的大队人马正迫近而来。,当前已满足结束时间=下一开始时间
185,天龙第二十七回02-星宿老怪大张声势降临渡口,天龙第二十七回03-丁春秋施化功大法残害同道,天龙,第二十七回,天龙,第二十七回,0,连续,高,false,0,1203-12-28 19:20,1203-12-28 19:20,大宋/黄河/聚龙渡口/大厅,大宋/黄河/聚龙渡口/大厅,4,丁春秋,false,丁春秋端坐客栈主位傲视全场，门徒气焰嚣张四下威逼，堂内杀机暗涌，惨烈冲突一触即发。,当前已满足结束时间=下一开始时间
186,天龙第二十七回03-丁春秋施化功大法残害同道,天龙第二十七回04-游坦之催动冰蚕真气抗毒火,天龙,第二十七回,天龙,第二十七回,0,连续,高,false,0,1204-01-03 01:00,1204-01-03 01:00,大宋/黄河/聚龙渡口/大厅,大宋/黄河/聚龙渡口/大厅,4,丁春秋|游坦之,false,丁春秋残杀数人震慑全场后，携剧毒掌力步步紧逼，退无可退的游坦之危在旦夕。,当前已满足结束时间=下一开始时间
187,天龙第二十七回04-游坦之催动冰蚕真气抗毒火,天龙第二十七回05-乔峰现身怒喝降龙十八掌退敌,天龙,第二十七回,天龙,第二十七回,0,连续,高,false,0,1204-01-07 06:40,1204-01-07 06:40,大宋/黄河/聚龙渡口/大厅,大宋/黄河/聚龙渡口/大厅,4,丁春秋,false,毒火与冰霜在大厅中央死死胶着难分胜负之际，客栈门外骤然传来威震四野的破空长啸。,当前已满足结束时间=下一开始时间
188,天龙第二十七回05-乔峰现身怒喝降龙十八掌退敌,天龙第二十七回06-丁春秋施毒烟遁走乔峰渡黄河,天龙,第二十七回,天龙,第二十七回,0,连续,高,false,0,1204-01-11 12:20,1204-01-11 12:20,大宋/黄河/聚龙渡口/大厅,大宋/黄河/聚龙渡口/大厅,4,乔峰|丁春秋,false,丁春秋遭降龙十八掌重创受挫，惊怒之下欲施毒计遁走，黄河岸边风浪未息。,当前已满足结束时间=下一开始时间
189,天龙第二十八回01-游坦之沦为孤儿痴随阿紫,天龙第二十八回02-阿紫铸热铁面具毁其容颜,天龙,第二十八回,天龙,第二十八回,0,连续,高,false,0,1204-01-26 17:40,1204-01-26 17:40,大宋/无锡/城郊荒野,大宋/无锡/城南铁匠铺,2,游坦之|阿紫,false,阿紫将唯命是从的游坦之收作奴仆带往歇宿处，见其任打任骂百依百顺，遂起狠辣恶念命人起火冶铁。,当前已满足结束时间=下一开始时间
190,天龙第二十八回02-阿紫铸热铁面具毁其容颜,天龙第二十八回03-千年冰蚕噬体游坦之濒死,天龙,第二十八回,天龙,第二十八回,0,连续,高,false,0,1204-02-03 03:20,1204-02-03 03:20,大宋/无锡/城南铁匠铺,大宋/无锡/城郊荒野,2,阿紫|游坦之,false,阿紫冷眼命人将奄奄一息的游坦之拖入房中，准备以其残躯充当肉靶试炼新得的罕世剧毒千年冰蚕。,当前已满足结束时间=下一开始时间
191,天龙第二十八回03-千年冰蚕噬体游坦之濒死,天龙第二十八回04-易筋经化极寒神功初成,天龙,第二十八回,天龙,第二十八回,0,连续,高,false,0,1204-02-09 13:00,1204-02-09 13:00,大宋/无锡/城郊荒野,大宋/无锡/城郊荒野,3,游坦之,false,游坦之气息奄奄冻僵仆地，体内狂暴无匹的冰蚕寒毒与怀中经卷隐秘图谱隐隐产生牵引激荡。,当前已满足结束时间=下一开始时间
192,天龙第二十八回04-易筋经化极寒神功初成,天龙第二十八回05-阿紫遭毒瞎铁丑背负逃亡,天龙,第二十八回,天龙,第二十八回,0,连续,高,false,0,1204-02-15 22:40,1204-02-15 22:40,大宋/无锡/城郊荒野,大宋/无锡/城郊荒野,3,游坦之,false,神功初成的游坦之起身后急切寻找阿紫，却赫然撞见阿紫身陷危难且双目惨遭毒瞎。,当前已满足结束时间=下一开始时间
193,天龙第二十八回05-阿紫遭毒瞎铁丑背负逃亡,天龙第二十八回06-全冠清设谋诱控傀儡帮主,天龙,第二十八回,天龙,第二十八回,0,连续,高,false,0,1204-02-22 08:20,1204-02-22 08:20,大宋/无锡/城郊荒野,大宋/无锡/城郊荒野,3,阿紫|游坦之,false,游坦之背负双目失明、哭闹不休的阿紫辗转逃亡，行踪渐被丐帮舵主全冠清暗中盯上。,当前已满足结束时间=下一开始时间
194,天龙第二十九回01-全冠清巧言诱铁丑为傀儡,天龙第二十九回02-君山比武夺帮主更名庄聚贤,天龙,第二十九回,天龙,第二十九回,0,连续,高,false,0,1204-03-03 18:15,1204-03-03 18:15,大宋/无锡/城郊荒野,大宋/洞庭湖/君山/轩辕台,1,全冠清|游坦之,false,全冠清诱控游坦之达成盟约后，携其与阿紫离了密林，暗中整饬人马径奔岳州君山丐帮大会以图夺权。,当前已满足结束时间=下一开始时间
195,天龙第二十九回02-君山比武夺帮主更名庄聚贤,天龙第二十九回03-全冠清发帖向少林下战书,天龙,第二十九回,天龙,第二十九回,0,连续,高,false,0,1204-03-06 04:30,1204-03-06 04:30,大宋/洞庭湖/君山/轩辕台,大宋/洞庭湖/君山/议事大厅,3,全冠清,false,全冠清成功拥立傀儡帮主庄聚贤执掌大权，趁势谋划借新帮主之名向少林寺送发挑战帖，意图吞并少林争霸武林。,当前已满足结束时间=下一开始时间
196,天龙第二十九回03-全冠清发帖向少林下战书,天龙第二十九回04-少室山群雄齐聚少林严阵,天龙,第二十九回,天龙,第二十九回,0,连续,高,false,0,1204-03-08 14:45,1204-03-08 14:45,大宋/洞庭湖/君山/议事大厅,大宋/少室山/少林寺/大雄宝殿前广场,1,,false,随着拜山战帖传遍大江南北，天下各路武林门派与豪强纷纷动身赶赴少室山，少林寺阖寺严阵以待。,当前已满足结束时间=下一开始时间
197,天龙第二十九回04-少室山群雄齐聚少林严阵,天龙第二十九回05-庄聚贤挑衅玄慈争武林盟主,天龙,第二十九回,天龙,第二十九回,0,连续,高,false,0,1204-03-11 01:00,1204-03-11 01:00,大宋/少室山/少林寺/大雄宝殿前广场,大宋/少室山/少林寺/大雄宝殿前广场,4,玄慈|玄寂,false,少林罗汉大阵结成与天下群雄剑拔弩张之际，丐帮新任帮主庄聚贤在全冠清等人簇拥下公然出列，欲与少林一争武林盟主之位。,当前已满足结束时间=下一开始时间
198,天龙第二十九回05-庄聚贤挑衅玄慈争武林盟主,天龙第二十九回06-丁春秋扣阿紫要挟庄聚贤,天龙,第二十九回,天龙,第二十九回,0,连续,高,false,0,1204-03-13 11:15,1204-03-13 11:15,大宋/少室山/少林寺/大雄宝殿前广场,大宋/少室山/少林寺/大雄宝殿前广场,4,玄慈,false,正当少林与丐帮大战一触即发之际，星宿派阵营中丁春秋突扣阿紫现身发难。,当前已满足结束时间=下一开始时间
199,天龙第二十九回06-丁春秋扣阿紫要挟庄聚贤,天龙第二十九回07-游坦之当众跪拜受群雄耻笑,天龙,第二十九回,天龙,第二十九回,0,连续,高,false,0,1204-03-15 21:30,1204-03-15 21:30,大宋/少室山/少林寺/大雄宝殿前广场,大宋/少室山/少林寺/大雄宝殿前广场,4,丁春秋|阿紫,false,阿紫命悬一线促使庄聚贤心智大乱，面对丁春秋的歹毒要挟，其狂暴真气尽溃并陷入绝望抉择。,当前已满足结束时间=下一开始时间
200,天龙第二十九回07-游坦之当众跪拜受群雄耻笑,天龙第二十九回08-萧峰率燕云精骑踏雷登山,天龙,第二十九回,天龙,第二十九回,0,连续,高,false,0,1204-03-18 07:45,1204-03-18 07:45,大宋/少室山/少林寺/大雄宝殿前广场,大宋/少室山/少林寺/大雄宝殿前广场,4,游坦之,false,少室山下隐隐传来奔雷般的滚滚马蹄声与清啸之音，引得殿前群雄纷纷骇然变色转首眺望。,当前已满足结束时间=下一开始时间
201,天龙第三十回01-萧峰率十八骑现身遭群雄围逼,天龙第三十回02-萧峰发降龙掌凌空救下阿紫,天龙,第三十回,天龙,第三十回,0,连续,高,false,0,1204-03-21 18:52,1204-03-21 18:52,大宋/少室山/少林寺/大雄宝殿前广场,大宋/少室山/少林寺/大雄宝殿前广场,4,阿紫,false,萧峰与中原群雄剑拔弩张对峙之际，忽睹阿紫被星宿老怪挟持虐辱，当即催马前扑施展绝技救人。,当前已满足结束时间=下一开始时间
202,天龙第三十回02-萧峰发降龙掌凌空救下阿紫,天龙第三十回03-三大高手结盟合围萧峰,天龙,第三十回,天龙,第三十回,0,连续,高,false,0,1204-03-22 18:45,1204-03-22 18:45,大宋/少室山/少林寺/大雄宝殿前广场,大宋/少室山/少林寺/大雄宝殿前广场,4,萧峰|丁春秋,false,萧峰神技夺回阿紫威慑少林全场，丁春秋惊怒难消，遂与慕容复、游坦之暗中生出合围萧峰之心。,当前已满足结束时间=下一开始时间
203,天龙第三十回03-三大高手结盟合围萧峰,天龙第三十回04-段誉虚竹挺身三侠金兰结义,天龙,第三十回,天龙,第三十回,0,连续,高,false,0,1204-03-23 18:37,1204-03-23 18:37,大宋/少室山/少林寺/大雄宝殿前广场,大宋/少室山/少林寺/大雄宝殿前广场,4,萧峰|慕容复|丁春秋,false,萧峰孤身独对三大绝顶高手的结盟合围，段誉与虚竹在群雄环伺中愤然挺身而出欲与萧峰共赴生死。,当前已满足结束时间=下一开始时间
204,天龙第三十回04-段誉虚竹挺身三侠金兰结义,天龙第三十回05-段誉六脉神剑震落慕容王冠,天龙,第三十回,天龙,第三十回,0,连续,高,false,0,1204-03-24 18:30,1204-03-24 18:30,大宋/少室山/少林寺/大雄宝殿前广场,大宋/少室山/少林寺/大雄宝殿前广场,4,段誉|慕容复,false,金兰结盟既成，面对三方强敌围攻，段誉当先踏步上前直面姑苏慕容复，各派高手凝神注视两人剑拔弩张的对峙。,当前已满足结束时间=下一开始时间
205,天龙第三十回05-段誉六脉神剑震落慕容王冠,天龙第三十回06-虚竹施折梅手降伏丁春秋,天龙,第三十回,天龙,第三十回,0,连续,高,false,0,1204-03-25 18:22,1204-03-25 18:22,大宋/少室山/少林寺/大雄宝殿前广场,大宋/少室山/少林寺/大雄宝殿前广场,4,,false,段誉击溃慕容复平息侧翼战局，另一旁虚竹与星宿老怪丁春秋的生死恶斗随即爆发。,当前已满足结束时间=下一开始时间
206,天龙第三十回06-虚竹施折梅手降伏丁春秋,天龙第三十回07-萧峰运降龙神掌震断游坦之双腿,天龙,第三十回,天龙,第三十回,0,连续,高,false,0,1204-03-26 18:15,1204-03-26 18:15,大宋/少室山/少林寺/大雄宝殿前广场,大宋/少室山/少林寺/大雄宝殿前广场,4,,false,虚竹以降伏丁春秋平息一隅鏖战，另一侧萧峰正全力迎战丐帮帮主庄聚贤，掌风凌厉激荡全场。,当前已满足结束时间=下一开始时间
207,天龙第三十回07-萧峰运降龙神掌震断游坦之双腿,天龙第三十回08-少室山三侠力克强敌威震武林,天龙,第三十回,天龙,第三十回,0,连续,高,false,0,1204-03-27 18:07,1204-03-27 18:07,大宋/少室山/少林寺/大雄宝殿前广场,大宋/少室山/少林寺/大雄宝殿前广场,4,萧峰|游坦之,false,庄聚贤双腿折断瘫地溃败，少林山门前战端未歇，虚竹与段誉亦各自挺身迎战宿敌。,当前已满足结束时间=下一开始时间
208,天龙第三十一回01-苏星河擂鼓山设珍珑聚群豪,天龙第三十一回02-段誉心怀仁善弃子认负,天龙,第三十一回,天龙,第三十一回,0,连续,高,false,0,1204-04-05 22:26,1204-04-05 22:26,大宋/擂鼓山/聋哑谷/棋局石壁,大宋/擂鼓山/聋哑谷/棋局石壁,4,苏星河|段誉|王语嫣,false,石壁珍珑宛如噬心深潭令群雄踌躇不前，段誉心怀仁和从容出列，执白子应劫率先入局对弈。,当前已满足结束时间=下一开始时间
209,天龙第三十一回02-段誉心怀仁善弃子认负,天龙第三十一回03-慕容复执念入魔欲自刎,天龙,第三十一回,天龙,第三十一回,0,连续,高,false,0,1204-04-06 12:53,1204-04-06 12:53,大宋/擂鼓山/聋哑谷/棋局石壁,大宋/擂鼓山/聋哑谷/棋局石壁,4,段誉|苏星河,false,段誉败阵退归阵中，珍珑杀局凶险愈发慑人，慕容复按捺不住复国野心，毅然离众上前接续对弈。,当前已满足结束时间=下一开始时间
210,天龙第三十一回03-慕容复执念入魔欲自刎,天龙第三十一回04-段誉发神剑击飞长剑救人,天龙,第三十一回,天龙,第三十一回,0,连续,高,false,0,1204-04-07 03:20,1204-04-07 03:20,大宋/擂鼓山/聋哑谷/棋局石壁,大宋/擂鼓山/聋哑谷/棋局石壁,4,慕容复|段誉,false,慕容复长剑抹颈已渗出血痕、命悬一线，家臣与群雄救援不及，在旁观弈的段誉见状大惊，情急之下欲施神通凌空制止。,当前已满足结束时间=下一开始时间
211,天龙第三十一回04-段誉发神剑击飞长剑救人,天龙第三十一回05-段延庆怨念反噬走火入魔,天龙,第三十一回,天龙,第三十一回,0,连续,高,false,0,1204-04-07 17:46,1204-04-07 17:46,大宋/擂鼓山/聋哑谷/棋局石壁,大宋/擂鼓山/聋哑谷/棋局石壁,4,,false,慕容复狼狈退下后，四大恶人之首段延庆拄杖上前凝视珍珑，引动平生怨念与魔障。,当前已满足结束时间=下一开始时间
212,天龙第三十一回05-段延庆怨念反噬走火入魔,天龙第三十一回06-虚竹闭目掷子自填一大片,天龙,第三十一回,天龙,第三十一回,0,连续,高,false,0,1204-04-08 08:13,1204-04-08 08:13,大宋/擂鼓山/聋哑谷/棋局石壁,大宋/擂鼓山/聋哑谷/棋局石壁,4,段延庆,false,段延庆神识狂乱欲以铁杖自击天灵气绝之际，场边忽有一名少林虚字辈小和尚闭目趋前，胡乱掷下一枚白子救人解局。,当前已满足结束时间=下一开始时间
213,天龙第三十一回06-虚竹闭目掷子自填一大片,天龙第三十一回07-苏星河抚掌盛赞死地逢生,天龙,第三十一回,天龙,第三十一回,0,连续,高,false,0,1204-04-08 22:40,1204-04-08 22:40,大宋/擂鼓山/聋哑谷/棋局石壁,大宋/擂鼓山/聋哑谷/棋局石壁,4,虚竹|鸠摩智,false,白子被尽数提去后棋枰赫然空出一大片空地，苏星河见状心神剧震，抚掌大呼死中求活。,当前已满足结束时间=下一开始时间
214,天龙第三十一回07-苏星河抚掌盛赞死地逢生,天龙第三十一回08-段延庆传音入密指点破局,天龙,第三十一回,天龙,第三十一回,0,连续,高,false,0,1204-04-09 13:06,1204-04-09 13:06,大宋/擂鼓山/聋哑谷/棋局石壁,大宋/擂鼓山/聋哑谷/棋局石壁,4,苏星河|虚竹,false,苏星河躬请虚竹落子续弈，引得满场震骇，懵懂小僧不知下一步该向何处落子。,当前已满足结束时间=下一开始时间
215,天龙第三十一回08-段延庆传音入密指点破局,天龙第三十一回09-苏星河引虚竹入洞见无崖子,天龙,第三十一回,天龙,第三十一回,0,连续,高,false,0,1204-04-10 03:33,1204-04-10 03:33,大宋/擂鼓山/聋哑谷/棋局石壁,大宋/擂鼓山/聋哑谷/棋局石壁,4,虚竹|苏星河,false,珍珑棋局既告彻底勘破，苏星河狂喜之下依师命折节相请，引着懵懂未知的少林小僧朝后山秘洞行去。,当前已满足结束时间=下一开始时间
216,天龙第三十二回01-虚竹随苏星河入洞拜谒无崖子,天龙第三十二回02-无崖子叹貌丑询明小僧出身,天龙,第三十二回,天龙,第三十二回,0,连续,高,false,0,1204-04-12 15:52,1204-04-12 15:52,大宋/擂鼓山/聋哑谷/后山石室,大宋/擂鼓山/聋哑谷/后山石室,4,虚竹,false,虚竹合十躬身向悬空老者行礼，无崖子借着微光打量来客相貌，引出对破局者相貌与出身门派的垂询。,当前已满足结束时间=下一开始时间
217,天龙第三十二回02-无崖子叹貌丑询明小僧出身,天龙第三十二回03-无崖子化去虚竹少林派内力,天龙,第三十二回,天龙,第三十二回,0,连续,高,false,0,1204-04-14 12:45,1204-04-14 12:45,大宋/擂鼓山/聋哑谷/后山石室,大宋/擂鼓山/聋哑谷/后山石室,4,虚竹|无崖子,false,无崖子既已决意选定传承衣钵之人，沉声喝令虚竹近前，运转神功准备化去其体内少林派旧力。,当前已满足结束时间=下一开始时间
218,天龙第三十二回03-无崖子化去虚竹少林派内力,天龙第三十二回04-无崖子灌注七十年北冥真气,天龙,第三十二回,天龙,第三十二回,0,连续,高,false,0,1204-04-16 09:37,1204-04-16 09:37,大宋/擂鼓山/聋哑谷/后山石室,大宋/擂鼓山/聋哑谷/后山石室,4,无崖子|虚竹,false,虚竹周身经脉已被尽数洗空、动弹不得，无崖子双手随之覆上其头顶百会穴，本门浩瀚真气引弓待发。,当前已满足结束时间=下一开始时间
219,天龙第三十二回04-无崖子灌注七十年北冥真气,天龙第三十二回05-授予指环画像托付掌门重任,天龙,第三十二回,天龙,第三十二回,0,连续,高,false,0,1204-04-18 06:30,1204-04-18 06:30,大宋/擂鼓山/聋哑谷/后山石室,大宋/擂鼓山/聋哑谷/后山石室,4,虚竹|无崖子,false,无崖子散尽毕生真气后油尽灯枯，急于在气绝前向脱胎换骨的虚竹交代门派托付与未了深仇。,当前已满足结束时间=下一开始时间
220,天龙第三十二回05-授予指环画像托付掌门重任,天龙第三十二回06-苏星河率众叩拜新掌门虚竹,天龙,第三十二回,天龙,第三十二回,0,连续,高,false,0,1204-04-20 03:22,1204-04-20 03:22,大宋/擂鼓山/聋哑谷/后山石室,大宋/擂鼓山/聋哑谷/石室外,3,虚竹,false,虚竹戴上七宝指环、怀揣画像含悲步出石室，室外等候良久的苏星河见掌门信物现世，急欲上前叩拜新任掌门。,当前已满足结束时间=下一开始时间
221,天龙第三十二回06-苏星河率众叩拜新掌门虚竹,天龙第三十二回07-丁春秋突袭毒杀师兄苏星河,天龙,第三十二回,天龙,第三十二回,0,连续,高,false,0,1204-04-22 00:15,1204-04-22 00:15,大宋/擂鼓山/聋哑谷/石室外,大宋/擂鼓山/聋哑谷/石室外,4,虚竹|苏星河,false,虚竹正自惶恐不知所措，谷外山道上骤然响起诡异丝竹与诵赞之声，星宿老怪丁春秋挟杀意席卷而来。,当前已满足结束时间=下一开始时间
222,天龙第三十二回07-丁春秋突袭毒杀师兄苏星河,天龙第三十二回08-虚竹含悲突围启程西赴天山,天龙,第三十二回,天龙,第三十二回,0,连续,高,false,0,1204-04-23 21:07,1204-04-23 21:07,大宋/擂鼓山/聋哑谷/石室外,大宋/擂鼓山/聋哑谷/石室外,4,丁春秋|虚竹,false,苏星河毒发惨死当场，虚竹悲痛难当且深负师门血仇，决意遵从先师无崖子遗命启程西赴天山。,当前已满足结束时间=下一开始时间
223,天龙第三十三回01-虚竹携信物西行遇万仙大会,天龙第三十三回02-万仙大会歃血图谋反叛童姥,天龙,第三十三回,天龙,第三十三回,0,连续,高,false,0,1204-05-04 02:34,1204-05-04 02:34,西夏/甘凉戈壁/万仙岭/乱石深谷,西夏/甘凉戈壁/万仙岭/乱石深谷,4,乌老大|安洞主|不平道人|卓不凡,false,乌老大等人在谷中歃血誓师欲反灵鹫宫，隐匿巨石后的虚竹屏息窥听群雄密谋动向。,当前已满足结束时间=下一开始时间
224,天龙第三十三回02-万仙大会歃血图谋反叛童姥,天龙第三十三回03-乌老大拽出女童欲斩首祭旗,天龙,第三十三回,天龙,第三十三回,0,连续,高,false,0,1204-05-06 21:08,1204-05-06 21:08,西夏/甘凉戈壁/万仙岭/乱石深谷,西夏/甘凉戈壁/万仙岭/乱石深谷,4,乌老大,false,群豪歃血结盟后群情激愤，乌老大当众提来在天山掳获的神秘黑布袋，欲斩杀其中女童以血祭旗立威。,当前已满足结束时间=下一开始时间
225,天龙第三十三回03-乌老大拽出女童欲斩首祭旗,天龙第三十三回04-虚竹舍身抢救女童飞身突围,天龙,第三十三回,天龙,第三十三回,0,连续,高,false,0,1204-05-09 15:42,1204-05-09 15:42,西夏/甘凉戈壁/万仙岭/乱石深谷,西夏/甘凉戈壁/万仙岭/乱石深谷,4,乌老大,false,乌老大的钢刀带着破空风声疾速斩向石案上的女童，千钧一发之际引动了暗中窥视之人的恻隐之心。,当前已满足结束时间=下一开始时间
226,天龙第三十三回04-虚竹舍身抢救女童飞身突围,天龙第三十三回05-虚竹夺剑退道人破万仙围堵,天龙,第三十三回,天龙,第三十三回,0,连续,高,false,0,1204-05-12 10:17,1204-05-12 10:17,西夏/甘凉戈壁/万仙岭/乱石深谷,西夏/甘凉戈壁/万仙岭/乱石深谷,4,虚竹,false,虚竹背负女童撕开缺口疾奔，三十六洞与七十二岛各路豪强各施杀招疯狂合围拦截。,当前已满足结束时间=下一开始时间
227,天龙第三十三回05-虚竹夺剑退道人破万仙围堵,天龙第三十三回06-冰洞惊悉怀中女童即童姥真身,天龙,第三十三回,天龙,第三十三回,0,连续,高,false,0,1204-05-15 04:51,1204-05-15 04:51,西夏/甘凉戈壁/万仙岭/乱石深谷,西域/天山/天然冰洞,0,虚竹,false,虚竹背负哑美女童脱困后甩脱万仙追兵，一路奔入天山苍茫雪峰寻得隐秘冰洞歇宿。,当前已满足结束时间=下一开始时间
228,天龙第三十三回06-冰洞惊悉怀中女童即童姥真身,天龙第三十三回07-童姥迫虚竹捕杀鹿血助练功,天龙,第三十三回,天龙,第三十三回,0,连续,高,false,0,1204-05-17 23:25,1204-05-17 23:25,西域/天山/天然冰洞,西域/天山/天然冰洞,3,虚竹|天山童姥,false,惊悉女童即是天山童姥真身后，面对童姥散功需饮鲜血复原的强横逼迫，虚竹深陷破戒与救人的两难抉择。,当前已满足结束时间=下一开始时间
229,天龙第三十四回01-童姥冰洞饮血练功逐渐长成,天龙第三十四回02-童姥倾囊传授折梅手与生死符,天龙,第三十四回,天龙,第三十四回,0,连续,高,false,0,1204-06-05 06:00,1204-06-05 06:00,西夏/灵州/西夏皇宫/冰窖,西夏/灵州/西夏皇宫/冰窖,4,天山童姥|虚竹,false,童姥功力日增且身形渐长，为防大敌侵袭，严令虚竹潜心研习本门精妙武学以助其御敌。,当前已满足结束时间=下一开始时间
230,天龙第三十四回02-童姥倾囊传授折梅手与生死符,天龙第三十四回03-虚竹恪守少林戒律拒学杀人技,天龙,第三十四回,天龙,第三十四回,0,连续,高,false,0,1204-06-09 04:00,1204-06-09 04:00,西夏/灵州/西夏皇宫/冰窖,西夏/灵州/西夏皇宫/冰窖,4,天山童姥|虚竹,false,虚竹虽已尽记折梅手与生死符脉络，念及佛门慈悲戒律，面对童姥逼其修习杀人招法时心生抵触并出言抗拒。,当前已满足结束时间=下一开始时间
231,天龙第三十四回03-虚竹恪守少林戒律拒学杀人技,天龙第三十四回04-童姥强塞鹿肉迫使虚竹破荤戒,天龙,第三十四回,天龙,第三十四回,0,连续,高,false,0,1204-06-13 02:00,1204-06-13 02:00,西夏/灵州/西夏皇宫/冰窖,西夏/灵州/西夏皇宫/冰窖,4,天山童姥|虚竹,false,天山童姥见硬逼无效，遂决意以破戒之法摧折虚竹佛心，暗自出窖寻猎肉食。,当前已满足结束时间=下一开始时间
232,天龙第三十四回04-童姥强塞鹿肉迫使虚竹破荤戒,天龙第三十四回05-童姥掠入绝色女子破其色戒,天龙,第三十四回,天龙,第三十四回,0,连续,高,false,0,1204-06-17 00:00,1204-06-17 00:00,西夏/灵州/西夏皇宫/冰窖,西夏/灵州/西夏皇宫/冰窖,4,虚竹|天山童姥,false,童姥见破其荤戒初见成效，决心彻底击碎小和尚的清规执念，遂于次日深夜暗中潜出冰窖另设杀局。,当前已满足结束时间=下一开始时间
233,天龙第三十四回05-童姥掠入绝色女子破其色戒,天龙第三十四回06-梦郎梦姑定情虚竹认命学艺,天龙,第三十四回,天龙,第三十四回,0,连续,高,false,0,1204-06-20 22:00,1204-06-20 22:00,西夏/灵州/西夏皇宫/冰窖,西夏/灵州/西夏皇宫/冰窖,4,虚竹|天山童姥,false,虚竹破戒后满心惶惑悲苦，而童姥已然拿捏其破戒把柄，欲借此迫其彻底归顺逍遥派、认命修习绝世武功。,当前已满足结束时间=下一开始时间
234,天龙第三十四回06-梦郎梦姑定情虚竹认命学艺,天龙第三十四回07-李秋水踏雪杀至引爆同门死战,天龙,第三十四回,天龙,第三十四回,0,连续,高,false,0,1204-06-24 20:00,1204-06-24 20:00,西夏/灵州/西夏皇宫/冰窖,西夏/灵州/西夏皇宫/冰窖,4,天山童姥,false,童姥九十日返老还童之期将满，正悉心指点虚竹演练上乘武学，忽闻冰窖外传来极轻极细的踏雪声，宿敌李秋水已然循迹杀至。,当前已满足结束时间=下一开始时间
235,天龙第三十五回01-童姥秋水冰崖顶端生死搏杀,天龙第三十五回02-虚竹舍身劝架遭双宗掌力轰中,天龙,第三十五回,天龙,第三十五回,0,连续,高,false,0,1204-07-14 09:15,1204-07-14 09:15,西域/天山/缥缈峰/冰崖,西域/天山/缥缈峰/冰崖,4,天山童姥|李秋水,false,童姥与李秋水内力全开对轰陷入玉石俱焚之境，掌劲余波震塌冰崖，引得在旁观战的虚竹不顾生死飞身抢入战圈劝阻。,当前已满足结束时间=下一开始时间
236,天龙第三十五回02-虚竹舍身劝架遭双宗掌力轰中,天龙第三十五回03-北冥真气逆转狂吸二宗内力,天龙,第三十五回,天龙,第三十五回,0,连续,高,false,0,1204-07-27 10:30,1204-07-27 10:30,西域/天山/缥缈峰/冰崖,西域/天山/缥缈峰/冰崖,4,虚竹|天山童姥|李秋水,false,虚竹承受二老掌力被困狂暴气劲漩涡，体内北冥真气受剧烈轰击骤起逆转激荡。,当前已满足结束时间=下一开始时间
237,天龙第三十五回03-北冥真气逆转狂吸二宗内力,天龙第三十五回04-内力耗竭二宗红颜弹指衰老,天龙,第三十五回,天龙,第三十五回,0,连续,高,false,0,1204-08-10 11:45,1204-08-10 11:45,西域/天山/缥缈峰/冰崖,西域/天山/缥缈峰/冰崖,4,天山童姥|李秋水,false,两大宗师毕生苦修的内力被疯狂抽离见底，冰崖上吸附相连的三人即将迎来气脉衰竭的终局。,当前已满足结束时间=下一开始时间
238,天龙第三十五回04-内力耗竭二宗红颜弹指衰老,天龙第三十五回05-验看画卷惊悉无崖子至爱真身,天龙,第三十五回,天龙,第三十五回,0,连续,高,false,0,1204-08-23 13:00,1204-08-23 13:00,西域/天山/缥缈峰/冰崖,西域/天山/缥缈峰/冰崖,4,天山童姥|李秋水,false,瘫倒雪泊中的二宗濒死对峙之际，童姥忽见虚竹怀中滑落无崖子所遗画卷，强撑残躯命其展开验看。,当前已满足结束时间=下一开始时间
239,天龙第三十五回05-验看画卷惊悉无崖子至爱真身,天龙第三十五回06-大笑悲叹二宗同归于尽冰崖,天龙,第三十五回,天龙,第三十五回,0,连续,高,false,0,1204-09-06 14:15,1204-09-06 14:15,西域/天山/缥缈峰/冰崖,西域/天山/缥缈峰/冰崖,4,天山童姥|李秋水,false,画中黑痣彻底击碎二人百年执念，冰崖雪地间心神俱碎的二宗即将迎来最后的癫狂宣泄。,当前已满足结束时间=下一开始时间
240,天龙第三十五回06-大笑悲叹二宗同归于尽冰崖,天龙第三十五回07-融汇内力合葬师长接任宫主,天龙,第三十五回,天龙,第三十五回,0,连续,高,false,0,1204-09-19 15:30,1204-09-19 15:30,西域/天山/缥缈峰/冰崖,西域/天山/缥缈峰/冰崖,4,虚竹,false,逍遥派两位师长同归于尽相继咽气，留下满身磅礴内力与重伤未愈的虚竹独对风雪遗骸。,当前已满足结束时间=下一开始时间
241,天龙第三十五回07-融汇内力合葬师长接任宫主,天龙第三十五回08-虚竹施六阳掌化符收服万仙,天龙,第三十五回,天龙,第三十五回,0,连续,高,false,0,1204-10-02 16:45,1204-10-02 16:45,西域/天山/缥缈峰/冰崖,西域/天山/灵鹫宫/大殿,2,虚竹,false,虚竹在冰崖料理完两位尊长合葬身后事，戴定七宝指环正式接掌灵鹫宫，决意循遗命下崖前往缥缈峰处置群雄聚啸之局。,当前已满足结束时间=下一开始时间
242,天龙第三十六回01-虚竹参悟石壁绝学夜思梦姑,天龙第三十六回02-西夏放榜招婿引动天下豪杰,天龙,第三十六回,天龙,第三十六回,0,连续,高,false,0,1204-10-30 09:15,1204-10-30 09:15,西域/天山/缥缈峰,西域/天山/灵鹫宫/总坛,2,虚竹,false,虚竹在灵鹫宫潜修图谱平定心绪之际，西夏国向天下广发榜文招选驸马的消息悄然传开，引动武林各路英豪竞相启程。,当前已满足结束时间=下一开始时间
243,天龙第三十六回02-西夏放榜招婿引动天下豪杰,天龙第三十六回03-虚竹携灵鹫四剑启程赴西夏,天龙,第三十六回,天龙,第三十六回,0,连续,高,false,0,1204-11-10 10:30,1204-11-10 10:30,西域/天山/灵鹫宫/总坛,西域/天山/灵鹫宫/总坛,4,虚竹,false,虚竹阅过西夏招婿榜文后心绪难平，为查探虚实并防江湖生变，决意携灵鹫四剑婢离宫赶赴西夏。,当前已满足结束时间=下一开始时间
244,天龙第三十六回03-虚竹携灵鹫四剑启程赴西夏,天龙第三十六回04-虚竹中途重逢段誉结伴同行,天龙,第三十六回,天龙,第三十六回,0,连续,高,false,0,1204-11-20 11:45,1204-11-20 11:45,西域/天山/灵鹫宫/总坛,西夏/凉州/凉州荒漠/官道,0,虚竹,false,虚竹率领四剑快马西行，途经关外官道时，偶遇同样赶赴西夏选婿的结义兄弟段誉。,当前已满足结束时间=下一开始时间
245,天龙第三十六回04-虚竹中途重逢段誉结伴同行,天龙第三十六回05-慕容复谋求复国决意弃表妹,天龙,第三十六回,天龙,第三十六回,0,连续,高,false,0,1204-11-30 13:00,1204-11-30 13:00,西夏/凉州/凉州荒漠/官道,西夏/凉州/凉州荒漠/官道,4,段誉|王语嫣,false,虚竹段誉一行结伴往西夏国都进发，前方行馆处慕容复正暗自筹谋求聘西夏公主大计。,当前已满足结束时间=下一开始时间
246,天龙第三十六回05-慕容复谋求复国决意弃表妹,天龙第三十六回06-慕容复恶语伤表妹暗算段誉,天龙,第三十六回,天龙,第三十六回,0,连续,高,false,0,1204-12-10 14:15,1204-12-10 14:15,西夏/凉州/凉州荒漠/官道,西夏/凉州/荒漠客栈/门外空地,2,段誉|王语嫣|慕容复,false,慕容复既已下定弃绝表妹之心，西行队伍行进间数人间的情义与仇隙一触即发。,当前已满足结束时间=下一开始时间
247,天龙第三十六回06-慕容复恶语伤表妹暗算段誉,天龙第三十六回07-慕容复趁夜推王语嫣坠枯井,天龙,第三十六回,天龙,第三十六回,0,连续,高,false,0,1204-12-20 15:30,1204-12-20 15:30,西夏/凉州/荒漠客栈/门外空地,西夏/凉州/凉州荒漠/枯井旁,2,慕容复|王语嫣,false,慕容复重创段誉并绝情逼退王语嫣后，心魔日炽，趁夜幕降临尾随失魂落魄的王语嫣至荒郊枯井旁。,当前已满足结束时间=下一开始时间
248,天龙第三十六回07-慕容复趁夜推王语嫣坠枯井,天龙第三十六回08-段誉舍命救美鸠摩智随坠井,天龙,第三十六回,天龙,第三十六回,0,连续,高,false,0,1204-12-30 16:45,1204-12-30 16:45,西夏/凉州/凉州荒漠/枯井旁,西夏/凉州/凉州荒漠/枯井底,3,王语嫣,false,凄厉呼救声回荡在幽深井底，引动荒野各路高手闻声急赶而至。,当前已满足结束时间=下一开始时间
249,天龙第三十七回01-鸠摩智走火入魔扣脉发难,天龙第三十七回02-段誉北冥逆转吸尽敌内力,天龙,第三十七回,天龙,第三十七回,0,连续,高,false,0,1205-01-12 05:08,1205-01-12 05:08,西夏/凉州/凉州荒漠/枯井底,西夏/凉州/凉州荒漠/枯井底,4,鸠摩智|段誉,false,鸠摩智扣死段誉腕脉欲震碎其心脉，二人气血经络相通僵持泥沼，顿生内力狂吸异变。,当前已满足结束时间=下一开始时间
250,天龙第三十七回02-段誉北冥逆转吸尽敌内力,天龙第三十七回03-鸠摩智散尽内力顿悟出井,天龙,第三十七回,天龙,第三十七回,0,连续,高,false,0,1205-01-13 15:17,1205-01-13 15:17,西夏/凉州/凉州荒漠/枯井底,西夏/凉州/凉州荒漠/枯井底,4,段誉|鸠摩智,false,鸠摩智毕生内力散尽瘫软于污泥中，段誉气海充塞内息翻腾，深井绝境局势骤变。,当前已满足结束时间=下一开始时间
251,天龙第三十七回03-鸠摩智散尽内力顿悟出井,天龙第三十七回04-王语嫣看清真相依许段誉,天龙,第三十七回,天龙,第三十七回,0,连续,高,false,0,1205-01-15 01:25,1205-01-15 01:25,西夏/凉州/凉州荒漠/枯井底,西夏/凉州/凉州荒漠/枯井底,4,段誉|王语嫣,false,鸠摩智释然跃出枯井远离纷争，逼仄黑暗的井底重归寂静，惊魂稍定的王语嫣与经脉鼓胀的段誉依偎相守。,当前已满足结束时间=下一开始时间
252,天龙第三十七回04-王语嫣看清真相依许段誉,天龙第三十七回05-虚竹垂绳救人同赴选婿会,天龙,第三十七回,天龙,第三十七回,0,连续,高,false,0,1205-01-16 11:34,1205-01-16 11:34,西夏/凉州/凉州荒漠/枯井底,西夏/凉州/凉州荒漠/枯井,3,段誉|王语嫣,false,二人在枯井污泥中互诉衷肠白首定情，正自相依相伴，忽闻井口上方传来阵阵人声呼唤。,当前已满足结束时间=下一开始时间
253,天龙第三十七回05-虚竹垂绳救人同赴选婿会,天龙第三十七回06-侍女隔帘设三问群雄竞答,天龙,第三十七回,天龙,第三十七回,0,连续,高,false,0,1205-01-17 21:42,1205-01-17 21:42,西夏/凉州/凉州荒漠/枯井,西夏/灵州/西夏皇宫/偏殿,1,段誉|虚竹,false,西夏皇宫主殿广场上诸国才俊云集列队，宫门开启后内侍引众人入内，准备迎接银川公主所设考校。,当前已满足结束时间=下一开始时间
254,天龙第三十七回06-侍女隔帘设三问群雄竞答,天龙第三十七回07-虚竹坦陈梦境被选为驸马,天龙,第三十七回,天龙,第三十七回,0,连续,高,false,0,1205-01-19 07:51,1205-01-19 07:51,西夏/灵州/西夏皇宫/偏殿,西夏/灵州/西夏皇宫/偏殿,4,李清露|段誉|虚竹,false,群雄答毕皆未合公主心意，侍女持灯移步至阶下木讷无语的虚竹面前垂询三问。,当前已满足结束时间=下一开始时间
255,天龙第三十八回01-虚竹成西夏驸马慕容复落选,天龙第三十八回02-慕容复屈膝投靠段延庆为父,天龙,第三十八回,天龙,第三十八回,0,连续,高,false,0,1205-01-22 06:54,1205-01-22 06:54,西夏/灵州/西夏皇宫/偏殿,大宋/太湖/曼陀山庄,0,慕容复,false,慕容复落选驸马后大业成空，失魂落魄离殿而去，在绝境执念驱使下决意另觅偏激之法以图复国。,当前已满足结束时间=下一开始时间
256,天龙第三十八回02-慕容复屈膝投靠段延庆为父,天龙第三十八回03-慕容复暴起击杀家臣包不同,天龙,第三十八回,天龙,第三十八回,0,连续,高,false,0,1205-01-23 18:48,1205-01-23 18:48,大宋/太湖/曼陀山庄,大宋/太湖/曼陀山庄,3,慕容复|段延庆,false,慕容复屈膝拜段延庆为父之举激怒了在场家臣，包不同当场出言厉声斥责其数典忘祖，引得慕容复杀心骤起。,当前已满足结束时间=下一开始时间
257,天龙第三十八回03-慕容复暴起击杀家臣包不同,天龙第三十八回04-风波恶公冶乾折兵断义而去,天龙,第三十八回,天龙,第三十八回,0,连续,高,false,0,1205-01-25 06:42,1205-01-25 06:42,大宋/太湖/曼陀山庄,大宋/太湖/曼陀山庄,3,慕容复|段延庆,false,包不同尸陈当场血溅庄前，余下众家臣悲愤填膺，与慕容复当场决裂反目。,当前已满足结束时间=下一开始时间
258,天龙第三十八回04-风波恶公冶乾折兵断义而去,天龙第三十八回05-延庆慕容设伏生擒段正淳诸人,天龙,第三十八回,天龙,第三十八回,0,连续,高,false,0,1205-01-26 18:36,1205-01-26 18:36,大宋/太湖/曼陀山庄,大宋/太湖/曼陀山庄,3,慕容复|段延庆,false,四大家臣离散殆尽，慕容复彻底倒向段延庆，二人随即定下阴毒计策，欲在庄内设伏将段正淳一行人生擒制服。,当前已满足结束时间=下一开始时间
259,天龙第三十八回05-延庆慕容设伏生擒段正淳诸人,天龙第三十八回06-慕容复逼位连戮段正淳四红颜,天龙,第三十八回,天龙,第三十八回,0,连续,高,false,0,1205-01-28 06:30,1205-01-28 06:30,大宋/太湖/曼陀山庄,大宋/太湖/曼陀山庄/前厅,3,慕容复|段正淳|阮星竹|甘宝宝|秦红棉|李青萝,false,段延庆与慕容复将段正淳及诸女封穴羁押于大厅，慕容复为逼段正淳写下禅位诏书，拔剑走向受制的众女。,当前已满足结束时间=下一开始时间
260,天龙第三十八回06-慕容复逼位连戮段正淳四红颜,天龙第三十八回07-段正淳悲痛绝望拔剑自刎殉情,天龙,第三十八回,天龙,第三十八回,0,连续,高,false,0,1205-01-29 18:24,1205-01-29 18:24,大宋/太湖/曼陀山庄/前厅,大宋/太湖/曼陀山庄/前厅,4,慕容复|段正淳,false,眼见四位红颜知己横尸就地、血流成河，段正淳心如刀绞万念俱灰，满腔绝望死志骤起。,当前已满足结束时间=下一开始时间
261,天龙第三十八回07-段正淳悲痛绝望拔剑自刎殉情,天龙第三十八回08-刀白凤道出身世秘辛自刎殉夫,天龙,第三十八回,天龙,第三十八回,0,连续,高,false,0,1205-02-01 06:18,1205-02-01 06:18,大宋/太湖/曼陀山庄/前厅,大宋/太湖/曼陀山庄/前厅,4,段延庆,false,目睹段正淳横剑自刎殉情身亡，倒在血泊之中，王妃刀白凤悲痛欲绝，决意当众道出深藏多年的惊天隐秘。,当前已满足结束时间=下一开始时间
262,天龙第三十八回08-刀白凤道出身世秘辛自刎殉夫,天龙第三十八回09-段誉神剑大发击溃慕容复残部,天龙,第三十八回,天龙,第三十八回,0,连续,高,false,0,1205-02-02 18:12,1205-02-02 18:12,大宋/太湖/曼陀山庄/前厅,大宋/太湖/曼陀山庄/前厅,4,段延庆|段誉,false,双亲接连惨烈自尽令段誉悲痛发狂，体内郁积的雄浑内力受此刺激骤然逆冲暴走。,当前已满足结束时间=下一开始时间
263,天龙第三十八回09-段誉神剑大发击溃慕容复残部,天龙第三十八回10-慕容复图谋幻灭彻底疯癫发狂,天龙,第三十八回,天龙,第三十八回,0,连续,高,false,0,1205-02-04 06:06,1205-02-04 06:06,大宋/太湖/曼陀山庄/前厅,大宋/太湖/曼陀山庄/前厅,4,段誉|慕容复,false,慕容复众叛亲离、残部尽溃，复燕宏图毁于一旦，仓皇溃逃间心智濒临彻底崩溃。,当前已满足结束时间=下一开始时间
264,天龙第三十九回01-段誉即位大理国君册立皇后,天龙第三十九回02-耶律洪基下旨命萧峰领兵伐宋,天龙,第三十九回,天龙,第三十九回,0,连续,高,false,0,1205-02-13 00:15,1205-02-13 00:15,大理/大理城/大理皇宫/正殿,辽国/南京/大辽皇宫/大殿,0,,false,大理国政权平稳更迭，而在北方辽国，耶律洪基正紧锣密鼓谋划伐宋并召见萧峰。,当前已满足结束时间=下一开始时间
265,天龙第三十九回02-耶律洪基下旨命萧峰领兵伐宋,天龙第三十九回03-萧峰感念抚育深恩当殿抗旨,天龙,第三十九回,天龙,第三十九回,0,连续,高,false,0,1205-02-15 16:30,1205-02-15 16:30,辽国/南京/大辽皇宫/大殿,辽国/南京/大辽皇宫/大殿,4,耶律洪基|萧峰,false,萧峰面对耶律洪基大举南侵的严旨，念及少林玄苦与中原故土抚育大恩，在金殿之上毅然决意抗旨拒受帅印。,当前已满足结束时间=下一开始时间
266,天龙第三十九回03-萧峰感念抚育深恩当殿抗旨,天龙第三十九回04-耶律洪基假托神水赐阿紫毒酒,天龙,第三十九回,天龙,第三十九回,0,连续,高,false,0,1205-02-18 08:45,1205-02-18 08:45,辽国/南京/大辽皇宫/大殿,辽国/南京/大辽皇宫/偏殿,3,耶律洪基,false,辽帝遭萧峰当殿抗命后怀恨在心，遂转而秘密召见王府中的阿紫入宫，欲假借赐予长生神水之名布局暗算萧峰。,当前已满足结束时间=下一开始时间
267,天龙第三十九回04-耶律洪基假托神水赐阿紫毒酒,天龙第三十九回05-阿紫私宴献酒致萧峰内力尽失,天龙,第三十九回,天龙,第三十九回,0,连续,高,false,0,1205-02-21 01:00,1205-02-21 01:00,辽国/南京/大辽皇宫/偏殿,辽国/南京/南院大王府,2,阿紫,false,阿紫携神水返回王府设下私宴，满心欢喜诱劝萧峰共饮以求长相厮守。,当前已满足结束时间=下一开始时间
268,天龙第三十九回05-阿紫私宴献酒致萧峰内力尽失,天龙第三十九回06-辽国御林军破门合力擒获萧峰,天龙,第三十九回,天龙,第三十九回,0,连续,高,false,0,1205-02-23 17:15,1205-02-23 17:15,辽国/南京/南院大王府,辽国/南京/南院大王府/内堂,3,萧峰,false,萧峰身中剧毒内力尽失瘫软于地，王府外陡然传来密集的铁甲脚步与破门合围之声。,当前已满足结束时间=下一开始时间
269,天龙第三十九回06-辽国御林军破门合力擒获萧峰,天龙第三十九回07-耶律洪基铁笼囚萧峰严刑逼降,天龙,第三十九回,天龙,第三十九回,0,连续,高,false,0,1205-02-26 09:30,1205-02-26 09:30,辽国/南京/南院大王府/内堂,辽国/南京/大辽皇宫/地牢,2,萧峰,false,萧峰被御林军重锁加身沦为阶下之囚，南院大王府全遭接管查封，辽帝耶律洪基决意亲自处置这位抗旨不遵的义弟。,当前已满足结束时间=下一开始时间
270,天龙第三十九回07-耶律洪基铁笼囚萧峰严刑逼降,天龙第三十九回08-阿紫痛悔闯祸星夜南下求援,天龙,第三十九回,天龙,第三十九回,0,连续,高,false,0,1205-02-29 01:45,1205-02-29 01:45,辽国/南京/大辽皇宫/地牢,辽国/南京/南院大王府,2,,false,萧峰身陷重围玄铁囚笼惨受折磨，阿紫自知铸成弥天大祸、痛悔万分，趁隙悄然脱逃南下寻求援兵。,当前已满足结束时间=下一开始时间
271,天龙第四十回01-阿紫奔赴中原飞报萧峰危局,天龙第四十回02-各方豪杰会师结成英雄联军,天龙,第四十回,天龙,第四十回,0,连续,高,false,0,1205-03-08 06:00,1205-03-08 06:00,大宋/少室山/少林寺,大宋/雁门关/雁门关隘,1,,false,萧峰蒙难舍身止战的惊天真相传遍江湖，丐帮、少林及大理等各方豪杰迅速向少室山集结会师，共商誓师北伐大辽之策。,当前已满足结束时间=下一开始时间
272,天龙第四十回02-各方豪杰会师结成英雄联军,天龙第四十回03-英雄联军夜袭南京大破辽军,天龙,第四十回,天龙,第四十回,0,连续,高,false,0,1205-03-11 04:00,1205-03-11 04:00,大宋/雁门关/雁门关隘,辽国/南京/大辽皇宫/外围,0,段誉|虚竹,false,英雄联军浩浩荡荡跨过长城关隘北上急行，数万精锐衔枚疾进，兵锋直逼大辽南京城下。,当前已满足结束时间=下一开始时间
273,天龙第四十回03-英雄联军夜袭南京大破辽军,天龙第四十回04-少林丐帮合力砸破皇宫城门,天龙,第四十回,天龙,第四十回,0,连续,高,false,0,1205-03-14 02:00,1205-03-14 02:00,辽国/南京/大辽皇宫/外围,辽国/南京/大辽皇宫/正门,3,段誉|虚竹,false,外围守卫被彻底肃清后，少林高僧与丐帮长老率众迫近紧闭的厚重宫门，合力发起破门强攻。,当前已满足结束时间=下一开始时间
274,天龙第四十回04-少林丐帮合力砸破皇宫城门,天龙第四十回05-段誉虚竹运功破牢营救萧峰,天龙,第四十回,天龙,第四十回,0,连续,高,false,0,1205-03-17 00:00,1205-03-17 00:00,辽国/南京/大辽皇宫/正门,辽国/南京/大辽皇宫/地牢,3,段誉|虚竹,false,皇宫正门既破，少林丐帮引大军扫荡残敌，段誉与虚竹当先疾掠，直奔关押萧峰的阴森石牢。,当前已满足结束时间=下一开始时间
275,天龙第四十回05-段誉虚竹运功破牢营救萧峰,天龙第四十回06-群雄簇拥萧峰疾撤雁门关隘,天龙,第四十回,天龙,第四十回,0,连续,高,false,0,1205-03-19 22:00,1205-03-19 22:00,辽国/南京/大辽皇宫/地牢,大宋/雁门关/乱石荒岗/关外荒原,0,段誉|虚竹|萧峰,false,萧峰脱困后伤重难行，段誉与虚竹护持其左右，与联军群雄合力掩护往南疾撤突围。,当前已满足结束时间=下一开始时间
276,天龙第四十回06-群雄簇拥萧峰疾撤雁门关隘,天龙第四十回07-耶律洪基率铁骑合围雁门关,天龙,第四十回,天龙,第四十回,0,连续,高,false,0,1205-03-22 20:00,1205-03-22 20:00,大宋/雁门关/乱石荒岗/关外荒原,大宋/雁门关/乱石荒岗/关外荒原,4,萧峰,false,联军被紧闭的雁门关阻断归路滞留峡谷，不料北面苍茫地平线上马蹄震天，辽军主力已排山倒海合围而至。,当前已满足结束时间=下一开始时间
277,天龙第四十一回01-蒙面双老现身少室山震动群雄,天龙第四十一回02-萧远山揭面认亲与萧峰痛哭,天龙,第四十一回,天龙,第四十一回,0,连续,高,false,0,1205-04-01 08:45,1205-04-01 08:45,大宋/少室山/少林寺/大雄宝殿前广场,大宋/少室山/少林寺/大雄宝殿前广场,4,萧峰,false,两名黑衣老者展现惊人功力傲立全场，引得少林及各派高手极度警惕，广场陷入更深杀局。,当前已满足结束时间=下一开始时间
278,天龙第四十一回02-萧远山揭面认亲与萧峰痛哭,天龙第四十一回03-萧远山自述潜伏复仇揭杀戮真相,天龙,第四十一回,天龙,第四十一回,0,连续,高,false,0,1205-04-01 09:30,1205-04-01 09:30,大宋/少室山/少林寺/大雄宝殿前广场,大宋/少室山/少林寺/大雄宝殿前广场,4,萧远山|萧峰,false,父子相认痛哭过后，萧远山敛容面对天下群雄与少林众僧，欲当众揭示三十年来潜伏复仇与连环血案的惊天真相。,当前已满足结束时间=下一开始时间
279,天龙第四十一回03-萧远山自述潜伏复仇揭杀戮真相,天龙第四十一回04-慕容博冷笑揭面暴露假死行径,天龙,第四十一回,天龙,第四十一回,0,连续,高,false,0,1205-04-01 10:15,1205-04-01 10:15,大宋/少室山/少林寺/大雄宝殿前广场,大宋/少室山/少林寺/大雄宝殿前广场,4,萧远山,false,萧远山自陈血案震动全场，群僧惊怒悲愤之际，隐于一旁的灰袍蒙面僧人忽发出一声森然冷笑。,当前已满足结束时间=下一开始时间
280,天龙第四十一回04-慕容博冷笑揭面暴露假死行径,天龙第四十一回05-雁门血案元凶大白引两家对立,天龙,第四十一回,天龙,第四十一回,0,连续,高,false,0,1205-04-01 11:00,1205-04-01 11:00,大宋/少室山/少林寺/大雄宝殿前广场,大宋/少室山/少林寺/大雄宝殿前广场,4,慕容博|慕容复|萧远山,false,慕容博假死现身震动全场，三十年前雁门关血案的幕后假信元凶与深仇大恨随之水落石出，引发萧氏与慕容两家的当堂对峙。,当前已满足结束时间=下一开始时间
281,天龙第四十一回05-雁门血案元凶大白引两家对立,天龙第四十一回06-萧氏慕容两代父子广场生死斗,天龙,第四十一回,天龙,第四十一回,0,连续,高,false,0,1205-04-01 11:45,1205-04-01 11:45,大宋/少室山/少林寺/大雄宝殿前广场,大宋/少室山/少林寺/大雄宝殿前广场,4,萧远山|萧峰|慕容博|慕容复,false,萧氏父子杀气贯顶拔刃扑出，慕容父子仗剑运功悍然相迎，两代恩怨即刻在广场上爆发为生死决战。,当前已满足结束时间=下一开始时间
282,天龙第四十一回06-萧氏慕容两代父子广场生死斗,天龙第四十一回07-两代高手一路搏杀转战藏经阁,天龙,第四十一回,天龙,第四十一回,0,连续,高,false,0,1205-04-01 12:30,1205-04-01 12:30,大宋/少室山/少林寺/大雄宝殿前广场,大宋/少室山/少林寺/藏经阁,3,萧峰|慕容博|萧远山|慕容复,false,慕容博见情势不利施展轻功抽身飞掠，萧氏父子满腔杀意紧追不舍，四人一路殊死缠斗转战藏经阁。,当前已满足结束时间=下一开始时间
283,天龙第四十一回07-两代高手一路搏杀转战藏经阁,天龙第四十一回08-扫地老僧手持破帚现身藏经阁,天龙,第四十一回,天龙,第四十一回,0,连续,高,false,0,1205-04-01 13:15,1205-04-01 13:15,大宋/少室山/少林寺/藏经阁,大宋/少室山/少林寺/藏经阁,4,慕容博|慕容复|萧远山|萧峰,false,藏经阁内四位宗师杀红双眼、残卷如雪飞扬之际，幽暗廊道深处忽传出平缓低沉的竹帚扫地之声。,当前已满足结束时间=下一开始时间
284,天龙第四十二回01-老僧现身宣讲佛法化解戾气,天龙第四十二回02-老僧道破隐疾双雄试气骇然,天龙,第四十二回,天龙,第四十二回,0,连续,高,false,0,1205-04-01 14:56,1205-04-01 14:56,大宋/少室山/少林寺/藏经阁,大宋/少室山/少林寺/藏经阁,4,萧远山|慕容博,false,老僧一番佛法化戾之论虽遏住滔天杀机，旋即更将目光移向萧远山与慕容博，欲出言点验二人强练绝技所患隐疾。,当前已满足结束时间=下一开始时间
285,天龙第四十二回02-老僧道破隐疾双雄试气骇然,天龙第四十二回03-鸠摩智偷袭老僧气墙化刀劲,天龙,第四十二回,天龙,第四十二回,0,连续,高,false,0,1205-04-01 15:22,1205-04-01 15:22,大宋/少室山/少林寺/藏经阁,大宋/少室山/少林寺/藏经阁,4,扫地老僧,false,双雄隐疾发作惊疑不定之际，隐伏一旁的鸠摩智动了杀心，暗运掌力猝然偷袭老僧。,当前已满足结束时间=下一开始时间
286,天龙第四十二回03-鸠摩智偷袭老僧气墙化刀劲,天龙第四十二回04-慕容博求死老僧击其天灵盖,天龙,第四十二回,天龙,第四十二回,0,连续,高,false,0,1205-04-01 15:48,1205-04-01 15:48,大宋/少室山/少林寺/藏经阁,大宋/少室山/少林寺/藏经阁,4,扫地老僧,false,老僧举重若轻化去鸠摩智霸道奇袭，重归安详淡泊，复向心灰意冷的慕容博缓步逼近点拨死生大限。,当前已满足结束时间=下一开始时间
287,天龙第四十二回04-慕容博求死老僧击其天灵盖,天龙第四十二回05-萧峰出掌伤僧老僧顺毙远山,天龙,第四十二回,天龙,第四十二回,0,连续,高,false,0,1205-04-01 16:15,1205-04-01 16:15,大宋/少室山/少林寺/藏经阁,大宋/少室山/少林寺/藏经阁,4,扫地老僧|萧峰,false,慕容博猝然横死令众人大骇，萧峰唯恐生父遭难急忙运掌戒备，老僧随即移步逼近萧远山。,当前已满足结束时间=下一开始时间
288,天龙第四十二回05-萧峰出掌伤僧老僧顺毙远山,天龙第四十二回06-二子悲痛扑尸老僧携尸飞遁,天龙,第四十二回,天龙,第四十二回,0,连续,高,false,0,1205-04-01 16:41,1205-04-01 16:41,大宋/少室山/少林寺/藏经阁,大宋/少室山/少林寺/藏经阁,4,萧峰|扫地老僧,false,萧远山随之气绝仆地，萧峰与慕容复眼见生父双双毙命，悲愤欲绝扑向遗体，受创的老僧则从容立于阁中。,当前已满足结束时间=下一开始时间
289,天龙第四十二回06-二子悲痛扑尸老僧携尸飞遁,天龙第四十二回07-老僧运功龟息洗尽宿疾剧毒,天龙,第四十二回,天龙,第四十二回,0,连续,高,false,0,1205-04-01 17:07,1205-04-01 17:07,大宋/少室山/少林寺/藏经阁,大宋/少室山/少林寺/后山草地,3,扫地老僧,false,老僧将二人身躯安置在少林寺后山草地，着手以佛门深湛功法洗尽其体内积弊宿疾。,当前已满足结束时间=下一开始时间
290,天龙第四十二回07-老僧运功龟息洗尽宿疾剧毒,天龙第四十二回08-双雄顿悟前非剃度皈依佛门,天龙,第四十二回,天龙,第四十二回,0,连续,高,false,0,1205-04-01 17:33,1205-04-01 17:33,大宋/少室山/少林寺/后山草地,大宋/少室山/少林寺/后山草地,4,萧远山|慕容博,false,萧远山与慕容博死而复生后大彻大悟，追寻而至的萧峰与慕容复等人亦赶到后山草地。,当前已满足结束时间=下一开始时间
291,天龙第四十三回01-群雄聚殿开审武林公案,天龙第四十三回02-虚竹验明戒疤母子相认,天龙,第四十三回,天龙,第四十三回,0,连续,高,false,0,1205-04-02 09:15,1205-04-02 09:15,大宋/少室山/少林寺/大雄宝殿,大宋/少室山/少林寺/大雄宝殿,4,,false,叶二娘跌落的银锁与婴孩襁褓引发大殿哗然，殿内线索直指当年遗孤，促使虚竹当场验看背臀戒疤。,当前已满足结束时间=下一开始时间
292,天龙第四十三回02-虚竹验明戒疤母子相认,天龙第四十三回03-玄慈当众坦承破戒生子,天龙,第四十三回,天龙,第四十三回,0,连续,高,false,0,1205-04-02 10:30,1205-04-02 10:30,大宋/少室山/少林寺/大雄宝殿,大宋/少室山/少林寺/大雄宝殿,4,虚竹|叶二娘,false,骨肉相认引得大殿内外群雄哗然并逼问生父下落，方丈玄慈合十长叹，缓步自法座走下直面公案。,当前已满足结束时间=下一开始时间
293,天龙第四十三回03-玄慈当众坦承破戒生子,天龙第四十三回04-玄慈自承雁门关带头大哥,天龙,第四十三回,天龙,第四十三回,0,连续,高,false,0,1205-04-02 11:45,1205-04-02 11:45,大宋/少室山/少林寺/大雄宝殿,大宋/少室山/少林寺/大雄宝殿,4,玄慈,false,玄慈坦承破戒生子震动佛门与群雄，阶下旧案风暴犹未停歇，多年血仇真相随之临头爆发。,当前已满足结束时间=下一开始时间
294,天龙第四十三回04-玄慈自承雁门关带头大哥,天龙第四十三回05-玄慈肉身受杖二百重刑,天龙,第四十三回,天龙,第四十三回,0,连续,高,false,0,1205-04-02 13:00,1205-04-02 13:00,大宋/少室山/少林寺/大雄宝殿,大宋/少室山/少林寺/大雄宝殿,4,玄慈,false,雁门关血案真相大白，玄慈甘领少林门规重惩，戒律院执法僧已然在大殿前排开重杖。,当前已满足结束时间=下一开始时间
295,天龙第四十三回05-玄慈肉身受杖二百重刑,天龙第四十三回06-玄慈震断心脉含笑圆寂,天龙,第四十三回,天龙,第四十三回,0,连续,高,false,0,1205-04-02 14:15,1205-04-02 14:15,大宋/少室山/少林寺/大雄宝殿,大宋/少室山/少林寺/大雄宝殿,4,玄慈|虚竹,false,二百杖刑方毕，玄慈脊背血肉模糊端坐原地气息奄奄，凝视殿前众人准备迎对最后宿命。,当前已满足结束时间=下一开始时间
296,天龙第四十三回06-玄慈震断心脉含笑圆寂,天龙第四十三回07-叶二娘拔刀自刎殉情而死,天龙,第四十三回,天龙,第四十三回,0,连续,高,false,0,1205-04-02 15:30,1205-04-02 15:30,大宋/少室山/少林寺/大雄宝殿,大宋/少室山/少林寺/大雄宝殿,4,虚竹,false,玄慈方丈方才自绝生机含笑圆寂，瘫坐在地的叶二娘面如死灰，忽向虚竹泣声交代后事。,当前已满足结束时间=下一开始时间
297,天龙第四十三回07-叶二娘拔刀自刎殉情而死,天龙第四十三回08-虚竹痛失双亲悲恸昏厥,天龙,第四十三回,天龙,第四十三回,0,连续,高,false,0,1205-04-02 16:45,1205-04-02 16:45,大宋/少室山/少林寺/大雄宝殿,大宋/少室山/少林寺/大雄宝殿,4,虚竹,false,目睹生母血溅当场、双亲片刻间相继暴毙，虚竹心神受巨创，伏于父母尸身前哀恸欲绝。,当前已满足结束时间=下一开始时间
298,天龙第四十四回01-虚竹遵遗愿率部众西赴天山,天龙第四十四回02-阿紫换眼复明嫌丑弃游坦之,天龙,第四十四回,天龙,第四十四回,0,连续,高,false,0,1205-04-09 03:15,1205-04-09 03:15,大宋/少室山/少林寺/山门外,大宋/少室山/荒山草堂,2,,false,虚竹统领灵鹫部众启程西赴缥缈峰，而双目失明的阿紫流落江湖，正与痴心相随的游坦之面临命运转折。,当前已满足结束时间=下一开始时间
299,天龙第四十四回02-阿紫换眼复明嫌丑弃游坦之,天龙第四十四回03-游坦之万念俱灰跳崖自尽,天龙,第四十四回,天龙,第四十四回,0,连续,高,false,0,1205-04-12 22:30,1205-04-12 22:30,大宋/少室山/荒山草堂,大宋/少室山/少室绝顶,2,游坦之,false,双目失明且身负内外重伤的游坦之瘫卧在草堂泥泞中，万念俱灰下强撑双臂向荒山断崖艰难爬去。,当前已满足结束时间=下一开始时间
300,天龙第四十四回03-游坦之万念俱灰跳崖自尽,天龙第四十四回04-段誉继位为君迎娶王语嫣,天龙,第四十四回,天龙,第四十四回,0,连续,高,false,0,1205-04-16 17:45,1205-04-16 17:45,大宋/少室山/少室绝顶,大理/大理城/大理皇宫/太和殿,0,,false,游坦之殒命深渊尽散痴孽，少室山风波告一段落，大理诸事底定，静候段誉回朝履位。,当前已满足结束时间=下一开始时间
301,天龙第四十四回04-段誉继位为君迎娶王语嫣,天龙第四十四回05-萧峰恩怨平息决意返大辽,天龙,第四十四回,天龙,第四十四回,0,连续,高,false,0,1205-04-20 13:00,1205-04-20 13:00,大理/大理城/大理皇宫/太和殿,大宋/少室山/少林寺/山门,0,,false,大理君后大典既毕，而在中原恩仇暂歇的萧峰，亦整肃行装作别故旧，决意启程北归大辽。,当前已满足结束时间=下一开始时间
302,天龙第四十四回05-萧峰恩怨平息决意返大辽,天龙第四十四回06-萧峰拒旨南侵大辽暗布重围,天龙,第四十四回,天龙,第四十四回,0,连续,高,false,0,1205-04-24 08:15,1205-04-24 08:15,大宋/少室山/少林寺/山门,辽国/南京/大辽皇宫/崇政殿,0,萧峰,false,萧峰单骑绝尘北归大辽，辽帝耶律洪基已在南京幽都府暗布大军，欲逼其领兵南征大宋。,当前已满足结束时间=下一开始时间
303,天龙第四十四回06-萧峰拒旨南侵大辽暗布重围,天龙第四十四回07-耶律洪基督军密谋逼萧统兵,天龙,第四十四回,天龙,第四十四回,0,连续,高,false,0,1205-04-28 03:30,1205-04-28 03:30,辽国/南京/大辽皇宫/崇政殿,辽国/南京/校场御林营/中军大帐,2,耶律洪基,false,耶律洪基布下铁桶重围封锁萧峰行辕后，随即召集心腹密谋逼其就范统兵南征。,当前已满足结束时间=下一开始时间
304,天龙第四十四回07-耶律洪基督军密谋逼萧统兵,天龙第四十四回08-阿紫赴天山向虚竹段誉求救,天龙,第四十四回,天龙,第四十四回,0,连续,高,false,0,1205-05-01 22:45,1205-05-01 22:45,辽国/南京/校场御林营/中军大帐,西域/天山/灵鹫宫/大殿,0,,false,辽帝在析津府布下铁笼毒杀之局欲逼萧峰就范，风声鹤唳间引得阿紫惶急奔逃，只身赶赴天山灵鹫宫搬请救兵。,当前已满足结束时间=下一开始时间
305,天龙第四十五回01-王语嫣枯井绝境醒悟倾心段誉,天龙第四十五回02-鸠摩智井底走火入魔狂暴失控,天龙,第四十五回,天龙,第四十五回,0,连续,高,false,0,1205-05-12 21:15,1205-05-12 21:15,西夏/灵州/城郊荒原/枯井,西夏/灵州/城郊荒原/枯井,4,段誉|王语嫣,false,两人在井底互诉衷肠方定，忽听得井口上方劲风呼啸，一道暴戾狂乱的身影正从井口直坠而下。,当前已满足结束时间=下一开始时间
306,天龙第四十五回02-鸠摩智井底走火入魔狂暴失控,天龙第四十五回03-段誉北冥神功尽吸内力助僧成佛,天龙,第四十五回,天龙,第四十五回,0,连续,高,false,0,1205-05-15 10:30,1205-05-15 10:30,西夏/灵州/城郊荒原/枯井,西夏/灵州/城郊荒原/枯井,4,鸠摩智|段誉,false,段誉与鸠摩智在泥潭中穴道相扣陷入僵持，狂暴失控的内力顺着相接经脉汹涌激荡。,当前已满足结束时间=下一开始时间
307,天龙第四十五回03-段誉北冥神功尽吸内力助僧成佛,天龙第四十五回04-段誉融通六脉神剑晋境绝顶宗师,天龙,第四十五回,天龙,第四十五回,0,连续,高,false,0,1205-05-17 23:45,1205-05-17 23:45,西夏/灵州/城郊荒原/枯井,西夏/灵州/城郊荒原/枯井,4,段誉,false,鸠摩智散尽内力大彻大悟，段誉体内骤然吸纳了明王数十年的雄浑功力，暴虐真气在周身经脉中横冲直撞，急需凝神导引融通。,当前已满足结束时间=下一开始时间
308,天龙第四十五回04-段誉融通六脉神剑晋境绝顶宗师,天龙第四十五回05-西夏殿前群雄竞聘慕容复争驸马,天龙,第四十五回,天龙,第四十五回,0,连续,高,false,0,1205-05-20 13:00,1205-05-20 13:00,西夏/灵州/城郊荒原/枯井,西夏/灵州/西夏皇宫/大殿前,2,,false,段誉功力大成携王语嫣破井脱困，而西夏皇宫前选婿大典已然开启，群雄正齐聚殿前竞逐驸马之位。,当前已满足结束时间=下一开始时间
309,天龙第四十五回05-西夏殿前群雄竞聘慕容复争驸马,天龙第四十五回06-虚竹真情道冰洞旧梦与公主相认,天龙,第四十五回,天龙,第四十五回,0,连续,高,false,0,1205-05-23 02:15,1205-05-23 02:15,西夏/灵州/西夏皇宫/大殿前,西夏/灵州/西夏皇宫/偏殿,3,,false,慕容复权谋作答令帘后大失所望，内侍只得转向殿前其余豪杰继续问询，引得虚竹硬着头皮出列应答。,当前已满足结束时间=下一开始时间
310,天龙第四十五回06-虚竹真情道冰洞旧梦与公主相认,天龙第四十五回07-西夏国主下旨赐婚缔结永好同盟,天龙,第四十五回,天龙,第四十五回,0,连续,高,false,0,1205-05-25 15:30,1205-05-25 15:30,西夏/灵州/西夏皇宫/偏殿,西夏/灵州/西夏皇宫/正殿,3,虚竹|李清露,false,虚竹与李清露当殿相认惊动内廷，侍臣急报西夏国主，促成西夏王室正式下旨赐婚。,当前已满足结束时间=下一开始时间
311,天龙第四十五回07-西夏国主下旨赐婚缔结永好同盟,天龙第四十五回08-西夏招亲落幕四国风云暗伏伏笔,天龙,第四十五回,天龙,第四十五回,0,连续,高,false,0,1205-05-28 04:45,1205-05-28 04:45,西夏/灵州/西夏皇宫/正殿,西夏/灵州/西夏皇宫/正殿,4,虚竹|段誉|慕容复,false,赐婚大礼告成，殿前群雄与各方势力渐次退场，天下格局的暗流与纷争随之悄然发酵。,当前已满足结束时间=下一开始时间
312,天龙第四十六回01-耶律洪基大军合围威逼萧峰,天龙第四十六回02-萧峰傲立阵前拒降劝阻战祸,天龙,第四十六回,天龙,第四十六回,0,连续,高,false,0,1205-06-03 03:15,1205-06-03 03:15,大宋/雁门关/关外绝壁/绝壁之下,大宋/雁门关/关外绝壁/绝壁之下,4,耶律洪基|萧峰,false,辽军金鼓震天结成铁桶死局，萧峰昂首步出阵前直面耶律洪基，誓阻战祸南侵。,当前已满足结束时间=下一开始时间
313,天龙第四十六回02-萧峰傲立阵前拒降劝阻战祸,天龙第四十六回03-耶律洪基恼怒挥令万箭齐发,天龙,第四十六回,天龙,第四十六回,0,连续,高,false,0,1205-06-04 22:30,1205-06-04 22:30,大宋/雁门关/关外绝壁/绝壁之下,大宋/雁门关/关外绝壁/绝壁之下,4,萧峰|耶律洪基,false,萧峰当众严词拒降令辽帝在全军面前颜面扫地，耶律洪基恼羞成怒顿起杀心，决意挥令三军放箭强攻。,当前已满足结束时间=下一开始时间
314,天龙第四十六回03-耶律洪基恼怒挥令万箭齐发,天龙第四十六回04-段誉虚竹突入中枢生擒辽帝,天龙,第四十六回,天龙,第四十六回,0,连续,高,false,0,1205-06-06 17:45,1205-06-06 17:45,大宋/雁门关/关外绝壁/绝壁之下,大宋/雁门关/关外绝壁/绝壁之下,4,耶律洪基|萧峰,false,漫天箭雨将联军逼入死境，段誉与虚竹见状齐施绝顶轻功自阵中疾射而出，直扑辽帝中枢大营。,当前已满足结束时间=下一开始时间
315,天龙第四十六回04-段誉虚竹突入中枢生擒辽帝,天龙第四十六回05-萧峰逼辽帝折箭立誓退大军,天龙,第四十六回,天龙,第四十六回,0,连续,高,false,0,1205-06-08 13:00,1205-06-08 13:00,大宋/雁门关/关外绝壁/绝壁之下,大宋/雁门关/关外绝壁/绝壁之下,4,耶律洪基|萧峰,false,段誉与虚竹将受制穴道的辽帝押至阵前交予萧峰，两军止息刀兵相持，萧峰当面逼迫耶律洪基立誓退兵。,当前已满足结束时间=下一开始时间
316,天龙第四十六回05-萧峰逼辽帝折箭立誓退大军,天龙第四十六回06-耶律洪基当众诛心嘲讽萧峰,天龙,第四十六回,天龙,第四十六回,0,连续,高,false,0,1205-06-10 08:15,1205-06-10 08:15,大宋/雁门关/关外绝壁/绝壁之下,大宋/雁门关/关外绝壁/绝壁之下,4,萧峰|耶律洪基,false,数十万铁骑奉旨如潮水后撤，脱困归阵的耶律洪基深感帝王尊严荡然无存，回首冷冷逼视阵前的萧峰。,当前已满足结束时间=下一开始时间
317,天龙第四十六回06-耶律洪基当众诛心嘲讽萧峰,天龙第四十六回07-萧峰拔断箭自插胸膛以死明志,天龙,第四十六回,天龙,第四十六回,0,连续,高,false,0,1205-06-12 03:30,1205-06-12 03:30,大宋/雁门关/关外绝壁/绝壁之下,大宋/雁门关/关外绝壁/绝壁之下,4,萧峰,false,萧峰遭辽帝当众诛心痛斥后神魂剧震，在万民欢呼与忠义难全的绝境中，垂首凝视手中的折断铁箭。,当前已满足结束时间=下一开始时间
318,天龙第四十六回07-萧峰拔断箭自插胸膛以死明志,天龙第四十六回08-阿紫自挖双目抱尸跳崖殉情,天龙,第四十六回,天龙,第四十六回,0,连续,高,false,0,1205-06-13 22:45,1205-06-13 22:45,大宋/雁门关/关外绝壁/绝壁之下,大宋/雁门关/关外绝壁/绝壁之下,4,段誉|虚竹|阿紫,false,眼见萧峰自插心脉悲壮气绝，阿紫悲痛欲绝扑至遗体旁，神智已至癫狂崩溃边缘。,当前已满足结束时间=下一开始时间
319,天龙第四十七回01-雁门群雄含悲引众各自归国,天龙第四十七回02-段誉语嫣大理群臣护卫南归,天龙,第四十七回,天龙,第四十七回,0,连续,高,false,0,1205-06-24 03:15,1205-06-24 03:15,大宋/雁门关/关外绝壁/绝壁之下,大宋/雁门关/乱石荒岗/古道,2,段誉,false,段誉拜别二哥虚竹与中原群雄，在大理群臣与王语嫣等人护卫下整肃车仗，启程引众南归大理。,当前已满足结束时间=下一开始时间
320,天龙第四十七回02-段誉语嫣大理群臣护卫南归,天龙第四十七回03-途经姑苏荒郊忽见群童聚集,天龙,第四十七回,天龙,第四十七回,0,连续,高,false,0,1205-06-27 22:30,1205-06-27 22:30,大宋/雁门关/乱石荒岗/古道,大宋/苏州府/苏州郊野,1,段誉|王语嫣|巴天石,false,大理皇室仪仗渡江南下后取道姑苏，行经郊野荒僻之处时，忽闻前方林野间传来孩童嬉闹呼喊之声。,当前已满足结束时间=下一开始时间
321,天龙第四十七回03-途经姑苏荒郊忽见群童聚集,天龙第四十七回04-慕容复戴纸冠受拜分发糖果,天龙,第四十七回,天龙,第四十七回,0,连续,高,false,0,1205-07-01 17:45,1205-07-01 17:45,大宋/苏州府/苏州郊野,大宋/苏州府/苏州郊野,3,,false,段誉与王语嫣循着喧闹之声拨开荒草枯枝，悄步走近土丘荒冢，探看被群童围聚叩拜之人的真容。,当前已满足结束时间=下一开始时间
322,天龙第四十七回04-慕容复戴纸冠受拜分发糖果,天龙第四十七回05-阿碧含泪守炉烹茶相伴疯主,天龙,第四十七回,天龙,第四十七回,0,连续,高,false,0,1205-07-05 13:00,1205-07-05 13:00,大宋/苏州府/苏州郊野,大宋/苏州府/苏州郊野/土丘树下,3,慕容复,false,慕容复在土丘残碑前狂喜散尽残糖，荒冢下方的草棚旁隐隐升起烹茶微烟并传来幽幽啜泣。,当前已满足结束时间=下一开始时间
323,天龙第四十七回05-阿碧含泪守炉烹茶相伴疯主,天龙第四十七回06-语嫣树下释怀深揖投入君怀,天龙,第四十七回,天龙,第四十七回,0,连续,高,false,0,1205-07-09 08:15,1205-07-09 08:15,大宋/苏州府/苏州郊野/土丘树下,大宋/苏州府/苏州郊野/枯木树下,3,,false,段誉与王语嫣一行在林木掩映间目睹阿碧深情相守的凄凉情景，感喟良多之下彼此释怀。,当前已满足结束时间=下一开始时间
324,天龙第四十七回06-语嫣树下释怀深揖投入君怀,天龙第四十七回07-段誉携妻南归大理开明治国,天龙,第四十七回,天龙,第四十七回,0,连续,高,false,0,1205-07-13 03:30,1205-07-13 03:30,大宋/苏州府/苏州郊野/枯木树下,大理/大理城/大理皇宫/正殿,0,王语嫣|段誉,false,段誉与王语嫣心结冰释、两心相印，遂携手折返銮驾，率领大理百官与亲卫拔营起驾南归。,当前已满足结束时间=下一开始时间
325,天龙第四十七回07-段誉携妻南归大理开明治国,天龙第四十七回08-虚竹携妻隐居灵鹫逍遥世外,天龙,第四十七回,天龙,第四十七回,0,连续,高,false,0,1205-07-16 22:45,1205-07-16 22:45,大理/大理城/大理皇宫/正殿,西域/天山/灵鹫宫/大殿,0,,false,大理政局清明、四海息戈，而虚竹亦辞别尘俗纷扰，携银川公主启程折返缥缈峰灵鹫宫隐居。,当前已满足结束时间=下一开始时间
326,天龙第四十八回01-段誉携眷归国登基整肃朝纲,天龙第四十八回02-王语嫣恐容颜老沉迷驻颜术,天龙,第四十八回,天龙,第四十八回,0,连续,高,false,0,1205-08-04 17:06,1205-08-04 17:06,大理/大理城/大理皇宫/金銮殿,大理/大理城/大理皇宫/寝殿,3,王语嫣,false,大理政局平稳笃定，内廷渐归祥和，然久居深宫的王语嫣对镜自照，忽生华年易逝之叹，暗自留意起驻颜延年之术。,当前已满足结束时间=下一开始时间
327,天龙第四十八回02-王语嫣恐容颜老沉迷驻颜术,天龙第四十八回03-段誉命工匠起运神仙姐玉像,天龙,第四十八回,天龙,第四十八回,0,连续,高,false,0,1205-08-08 02:13,1205-08-08 02:13,大理/大理城/大理皇宫/寝殿,大理/大理城/大理皇宫/内廷偏殿,3,,false,段誉见王语嫣因无量玉洞玉像心结难解、走火入魔，决意遣派巧手工匠远赴无量山起运神仙姐姐玉像入宫。,当前已满足结束时间=下一开始时间
328,天龙第四十八回03-段誉命工匠起运神仙姐玉像,天龙第四十八回04-段誉伴王语嫣烛下共瞻玉像,天龙,第四十八回,天龙,第四十八回,0,连续,高,false,0,1205-08-11 11:20,1205-08-11 11:20,大理/大理城/大理皇宫/内廷偏殿,大理/大理城/大理皇宫/静心殿,3,段誉,false,神仙姐姐白玉雕像已妥善运抵并移置于静心殿深处，帷幔重垂，静候帝后亲临一睹真容。,当前已满足结束时间=下一开始时间
329,天龙第四十八回04-段誉伴王语嫣烛下共瞻玉像,天龙第四十八回05-段誉凝视玉像顿悟破除心魔,天龙,第四十八回,天龙,第四十八回,0,连续,高,false,0,1205-08-14 20:26,1205-08-14 20:26,大理/大理城/大理皇宫/静心殿,大理/大理城/大理皇宫/静心殿,4,段誉|王语嫣,false,段誉执烛僵立在玉像前，心神在旧日痴狂与眼前冷玉间剧烈激荡，陷于深沉的审视与觉悟之中。,当前已满足结束时间=下一开始时间
330,天龙第四十八回05-段誉凝视玉像顿悟破除心魔,天龙第四十八回06-王语嫣明晰心结决意还姑苏,天龙,第四十八回,天龙,第四十八回,0,连续,高,false,0,1205-08-18 05:33,1205-08-18 05:33,大理/大理城/大理皇宫/静心殿,大理/大理城/大理皇宫/静心殿,4,段誉|王语嫣,false,段誉勘破幻象重归澄澈，王语嫣见其神色异样追问根由，彼此心结随之层层揭开。,当前已满足结束时间=下一开始时间
331,天龙第四十八回06-王语嫣明晰心结决意还姑苏,天龙第四十八回07-段誉赠予车马重金惜别语嫣,天龙,第四十八回,天龙,第四十八回,0,连续,高,false,0,1205-08-21 14:40,1205-08-21 14:40,大理/大理城/大理皇宫/静心殿,大理/大理城/十里长亭,2,段誉|王语嫣,false,王语嫣当殿决意辞行东归，段誉既已勘破心魔执念，遂感念旧情筹备资财车马为其送行。,当前已满足结束时间=下一开始时间
332,天龙第四十八回07-段誉赠予车马重金惜别语嫣,天龙第四十八回08-段誉册立婉清钟灵安宁后宫,天龙,第四十八回,天龙,第四十八回,0,连续,高,false,0,1205-08-24 23:46,1205-08-24 23:46,大理/大理城/十里长亭,大理/大理城/大理皇宫/正殿,2,段誉,false,了却与王语嫣的昔年纠葛后，段誉还驾大理深宫整肃内闱，筹备册立木婉清与钟灵的宫廷典礼。,当前已满足结束时间=下一开始时间
333,天龙第四十八回08-段誉册立婉清钟灵安宁后宫,天龙第四十八回09-段誉励精图治晚年出家了思,天龙,第四十八回,天龙,第四十八回,0,连续,高,false,0,1205-08-28 08:53,1205-08-28 08:53,大理/大理城/大理皇宫/正殿,大理/点苍山/崇圣寺/三宝佛殿,1,段誉,false,后宫安定和睦再无私情纷扰，段誉得以全心投身于大理国政抚育万民。,当前已满足结束时间=下一开始时间
334,天龙第四十九回01-虚竹接任尊主施仁政化酷风,天龙第四十九回02-清露配制圣药疗愈各部伤残,天龙,第四十九回,天龙,第四十九回,0,连续,高,false,0,1205-09-09 13:40,1205-09-09 13:40,西域/天山/灵鹫宫/大殿,西域/天山/灵鹫宫/大殿,4,虚竹|李清露,false,见宫内旧律尽废但诸部众旧伤残疾犹在，李清露决意前往药室配制灵丹圣药，着手疗愈众女沉疴。,当前已满足结束时间=下一开始时间
335,天龙第四十九回02-清露配制圣药疗愈各部伤残,天龙第四十九回03-万仙群魔感德誓死效忠灵鹫,天龙,第四十九回,天龙,第四十九回,0,连续,高,false,0,1205-09-13 19:20,1205-09-13 19:20,西域/天山/灵鹫宫/大殿,西域/天山/灵鹫宫/大殿,4,李清露|虚竹,false,沉疴尽愈的三十六洞与七十二岛群豪震撼感激，在殿前齐声高呼拜谢尊主与夫人浩荡恩德。,当前已满足结束时间=下一开始时间
336,天龙第四十九回03-万仙群魔感德誓死效忠灵鹫,天龙第四十九回04-丐帮新主携信物登峰拜虚竹,天龙,第四十九回,天龙,第四十九回,0,连续,高,false,0,1205-09-18 01:00,1205-09-18 01:00,西域/天山/灵鹫宫/大殿,西域/天山/灵鹫宫/大殿,4,虚竹,false,群豪归顺效忠使缥缈峰大局彻底抵定，忽闻峰下丐帮新任帮主携萧峰遗留打狗棒信物求见尊主。,当前已满足结束时间=下一开始时间
337,天龙第四十九回04-丐帮新主携信物登峰拜虚竹,天龙第四十九回05-密室传授降龙绝艺续接道统,天龙,第四十九回,天龙,第四十九回,0,连续,高,false,0,1205-09-22 06:40,1205-09-22 06:40,西域/天山/灵鹫宫/大殿,西域/天山/灵鹫宫/密室,3,虚竹,false,虚竹接纳信物后，当即引少年帮主移步后殿密室，着手践行昔日重托倾囊传授镇帮绝学。,当前已满足结束时间=下一开始时间
338,天龙第四十九回05-密室传授降龙绝艺续接道统,天龙第四十九回06-绝顶凭吊结义归隐缥缈仙缘,天龙,第四十九回,天龙,第四十九回,0,连续,高,false,0,1205-09-26 12:20,1205-09-26 12:20,西域/天山/灵鹫宫/密室,西域/天山/缥缈峰/绝顶,2,虚竹,false,虚竹功德圆满续接丐帮绝学，终了结义兄托付之大事，遂引妻子李清露携酒步往缥缈峰绝顶凭吊亡兄。,当前已满足结束时间=下一开始时间
339,天龙第五十回01-五十年风云如梦全书落幕,天龙第五十回02-段誉仁政爱民晚年出家为僧,天龙,第五十回,天龙,第五十回,0,连续,高,false,0,1205-10-03 17:40,1205-10-03 17:40,大宋/雁门关/乱石荒岗/关外荒原,大理/大理城/大理皇宫/金銮殿,0,,false,边关烽烟暂息，段誉辞别结义兄弟与各路豪杰，携众启程回归大理料理国政。,当前已满足结束时间=下一开始时间
340,天龙第五十回02-段誉仁政爱民晚年出家为僧,天龙第五十回03-虚竹偕妻归隐传续两派神功,天龙,第五十回,天龙,第五十回,0,连续,高,false,0,1205-10-06 03:20,1205-10-06 03:20,大理/大理城/大理皇宫/金銮殿,西域/天山/灵鹫宫/后山,0,,false,段誉功德圆满遁入空门，而身在缥缈峰灵鹫宫的虚竹亦看破红尘纷扰，决意携妻子李清露归隐避世。,当前已满足结束时间=下一开始时间
341,天龙第五十回03-虚竹偕妻归隐传续两派神功,天龙第五十回04-慕容复发疯沉沦阿碧伴残梦,天龙,第五十回,天龙,第五十回,0,连续,高,false,0,1205-10-08 13:00,1205-10-08 13:00,西域/天山/灵鹫宫/后山,大宋/苏州府/常熟城/荒坟草丛,0,,false,天山传功事毕两派神功薪火得续，而江南姑苏荒冢林泉之间，亦有一段皇图霸业的残梦正待落幕。,当前已满足结束时间=下一开始时间
342,天龙第五十回04-慕容复发疯沉沦阿碧伴残梦,天龙第五十回05-萧峰舍身止战长眠雁门绝壁,天龙,第五十回,天龙,第五十回,0,连续,高,false,0,1205-10-10 22:40,1205-10-10 22:40,大宋/苏州府/常熟城/荒坟草丛,大宋/雁门关/关外绝壁/绝壁之下,1,,false,江南残梦落幕，而雁门关外辽宋两军阵前风云激荡，萧峰舍生取义以阻浩劫的决断一触即发。,当前已满足结束时间=下一开始时间
343,天龙第五十回05-萧峰舍身止战长眠雁门绝壁,天龙第五十回06-雁门风沙吹蚀英雄浩气永存,天龙,第五十回,天龙,第五十回,0,连续,高,false,0,1205-10-13 08:20,1205-10-13 08:20,大宋/雁门关/关外绝壁/绝壁之下,大宋/雁门关/关外绝壁/绝壁隘口,3,,false,萧峰自戕殉道长眠深渊，辽军依誓全线北撤，雁门关前群雄面对漫天风沙悲怆收敛英雄残局。,当前已满足结束时间=下一开始时间
344,射雕第三回03-郭靖巧救哲别,射雕第三回04-郭靖与拖雷结为安答,射雕,第三回,射雕,第三回,24302,间歇,高,false,24302,1207-10-08 16:00,1210-08-01 06:00,蒙古/大漠/蒙古部落/郭靖家,蒙古/斡难河/铁木真营地,1,郭靖|铁木真,false,郭靖因其勇敢和忠义，受到了铁木真一家的关注。,存在跨日/长程/长时段或明显场景重置，作为自由期时间锚点
345,射雕第三回04-郭靖与拖雷结为安答,射雕第三回05-金国王子册封风波,射雕,第三回,射雕,第三回,6,连续,中,false,0,1210-08-01 08:00,1210-08-01 14:00,蒙古/斡难河/铁木真营地,蒙古/斡难河/铁木真营地,3,铁木真|郭靖,false,郭靖跟随铁木真等人去迎接金国使者，见识了更大的场面。,同场景短间隔，倾向连续但证据不足以自动改时
346,射雕第三回05-金国王子册封风波,射雕第三回06-铁木真与札木合大破乃蛮,射雕,第三回,射雕,第三回,138,间歇,高,false,138,1210-08-01 16:00,1210-08-07 10:00,蒙古/斡难河/铁木真营地,蒙古/大漠/蒙古部落,1,完颜洪熙|完颜洪烈|铁木真|哲别|札木合,false,铁木真护送金国王子前往王罕部落，途中遭遇乃蛮部挑衅。,存在跨日/长程/长时段或明显场景重置，作为自由期时间锚点
347,射雕第四回01-金杯受辱,射雕第四回02-人豹之争,射雕,第四回,射雕,第四回,1,连续,高,true,0,1210-08-07 21:00,1210-08-07 22:00,蒙古/克烈部/王罕营地/主帐,蒙古/克烈部/王罕营地/主帐,4,铁木真|桑昆,false,桑昆对铁木真的声望心怀嫉妒，试图用猎豹来羞辱其麾下四杰。,同回目同地点，短间隔无独立过渡内容
348,射雕第四回02-人豹之争,射雕第四回03-夺兔之争,射雕,第四回,射雕,第四回,1,过渡,高,false,1,1210-08-08 00:00,1210-08-08 01:00,蒙古/克烈部/王罕营地/主帐,蒙古/克烈部/王罕营地/主帐,4,,false,次日，铁木真之子拖雷与桑昆之子都史因一只野兔发生争执，冲突进一步升级。,文本明确包含赶路/等待/跨时段过程
349,射雕第四回03-夺兔之争,射雕第四回04-巧遇七怪,射雕,第四回,射雕,第四回,1,待人工确认,中,false,,1210-08-08 03:00,1210-08-08 04:00,蒙古/克烈部/王罕营地/主帐,蒙古/大漠/荒山,1,郭靖|拖雷|都史,false,郭靖与拖雷在约架时再次被都史欺负，恰逢江南七怪路过，为后续的相认和拜师埋下伏笔。,证据不足，避免自动改时
350,射雕第四回04-巧遇七怪,射雕第四回05-荒山恶战,射雕,第四回,射雕,第四回,1,过渡,中,false,1,1210-08-08 06:00,1210-08-08 07:00,蒙古/大漠/荒山,蒙古/大漠/荒山,3,郭靖|柯镇恶|朱聪|韩宝驹|南希仁|张阿生|全金发|韩小莹,false,江南七怪在荒山等待郭靖赴约，却意外遭遇了宿敌黑风双煞，一场生死大战就此展开。,存在短途移动/等待/跨时段语义，保留过渡耗时
351,射雕第四回05-荒山恶战,射雕第四回06-郭靖拜师,射雕,第四回,射雕,第四回,1,连续,高,true,0,1210-08-08 11:00,1210-08-08 12:00,蒙古/大漠/荒山,蒙古/大漠/荒山,3,郭靖|柯镇恶|朱聪|南希仁|韩宝驹|全金发|张阿生|韩小莹,false,经历了荒山恶战，张阿生临终前，郭靖正式拜江南六怪为师，开启了他的学武之路。,同回目同地点，短间隔无独立过渡内容
352,射雕第四回06-郭靖拜师,射雕第五回04-弯弓射雕,射雕,第四回,射雕,第五回,60769,待人工确认,中,false,,1210-08-08 14:00,1217-08-20 15:00,蒙古/大漠/荒山,蒙古/大漠/悬崖,2,郭靖|韩小莹,true,郭靖开始跟随江南六怪学武，但因天资鲁钝，进展缓慢，六怪心灰意懒。,节点存在分支/汇合，不自动改时
353,射雕第五回01-豹口救人,射雕第五回02-指腹为婚,射雕,第五回,射雕,第五回,1,连续,高,true,0,1210-08-09 12:00,1210-08-09 13:00,蒙古/斡难河/草原,蒙古/斡难河/草原,3,都史|华筝|铁木真,false,为了化解与王罕部落的紧张关系，铁木真提议将女儿华筝许配给都史。,同回目同地点，短间隔无独立过渡内容
354,射雕第五回02-指腹为婚,射雕第五回03-夜半切磋,射雕,第五回,射雕,第五回,57512,间歇,高,false,57512,1210-08-09 15:00,1217-04-05 23:00,蒙古/斡难河/草原,蒙古/斡难河/铁木真营地,2,,false,十年后，一位神秘道人深夜到访，与郭靖展开了一场武功切磋。,存在跨日/长程/长时段或明显场景重置，作为自由期时间锚点
355,射雕第五回03-夜半切磋,射雕第五回04-弯弓射雕,射雕,第五回,射雕,第五回,3230,待人工确认,中,false,,1217-04-06 01:00,1217-08-20 15:00,蒙古/斡难河/铁木真营地,蒙古/大漠/悬崖,1,郭靖|韩小莹,true,郭靖在一次狩猎中展露了惊人的箭法。,节点存在分支/汇合，不自动改时
356,射雕第五回04-弯弓射雕,射雕第五回05-悬崖奇遇,射雕,第五回,射雕,第五回,1,连续,高,true,0,1217-08-20 17:00,1217-08-20 18:00,蒙古/大漠/悬崖,蒙古/大漠/悬崖,3,郭靖,false,郭靖因婚约之事心情郁闷，在悬崖边意外遇到了一位道行高深的奇人。,同回目同地点，短间隔无独立过渡内容
357,射雕第五回05-悬崖奇遇,射雕第五回06-秘授玄功,射雕,第五回,射雕,第五回,52,间歇,中,false,52,1217-08-20 20:00,1217-08-23 00:00,蒙古/大漠/悬崖,蒙古/大漠/悬崖,3,郭靖|马钰,false,神秘道人开始在每个夜晚，向郭靖传授精深的内功心法。,外部间隔超过一天，未发现足够证据压缩
358,射雕第五回06-秘授玄功,射雕第五回07-驯服红马,射雕,第五回,射雕,第五回,441,间歇,高,false,441,1219-08-22 00:00,1219-09-10 09:00,蒙古/大漠/悬崖,蒙古/斡难河/草原,1,郭靖,false,郭靖在一次偶然的机会中，展现出了惊人的功力，成功驯服了一匹烈马。,存在跨日/长程/长时段或明显场景重置，作为自由期时间锚点
359,射雕第五回07-驯服红马,射雕第五回08-内功初显,射雕,第五回,射雕,第五回,1,过渡,中,false,1,1219-09-10 11:00,1219-09-10 12:00,蒙古/斡难河/草原,蒙古/斡难河/铁木真营地,2,韩宝驹|郭靖|柯镇恶|全金发|南希仁|朱聪|韩小莹,false,江南六怪对郭靖武功的飞速进步心生疑窦，决定出手试探。,同链近距事件，保留有限过渡时间
360,射雕第五回08-内功初显,射雕第六回01-崖顶疑阵,射雕,第五回,射雕,第六回,6,待人工确认,中,false,,1219-09-10 14:00,1219-09-10 20:00,蒙古/斡难河/铁木真营地,蒙古/大漠/悬崖,1,郭靖|柯镇恶|南希仁|韩小莹|韩宝驹|全金发|朱聪,false,郭靖的武功进步神速，但他的奇遇也引起了新的风波。,证据不足，避免自动改时
361,射雕第六回01-崖顶疑阵,射雕第六回02-密谋除汗,射雕,第六回,射雕,第六回,13,过渡,中,false,13,1219-09-11 10:00,1219-09-11 23:00,蒙古/大漠/悬崖,蒙古/大漠/悬崖,3,郭靖|梅超风|马钰,false,马钰与六怪合力用计惊走梅超风后，郭靖将意外听到的桑昆、札木合与完颜洪烈密谋杀害铁木真的消息告知众人。,同链近距事件，保留有限过渡时间
362,射雕第六回02-密谋除汗,射雕第六回03-智退铁尸,射雕,第六回,射雕,第六回,1,过渡,中,false,1,1219-09-12 01:00,1219-09-12 02:00,蒙古/大漠/悬崖,蒙古/大漠/悬崖,3,郭靖|马钰|梅超风,false,郭靖与马钰在返回途中遇到梅超风，众人回到崖顶，马钰用计假扮全真七子，以深厚内力与言语机锋惊走了梅超风。,存在短途移动/等待/跨时段语义，保留过渡耗时
363,射雕第六回03-智退铁尸,射雕第六回04-土山之围,射雕,第六回,射雕,第六回,28,过渡,高,false,28,1219-09-12 04:00,1219-09-13 08:00,蒙古/大漠/悬崖,蒙古/大漠/悬崖,3,郭靖|华筝,false,郭靖策马疾驰，终于在半途追上铁木真，告知其桑昆等人的阴谋。铁木真将信将疑，派人查探后确认了危险，随即率部登上附近土山布防，准备迎接血战。,人工复核：包含策马追赶、传讯、查探与登山布防，属于真实过渡
364,射雕第六回04-土山之围,射雕第六回05-力战四鬼,射雕,第六回,射雕,第六回,1,待人工确认,中,false,,1219-09-13 13:00,1219-09-13 14:00,蒙古/大漠/悬崖,蒙古/克烈部/土山,1,郭靖,false,完颜洪烈派出麾下高手黄河四鬼上山挑战，郭靖为保护铁木真，挺身而出，以一敌四，展开了一场惊心动魄的恶战。,证据不足，避免自动改时
365,射雕第六回05-力战四鬼,射雕第六回06-大破联军,射雕,第六回,射雕,第六回,160,间歇,中,false,160,1219-09-13 16:00,1219-09-20 08:00,蒙古/克烈部/土山,蒙古/克烈部/土山,3,,false,江南六怪及时赶到，轻易击败黄河四鬼。随后拖雷率领的疑兵之计奏效，铁木真趁势率军反击，大破王罕与札木合的联军。,外部间隔超过一天，未发现足够证据压缩
366,射雕第六回06-大破联军,射雕第六回07-金刀驸马,射雕,第六回,射雕,第六回,147,间歇,高,false,147,1219-09-29 06:00,1219-10-05 09:00,蒙古/克烈部/土山,蒙古/斡难河/铁木真营地/大汗金帐,1,韩宝驹|韩小莹|南希仁|全金发|柯镇恶|朱聪,false,在庆功宴上，成吉思汗为表彰郭靖的卓著功勋，当众宣布将华筝许配给他，封为“金刀驸马”。,存在跨日/长程/长时段或明显场景重置，作为自由期时间锚点
367,射雕第六回07-金刀驸马,射雕第七回01-宝马风波,射雕,第六回,射雕,第七回,359,间歇,高,false,359,1219-10-05 11:00,1219-10-20 10:00,蒙古/斡难河/铁木真营地/大汗金帐,金国/张家口/张家口镇,0,郭靖|柯镇恶|全金发|南希仁|韩小莹|韩宝驹|朱聪,false,郭靖遵从母亲和师父们的安排，动身南下，前往中都寻找杨家后人，履行当年的婚约，并伺机为父报仇。,存在跨日/长程/长时段或明显场景重置，作为自由期时间锚点
368,射雕第七回01-宝马风波,射雕第七回02-初遇黄蓉,射雕,第七回,射雕,第七回,1,连续,高,true,0,1219-10-20 12:00,1219-10-20 13:00,金国/张家口/张家口镇,金国/张家口/张家口镇,3,郭靖,false,郭靖抵达张家口，将在此地遇到一位重要的人物。,同回目同地点，短间隔无独立过渡内容
369,射雕第七回02-初遇黄蓉,射雕第七回03-黑松林解围,射雕,第七回,射雕,第七回,1,连续,高,true,0,1219-10-20 15:00,1219-10-20 16:00,金国/张家口/张家口镇,金国/张家口/张家口镇,3,郭靖|黄蓉,false,郭靖与黄蓉分别后，黄河四鬼及侯通海在张家口客店找上门来，欲向郭靖寻仇。,同回目同地点，短间隔无独立过渡内容
370,射雕第七回03-黑松林解围,射雕第七回04-比武招亲,射雕,第七回,射雕,第七回,2256,间歇,高,false,2256,1219-10-21 10:00,1220-01-25 10:00,金国/张家口/张家口镇,金国/中都/中都城/街头,1,郭靖,false,郭靖继续南下，在中都北京遇到了一场比武招亲，并卷入其中。,存在跨日/长程/长时段或明显场景重置，作为自由期时间锚点
371,射雕第七回04-比武招亲,射雕第七回05-高手齐聚,射雕,第七回,射雕,第七回,94,间歇,中,false,94,1220-01-25 12:00,1220-01-29 10:00,金国/中都/中都城/街头,金国/中都/中都城/街头,4,郭靖|完颜康|彭连虎|梁子翁,false,王处一为化解郭靖与完颜康的恩怨，也为查明真相，决定带郭靖同赴赵王府。,外部间隔超过一天，未发现足够证据压缩
372,射雕第七回05-高手齐聚,射雕第八回01-赵王府夜宴,射雕,第七回,射雕,第八回,54,间歇,中,false,54,1220-01-29 12:00,1220-02-01 18:00,金国/中都/中都城/街头,金国/中都/赵王府,2,郭靖|完颜康|彭连虎|梁子翁|灵智上人|王处一,false,王处一为探查完颜康的身世以及赵王府的阴谋，决定夜探赵王府，郭靖随行。,外部间隔超过一天，未发现足够证据压缩
373,射雕第八回01-赵王府夜宴,射雕第八回02-高手显神通,射雕,第八回,射雕,第八回,1,连续,高,true,0,1220-02-01 20:00,1220-02-01 21:00,金国/中都/赵王府,金国/中都/赵王府,3,王处一|郭靖|彭连虎|沙通天|梁子翁|灵智上人|欧阳克,false,宴席之上，各路高手纷纷开始展示自己的独门绝技。,同回目同地点，短间隔无独立过渡内容
374,射雕第八回02-高手显神通,射雕第八回03-王处一中毒,射雕,第八回,射雕,第八回,1,连续,高,true,0,1220-02-01 23:00,1220-02-02 00:00,金国/中都/赵王府,金国/中都/赵王府,3,王处一|郭靖|灵智上人,false,在紧张对峙中，王处一为挟制完颜康，最终与灵智上人交手，不幸中毒。,同回目同地点，短间隔无独立过渡内容
375,射雕第八回03-王处一中毒,射雕第八回04-郭靖寻药,射雕,第八回,射雕,第八回,1,过渡,高,false,1,1220-02-02 02:00,1220-02-02 03:00,金国/中都/赵王府,金国/中都/中都城/高升客栈,2,王处一|郭靖,false,王处一中毒后，郭靖心急如焚，开始满城奔走为他寻找解药。,文本明确包含赶路/等待/跨时段过程
376,射雕第八回04-郭靖寻药,射雕第八回05-湖边相会,射雕,第八回,射雕,第八回,1,连续,高,true,0,1220-02-02 07:00,1220-02-02 08:00,金国/中都/中都城/高升客栈,金国/中都/中都城/高升客栈,4,郭靖,false,郭靖在寻药无果，万分沮丧之时，收到了黄蓉的来信，约他湖边相见。,同回目同地点，短间隔无独立过渡内容
377,射雕第八回05-湖边相会,射雕第九回01-夜探王府,射雕,第八回,射雕,第九回,10,待人工确认,中,false,,1220-02-02 10:00,1220-02-02 20:00,金国/中都/中都城/高升客栈,金国/中都/赵王府,2,郭靖|黄蓉,false,为了拿到解药，郭靖与黄蓉决定夜探戒备森严的赵王府。,证据不足，避免自动改时
378,射雕第九回01-夜探王府,射雕第九回02-寻药风波,射雕,第九回,射雕,第九回,1,连续,高,true,0,1220-02-02 22:00,1220-02-02 23:00,金国/中都/赵王府,金国/中都/赵王府,3,郭靖|黄蓉|完颜康,false,郭靖与黄蓉决定先为王处一盗药，随后再设法营救穆氏父女。,同回目同地点，短间隔无独立过渡内容
379,射雕第九回02-寻药风波,射雕第九回03-密室听秘,射雕,第九回,射雕,第九回,1,连续,高,true,0,1220-02-03 01:00,1220-02-03 02:00,金国/中都/赵王府,金国/中都/赵王府,3,黄蓉|梁子翁,false,黄蓉为脱身，与赵王府高手周旋，而郭靖在躲避梁子翁追杀时，意外地揭开了一段尘封的往事。,同回目同地点，短间隔无独立过渡内容
380,射雕第九回03-密室听秘,射雕第九回04-故人相认,射雕,第九回,射雕,第九回,1,连续,高,true,0,1220-02-03 04:00,1220-02-03 05:00,金国/中都/赵王府,金国/中都/赵王府,3,梁子翁,false,郭靖在逃亡中躲入包惜弱的居室，意外促成了杨铁心与包惜弱的重逢。,同回目同地点，短间隔无独立过渡内容
381,射雕第九回04-故人相认,射雕第九回05-铁枪破犁,射雕,第九回,射雕,第九回,1,连续,高,true,0,1220-02-03 07:00,1220-02-03 08:00,金国/中都/赵王府,金国/中都/赵王府,3,郭靖|杨铁心|包惜弱,false,杨铁心与包惜弱相认后，完颜康赶到，杨铁心向其揭示身世真相，一场家庭巨变即将爆发。,同回目同地点，短间隔无独立过渡内容
382,射雕第九回05-铁枪破犁,射雕第十回01-父子相认,射雕,第九回,射雕,第十回,2,待人工确认,中,false,,1220-02-03 10:00,1220-02-03 12:00,金国/中都/赵王府,金国/中都/赵王府,3,杨铁心|包惜弱|完颜康|郭靖,false,杨铁心、包惜弱、郭靖被完颜洪烈及一众高手围困，形势岌岌可危。,证据不足，避免自动改时
383,射雕第十回01-父子相认,射雕第十回02-智斗群雄,射雕,第十回,射雕,第十回,1,待人工确认,中,false,,1220-02-03 14:00,1220-02-03 15:00,金国/中都/赵王府,金国/中都/赵王府,3,,false,杨铁心带妻子逃离王府，而郭靖则在府内遭遇了新的麻烦。,证据不足，避免自动改时
384,射雕第十回02-智斗群雄,射雕第十回03-地底奇遇,射雕,第十回,射雕,第十回,1,待人工确认,中,false,,1220-02-03 17:00,1220-02-03 18:00,金国/中都/赵王府,金国/中都/赵王府,3,,false,黄蓉虽然暂时脱身，但赵王府内高手云集，危机四伏。,证据不足，避免自动改时
385,射雕第十回03-地底奇遇,射雕第十回04-往事如烟,射雕,第十回,射雕,第十回,1,连续,高,true,0,1220-02-03 20:00,1220-02-03 21:00,金国/中都/赵王府,金国/中都/赵王府,3,郭靖|梅超风,false,梅超风的出现，引出了一段尘封已久的江湖往事。,同回目同地点，短间隔无独立过渡内容
386,射雕第十回04-往事如烟,射雕第十回05-冤家聚头,射雕,第十回,射雕,第十回,1,连续,高,true,0,1220-02-03 23:00,1220-02-04 00:00,金国/中都/赵王府,金国/中都/赵王府,3,郭靖|梅超风,false,梅超风与郭靖的恩怨尚未了结，王府中的其他高手已经循迹而至。,同回目同场景直接因果接续
387,射雕第十回05-冤家聚头,射雕第十一回01-赵王府混战,射雕,第十回,射雕,第十一回,6,待人工确认,中,false,,1220-02-04 02:00,1220-02-04 08:00,金国/中都/赵王府,金国/中都/赵王府,3,郭靖|梅超风|黄蓉|欧阳克|梁子翁|沙通天|彭连虎,false,后续剧情将转入“赵王府混战”。,证据不足，避免自动改时
388,射雕第十一回01-赵王府混战,射雕第十一回02-杨铁心夫妇殉情,射雕,第十一回,射雕,第十一回,1,连续,高,true,0,1220-02-04 12:00,1220-02-04 13:00,金国/中都/赵王府,金国/中都/赵王府,3,郭靖|沙通天|彭连虎|完颜康,false,完颜康为救被掳走的母亲，请动一众高手，却意外促成了杨铁心与包惜弱的悲壮重逢。,同回目同地点，短间隔无独立过渡内容
389,射雕第十一回02-杨铁心夫妇殉情,射雕第十一回03-丘处机甘拜下风,射雕,第十一回,射雕,第十一回,1,过渡,中,false,1,1220-02-04 15:00,1220-02-04 16:00,金国/中都/赵王府,金国/中都/中都城/高升客栈,2,丘处机|郭靖,false,杨铁心夫妇之死，让丘处机深刻反思自己对杨康的教育，最终承认在与江南七怪的赌约中落败。,同链近距事件，保留有限过渡时间
390,射雕第十一回03-丘处机甘拜下风,射雕第十一回04-郭靖拒婚,射雕,第十一回,射雕,第十一回,1,连续,高,true,0,1220-02-04 18:00,1220-02-04 19:00,金国/中都/中都城/高升客栈,金国/中都/中都城/高升客栈,4,丘处机|柯镇恶|全金发|南希仁|朱聪|韩小莹|韩宝驹|郭靖,false,十八年赌约虽了，但杨铁心临终托付的婚事，却让郭靖陷入了新的困境。,人工复核：同一客栈同一场谈话链，所谓“十八年”是已结束赌约的历史跨度，不是两事件间隔
391,射雕第十一回04-郭靖拒婚,射雕第十一回05-郭靖黄蓉出走,射雕,第十一回,射雕,第十一回,95,间歇,中,false,95,1220-02-04 21:00,1220-02-08 20:00,金国/中都/中都城/高升客栈,金国/中都/中都城/高升客栈,4,郭靖|黄蓉|韩宝驹,false,面对师父们的逼迫，郭靖和黄蓉选择了一同离开，开始了一段江湖浪迹的旅程。,外部间隔超过一天，未发现足够证据压缩
392,射雕第十一回05-郭靖黄蓉出走,射雕第十二回01-初遇洪七公,射雕,第十一回,射雕,第十二回,1,过渡,高,false,1,1220-08-07 06:00,1220-08-07 07:00,金国/中都/中都城/高升客栈,大宋/淮南东路/宝应县,0,郭靖|黄蓉,false,郭靖与黄蓉一路南下，游山玩水，在长江边上意外遇到了号称“北丐”的洪七公。,文本明确包含赶路/等待/跨时段过程
393,射雕第十二回01-初遇洪七公,射雕第十二回02-美食计诱洪七公,射雕,第十二回,射雕,第十二回,1,过渡,中,false,1,1220-08-07 09:00,1220-08-07 10:00,大宋/淮南东路/宝应县,大宋/淮南东路/姜庙镇,2,郭靖|黄蓉|洪七公,false,黄蓉决定用美食来诱使洪七公传授郭靖武功。,同链近距事件，保留有限过渡时间
394,射雕第十二回02-美食计诱洪七公,射雕第十二回03-亢龙有悔,射雕,第十二回,射雕,第十二回,1,连续,高,true,0,1220-08-07 12:00,1220-08-07 13:00,大宋/淮南东路/姜庙镇,大宋/淮南东路/姜庙镇,3,黄蓉|洪七公|郭靖,false,洪七公开始向郭靖传授降龙十八掌。,同回目同地点，短间隔无独立过渡内容
395,射雕第十二回03-亢龙有悔,射雕第十二回04-力战梁子翁,射雕,第十二回,射雕,第十二回,24,过渡,高,false,24,1220-09-07 08:00,1220-09-08 08:00,大宋/淮南东路/姜庙镇,大宋/淮南东路/姜庙镇,3,黄蓉|洪七公|郭靖,false,郭靖初学神功，便与追踪而来的梁子翁展开激战。,文本明确包含赶路/等待/跨时段过程
396,射雕第十二回04-力战梁子翁,射雕第十二回05-智退欧阳克,射雕,第十二回,射雕,第十二回,1,连续,高,true,0,1220-09-08 10:00,1220-09-08 11:00,大宋/淮南东路/姜庙镇,大宋/淮南东路/姜庙镇,3,郭靖|黄蓉|洪七公,false,洪七公、郭靖、黄蓉遭遇了西毒的传人欧阳克及其蛇阵。,同回目同地点，短间隔无独立过渡内容
397,射雕第十二回05-智退欧阳克,射雕第十二回06-比武夺匕,射雕,第十二回,射雕,第十二回,1,连续,高,true,0,1220-09-08 13:00,1220-09-08 14:00,大宋/淮南东路/姜庙镇,大宋/淮南东路/姜庙镇,3,黄蓉|洪七公,false,黄蓉因误会与穆念慈发生争执，并动起手来。,同回目同地点，短间隔无独立过渡内容
398,射雕第十二回06-比武夺匕,射雕第十二回07-夜探钦使府,射雕,第十二回,射雕,第十二回,4,连续,中,false,0,1220-09-08 16:00,1220-09-08 20:00,大宋/淮南东路/姜庙镇,大宋/淮南东路/姜庙镇,3,黄蓉|穆念慈,false,黄蓉跟踪穆念慈，一同夜探金国钦使完颜康的府邸。,同场景短间隔，倾向连续但证据不足以自动改时
399,射雕第十二回07-夜探钦使府,射雕第十三回01-太湖泛舟遇故人,射雕,第十二回,射雕,第十三回,14,待人工确认,中,false,,1220-09-09 00:00,1220-09-09 14:00,大宋/淮南东路/姜庙镇,大宋/太湖/湖面,1,黄蓉,false,（根据后续章节内容填写）,证据不足，避免自动改时
400,射雕第十三回01-太湖泛舟遇故人,射雕第十三回02-夜探归云庄,射雕,第十三回,射雕,第十三回,42,间歇,中,false,42,1220-09-09 16:00,1220-09-11 10:00,大宋/太湖/湖面,大宋/太湖/归云庄,2,郭靖|黄蓉|陆冠英,false,郭靖与黄蓉夜探归云庄，发现了太湖群盗的秘密集会。,外部间隔超过一天，未发现足够证据压缩
401,射雕第十三回02-夜探归云庄,射雕第十三回03-归云庄斗智斗勇,射雕,第十三回,射雕,第十三回,1,连续,高,true,0,1220-09-11 12:00,1220-09-11 13:00,大宋/太湖/归云庄,大宋/太湖/归云庄,3,黄蓉|陆冠英|完颜康,false,完颜康被擒至归云庄，与陆家父子及太湖群雄发生冲突。,同回目同地点，短间隔无独立过渡内容
402,射雕第十三回03-归云庄斗智斗勇,射雕第十三回04-穆念慈夜闯归云庄,射雕,第十三回,射雕,第十三回,1,连续,高,true,0,1220-09-11 15:00,1220-09-11 16:00,大宋/太湖/归云庄,大宋/太湖/归云庄,3,完颜康|黄蓉,false,穆念慈为救完颜康，在郭靖黄蓉的暗中帮助下夜闯归云庄。,同回目同地点，短间隔无独立过渡内容
403,射雕第十三回04-穆念慈夜闯归云庄,射雕第十三回05-荒山寻师遇险,射雕,第十三回,射雕,第十三回,40,间歇,中,false,40,1220-09-11 18:00,1220-09-13 10:00,大宋/太湖/归云庄,大宋/苏州府/城北荒山,1,穆念慈,false,穆念慈遵从完颜康的指示，前往荒山寻找其师父梅超风，却遭遇欧阳克。,跨区域且有明确移动/等待，作为自由期时间锚点
404,射雕第十三回05-荒山寻师遇险,射雕第十三回06-归云庄迎敌,射雕,第十三回,射雕,第十三回,30,间歇,中,false,30,1220-09-13 12:00,1220-09-14 18:00,大宋/苏州府/城北荒山,大宋/太湖/归云庄,1,,false,梅超风来到归云庄寻仇，陆乘风准备迎战，裘千仞的出现让局势变得更加复杂。,外部间隔超过一天，未发现足够证据压缩
405,射雕第十四回01-归云庄群雄戏假铁掌,射雕第十四回02-归云庄郭靖斗梅超风,射雕,第十四回,射雕,第十四回,1,连续,高,true,0,1220-09-15 01:00,1220-09-15 02:00,大宋/太湖/归云庄,大宋/太湖/归云庄,3,郭靖|韩宝驹|韩小莹|南希仁|全金发|柯镇恶|黄蓉|朱聪|梅超风,false,后续剧情将转入“归云庄郭靖斗梅超风”。,同回目同地点，短间隔无独立过渡内容
406,射雕第十四回02-归云庄郭靖斗梅超风,射雕第十四回03-黄药师现身归云庄,射雕,第十四回,射雕,第十四回,1,连续,高,true,0,1220-09-15 06:00,1220-09-15 07:00,大宋/太湖/归云庄,大宋/太湖/归云庄,3,梅超风|郭靖|黄蓉,false,正当梅超风与江南六怪酣斗之时，一个神秘的青袍怪客悄然出现，局势再生变数。,同回目同场景直接因果接续
407,射雕第十四回03-黄药师现身归云庄,射雕第十五回01-段天德吐露真相,射雕,第十四回,射雕,第十五回,11,待人工确认,中,false,,1220-09-15 09:00,1220-09-15 20:00,大宋/太湖/归云庄,大宋/太湖/归云庄,3,郭靖,false,后续剧情将转入“段天德吐露真相”。,证据不足，避免自动改时
408,射雕第十五回01-段天德吐露真相,射雕第十五回02-郭杨结义北上,射雕,第十五回,射雕,第十五回,1,连续,高,true,0,1220-09-15 22:00,1220-09-15 23:00,大宋/太湖/归云庄,大宋/太湖/归云庄,3,郭靖,false,在郭啸天灵前，郭靖与认祖归宗的杨康结为异姓兄弟。,同回目同地点，短间隔无独立过渡内容
409,射雕第十五回02-郭杨结义北上,射雕第十五回03-溪边重逢,射雕,第十五回,射雕,第十五回,26,间歇,中,false,26,1220-09-16 08:00,1220-09-17 10:00,大宋/太湖/归云庄,大宋/淮南东路/宝应县,1,郭靖,false,郭靖在北上途中，于宝应县郊外的小溪边与等候多日的黄蓉重逢。,跨区域且有明确移动/等待，作为自由期时间锚点
410,射雕第十五回03-溪边重逢,射雕第十五回04-义助丐帮斗淫贼,射雕,第十五回,射雕,第十五回,5,连续,中,false,0,1220-09-18 08:00,1220-09-18 13:00,大宋/淮南东路/宝应县,大宋/淮南东路/宝应县,3,郭靖|黄蓉|黎生|余兆兴,false,郭靖与黄蓉决定帮助丐帮弟子对付采花贼欧阳克，在程家楼外静候事态发展。,同场景短间隔，倾向连续但证据不足以自动改时
411,射雕第十五回04-义助丐帮斗淫贼,射雕第十五回05-郭靖力战欧阳克,射雕,第十五回,射雕,第十五回,1,过渡,中,false,1,1220-09-18 15:00,1220-09-18 16:00,大宋/淮南东路/宝应县,大宋/淮南东路/刘氏宗祠,2,郭靖|黎生|欧阳克,false,在黎生被欧阳克重伤之际，郭靖挺身而出，与欧阳克展开激战。,同链近距事件，保留有限过渡时间
412,射雕第十五回05-郭靖力战欧阳克,射雕第十五回06-洪七公现身收徒,射雕,第十五回,射雕,第十五回,40,间歇,中,false,40,1220-09-18 20:00,1220-09-20 12:00,大宋/淮南东路/刘氏宗祠,大宋/淮南东路/刘氏宗祠,3,欧阳克|郭靖,false,在郭靖不敌欧阳克的“灵蛇拳”时，洪七公及时现身解围，并正式收下郭靖和黄蓉为徒。,外部间隔超过一天，未发现足够证据压缩
413,射雕第十五回06-洪七公现身收徒,射雕第十五回07-黄蓉智斗欧阳克,射雕,第十五回,射雕,第十五回,28,间歇,中,false,28,1220-09-20 14:00,1220-09-21 18:00,大宋/淮南东路/刘氏宗祠,大宋/淮南东路/刘氏宗祠,3,欧阳克|洪七公|黄蓉,false,新晋成为洪七公弟子的黄蓉，利用智慧与软猬甲的优势，在比武中戏耍并逼退了欧阳克。,外部间隔超过一天，未发现足够证据压缩
414,射雕第十五回07-黄蓉智斗欧阳克,射雕第十六回01-祠堂夜斗,射雕,第十五回,射雕,第十六回,2,待人工确认,中,false,,1220-09-21 20:00,1220-09-21 22:00,大宋/淮南东路/刘氏宗祠,大宋/淮南东路/刘氏宗祠,3,黄蓉,false,洪七公因懒劲发作，不愿立即传授黄蓉武功，黄蓉则以美食相诱，开启了新的篇章。,证据不足，避免自动改时
415,射雕第十六回01-祠堂夜斗,射雕第十六回02-杨康救父,射雕,第十六回,射雕,第十六回,1,连续,高,true,0,1220-09-22 02:00,1220-09-22 03:00,大宋/淮南东路/刘氏宗祠,大宋/淮南东路/刘氏宗祠,3,郭靖|杨康|拖雷|完颜洪烈,false,在混乱中，杨康趁机救走了被郭靖打下马的完颜洪烈。,同回目同场景直接因果接续
416,射雕第十六回02-杨康救父,射雕第十六回03-棺中奇遇,射雕,第十六回,射雕,第十六回,1,连续,高,true,0,1220-09-22 05:00,1220-09-22 06:00,大宋/淮南东路/刘氏宗祠,大宋/淮南东路/刘氏宗祠,3,郭靖|杨康,false,郭靖与黄蓉在搜寻完颜洪烈时，意外发现了被藏在棺材中的穆念慈。,同回目同地点，短间隔无独立过渡内容
417,射雕第十六回03-棺中奇遇,射雕第十六回04-穆杨决裂,射雕,第十六回,射雕,第十六回,1,连续,高,true,0,1220-09-22 08:00,1220-09-22 09:00,大宋/淮南东路/刘氏宗祠,大宋/淮南东路/刘氏宗祠,3,郭靖|黄蓉|杨康|穆念慈,false,穆念慈揭露了杨康与完颜洪烈的密谋，导致两人关系彻底破裂。,同回目同地点，短间隔无独立过渡内容
418,射雕第十六回04-穆杨决裂,射雕第十六回05-勇闯桃花岛,射雕,第十六回,射雕,第十六回,23,过渡,高,false,23,1220-09-22 11:00,1220-09-23 10:00,大宋/淮南东路/刘氏宗祠,大宋/淮南东路/刘氏宗祠,3,郭靖|黄蓉,false,郭靖与黄蓉在与穆念慈分别后，决定前往桃花岛赴约。,文本明确包含赶路/等待/跨时段过程
419,射雕第十六回05-勇闯桃花岛,射雕第十六回06-巧遇周伯通,射雕,第十六回,射雕,第十六回,4,待人工确认,中,false,,1220-09-23 20:00,1220-09-24 00:00,大宋/淮南东路/刘氏宗祠,海外/桃花岛/桃花岛腹地,0,郭靖,false,郭靖在桃花岛的奇门阵法中迷路，却因此意外地遇到了被囚禁的周伯通。,证据不足，避免自动改时
420,射雕第十六回06-巧遇周伯通,射雕第十六回07-义结金兰,射雕,第十六回,射雕,第十六回,8,过渡,中,false,8,1220-09-24 08:00,1220-09-24 16:00,海外/桃花岛/桃花岛腹地,海外/桃花岛/桃花岛腹地,3,郭靖|周伯通,false,郭靖与周伯通相谈甚欢，最终结为异姓兄弟。,同链近距事件，保留有限过渡时间
421,射雕第十六回07-义结金兰,射雕第十六回08-九阴真经的由来,射雕,第十六回,射雕,第十六回,4,连续,中,false,0,1220-09-24 18:00,1220-09-24 22:00,海外/桃花岛/桃花岛腹地,海外/桃花岛/桃花岛腹地,3,周伯通|郭靖,false,周伯通在与郭靖结拜后，向他讲述了关于《九阴真经》的往事。,同场景短间隔，倾向连续但证据不足以自动改时
422,射雕第十六回08-九阴真经的由来,射雕第十七回05-周伯通哄传真经,射雕,第十六回,射雕,第十七回,128,待人工确认,中,false,,1220-09-25 00:00,1220-09-30 08:00,海外/桃花岛/桃花岛腹地,海外/桃花岛/桃花岛腹地,3,郭靖|周伯通,true,周伯通被黄蓉言语所激，为了打发时间并证明《九阴真经》并非阴毒武功，开始向郭靖传授经中武学。,节点存在分支/汇合，不自动改时
423,射雕第十七回01-周伯通忆往事,射雕第十七回02-初研双手互搏,射雕,第十七回,射雕,第十七回,1,连续,高,true,0,1220-09-25 11:00,1220-09-25 12:00,海外/桃花岛/桃花岛腹地,海外/桃花岛/桃花岛腹地,3,郭靖|周伯通,false,周伯通向郭靖展示了他被困期间所创的奇特武功。,同回目同地点，短间隔无独立过渡内容
424,射雕第十七回02-初研双手互搏,射雕第十七回03-巧得真经下卷,射雕,第十七回,射雕,第十七回,1,连续,高,true,0,1220-09-28 12:00,1220-09-28 13:00,海外/桃花岛/桃花岛腹地,海外/桃花岛/桃花岛腹地,3,周伯通|郭靖,false,在一次意外中，郭靖无意间发现了《九阴真经》下卷的藏匿之处。,同回目同地点，短间隔无独立过渡内容
425,射雕第十七回03-巧得真经下卷,射雕第十七回04-郭靖舍血救义兄,射雕,第十七回,射雕,第十七回,1,连续,高,true,0,1220-09-28 15:00,1220-09-28 16:00,海外/桃花岛/桃花岛腹地,海外/桃花岛/桃花岛腹地,3,周伯通|郭靖,false,周伯通不幸被毒蛇咬伤，性命垂危，郭靖不顾自身安危，割臂放血为其解毒。,同回目同地点，短间隔无独立过渡内容
426,射雕第十七回04-郭靖舍血救义兄,射雕第十七回05-周伯通哄传真经,射雕,第十七回,射雕,第十七回,38,待人工确认,中,false,,1220-09-28 18:00,1220-09-30 08:00,海外/桃花岛/桃花岛腹地,海外/桃花岛/桃花岛腹地,3,周伯通|郭靖,true,周伯通想出了一个两全其美的“妙法”，在不违背师兄遗训的情况下，满足自己对《九阴真经》的好奇心。,节点存在分支/汇合，不自动改时
427,射雕第十七回05-周伯通哄传真经,射雕第十七回06-蜡丸传信诉情意,射雕,第十七回,射雕,第十七回,1,连续,高,true,0,1220-10-12 08:00,1220-10-12 09:00,海外/桃花岛/桃花岛腹地,海外/桃花岛/桃花岛腹地,3,周伯通|郭靖,false,郭靖收到了黄蓉通过食盒秘密送来的书信，得知了她目前的处境。,同回目同地点，短间隔无独立过渡内容
428,射雕第十七回06-蜡丸传信诉情意,射雕第十七回07-群蛇围困山洞,射雕,第十七回,射雕,第十七回,9,过渡,中,false,9,1220-10-12 11:00,1220-10-12 20:00,海外/桃花岛/桃花岛腹地,海外/桃花岛/桃花岛腹地,3,郭靖|周伯通,false,桃花岛上突然出现大批毒蛇，将郭靖与周伯通围困在山洞之内，形势危急。,同链近距事件，保留有限过渡时间
429,射雕第十七回07-群蛇围困山洞,射雕第十八回05-三道试题,射雕,第十七回,射雕,第十八回,44,待人工确认,中,false,,1220-10-12 22:00,1220-10-14 18:00,海外/桃花岛/桃花岛腹地,海外/桃花岛/桃花岛腹地,3,郭靖,true,为解决郭靖、黄蓉、欧阳克之间的婚事纠纷，黄药师提出了三道试题，来决定黄蓉的归属。,节点存在分支/汇合，不自动改时
430,射雕第十八回01-西毒求亲,射雕第十八回02-三雄斗乐,射雕,第十八回,射雕,第十八回,1,连续,高,true,0,1220-10-13 22:00,1220-10-13 23:00,海外/桃花岛/桃花岛腹地,海外/桃花岛/桃花岛腹地,3,郭靖|欧阳锋|黄药师,false,欧阳锋与黄药师言语机锋，意图试探对方武功，洪七公亦闻声而至，一场音律上的较量即将展开。,同回目同地点，短间隔无独立过渡内容
431,射雕第十八回02-三雄斗乐,射雕第十八回03-洪七公提亲,射雕,第十八回,射雕,第十八回,1,连续,高,true,0,1220-10-14 01:00,1220-10-14 02:00,海外/桃花岛/桃花岛腹地,海外/桃花岛/桃花岛腹地,3,黄药师|欧阳锋|郭靖|洪七公,false,洪七公的到来打破了僵局，他正式为郭靖向黄药师提亲，使得局面更加复杂。,同回目同地点，短间隔无独立过渡内容
432,射雕第十八回03-洪七公提亲,射雕第十八回04-高手过招,射雕,第十八回,射雕,第十八回,1,连续,高,true,0,1220-10-14 04:00,1220-10-14 05:00,海外/桃花岛/桃花岛腹地,海外/桃花岛/桃花岛腹地,3,郭靖|黄蓉|欧阳克|欧阳锋|洪七公|黄药师,false,洪七公与欧阳锋因提亲之事互不相让，一场顶尖高手的对决一触即发。,同回目同场景直接因果接续
433,射雕第十八回04-高手过招,射雕第十八回05-三道试题,射雕,第十八回,射雕,第十八回,11,待人工确认,中,false,,1220-10-14 07:00,1220-10-14 18:00,海外/桃花岛/桃花岛腹地,海外/桃花岛/桃花岛腹地,3,洪七公|欧阳锋|郭靖|欧阳克|黄药师,true,为了公平解决婚事，黄药师提出了三道试题，以此来决定将女儿许配给谁。,节点存在分支/汇合，不自动改时
434,射雕第十八回05-三道试题,射雕第十九回01-真经风波,射雕,第十八回,射雕,第十九回,10,待人工确认,中,false,,1220-10-14 22:00,1220-10-15 08:00,海外/桃花岛/桃花岛腹地,海外/桃花岛/桃花岛腹地,3,黄药师|郭靖|欧阳锋|洪七公|欧阳克,false,后续剧情将转入“真经风波”。,证据不足，避免自动改时
435,射雕第十九回01-真经风波,射雕第十九回02-顽童脱困,射雕,第十九回,射雕,第十九回,1,过渡,中,false,1,1220-10-15 10:00,1220-10-15 11:00,海外/桃花岛/桃花岛腹地,海外/桃花岛/桃花岛腹地,3,欧阳锋|黄药师,false,欧阳锋言语相激，黄药师终吐露囚禁周伯通十五年之事，并带众人前往其所居山洞。,存在短途移动/等待/跨时段语义，保留过渡耗时
436,射雕第十九回02-顽童脱困,射雕第十九回03-顽童战东邪,射雕,第十九回,射雕,第十九回,1,连续,高,true,0,1220-10-15 13:00,1220-10-15 14:00,海外/桃花岛/桃花岛腹地,海外/桃花岛/桃花岛腹地,3,黄药师|周伯通,false,周伯通脱困后，众人追上，黄药师因被捉弄而恼羞成怒，与周伯通展开一场奇特的交手。,同回目同地点，短间隔无独立过渡内容
437,射雕第十九回03-顽童战东邪,射雕第十九回04-怒逐东床,射雕,第十九回,射雕,第十九回,1,连续,高,true,0,1220-10-15 16:00,1220-10-15 17:00,海外/桃花岛/桃花岛腹地,海外/桃花岛/桃花岛腹地,3,黄药师|周伯通|郭靖,false,周伯通无意中透露郭靖所学即为《九阴真经》，并大开玩笑，导致黄药师误会郭靖，怒而将其逐出桃花岛。,同回目同地点，短间隔无独立过渡内容
438,射雕第十九回04-怒逐东床,射雕第十九回05-洪涛群鲨,射雕,第十九回,射雕,第十九回,15,待人工确认,中,false,,1220-10-15 19:00,1220-10-16 10:00,海外/桃花岛/桃花岛腹地,大宋/东海/东海海域,0,周伯通|欧阳锋|洪七公|郭靖,false,郭靖、洪七公、周伯通三人乘坐黄药师准备的“花船”出海，不料船只在行至大海中央时突然解体，三人坠入鲨鱼成群的洪涛之中。,证据不足，避免自动改时
439,射雕第十九回05-洪涛群鲨,射雕第十九回06-西毒灭鲨,射雕,第十九回,射雕,第十九回,6,连续,中,false,0,1220-10-16 12:00,1220-10-16 18:00,大宋/东海/东海海域,大宋/东海/东海海域,3,郭靖|洪七公|周伯通|欧阳锋,false,被救上船后，欧阳锋与周伯通打赌，以奇毒轻易将海中鲨鱼尽数屠灭，令众人大为骇然。,同场景短间隔，倾向连续但证据不足以自动改时
440,射雕第十九回06-西毒灭鲨,射雕第二十回01-智赚经文,射雕,第十九回,射雕,第二十回,10,待人工确认,中,false,,1220-10-16 20:00,1220-10-17 06:00,大宋/东海/东海海域,大宋/东海/东海海域,3,欧阳锋|洪七公|郭靖,false,欧阳锋赢得赌赛，要求周伯通将《九阴真经》默写出来作为赌注。,证据不足，避免自动改时
441,射雕第二十回01-智赚经文,射雕第二十回02-蛇阵斗法,射雕,第二十回,射雕,第二十回,1,连续,高,true,0,1220-10-17 08:00,1220-10-17 09:00,大宋/东海/东海海域,大宋/东海/东海海域,3,欧阳锋|郭靖|洪七公,false,后续剧情将转入“蛇阵斗法”。,同回目同地点，短间隔无独立过渡内容
442,射雕第二十回02-蛇阵斗法,射雕第二十回03-桅杆相持,射雕,第二十回,射雕,第二十回,1,连续,高,true,0,1220-10-17 11:00,1220-10-17 12:00,大宋/东海/东海海域,大宋/东海/东海海域,3,欧阳锋|洪七公|郭靖,false,洪七公与郭靖被蛇阵逼上桅杆，与欧阳锋等人对峙。,同回目同地点，短间隔无独立过渡内容
443,射雕第二十回03-桅杆相持,射雕第二十回04-火海逃生,射雕,第二十回,射雕,第二十回,1,过渡,中,false,1,1220-10-20 12:00,1220-10-20 13:00,大宋/东海/东海海域,大宋/东海/东海海域,3,洪七公|郭靖|欧阳锋,false,在海上相持数日后，欧阳锋得到假经，意图放火烧船，引发了一场惊心动魄的逃亡。,存在短途移动/等待/跨时段语义，保留过渡耗时
444,射雕第二十回04-火海逃生,射雕第二十回05-恶斗断臂,射雕,第二十回,射雕,第二十回,15,过渡,中,false,15,1220-10-20 17:00,1220-10-21 08:00,大宋/东海/东海海域,大宋/东海/东海海域,3,郭靖|黄蓉,false,逃出生天后，郭靖在小艇上与欧阳克发生激斗，并将其重创。,同链近距事件，保留有限过渡时间
445,射雕第二十回05-恶斗断臂,射雕第二十回06-火船剧斗,射雕,第二十回,射雕,第二十回,34,间歇,中,false,34,1220-10-21 10:00,1220-10-22 20:00,大宋/东海/东海海域,大宋/东海/东海海域,3,,false,小艇上的战斗结束后，所有人的目光都聚焦在燃烧的大船上，那里正上演着顶尖高手的对决。,外部间隔超过一天，未发现足够证据压缩
446,射雕第二十回06-火船剧斗,射雕第二十一回01-火船恶斗,射雕,第二十回,射雕,第二十一回,9,待人工确认,中,false,,1220-10-23 01:00,1220-10-23 10:00,大宋/东海/东海海域,大宋/东海/东海海域,3,洪七公|欧阳锋,false,后续剧情将转入“火船恶斗”。,证据不足，避免自动改时
447,射雕第二十一回01-火船恶斗,射雕第二十一回02-舍身护师,射雕,第二十一回,射雕,第二十一回,1,连续,高,true,0,1220-10-23 14:00,1220-10-23 15:00,大宋/东海/东海海域,大宋/东海/东海海域,3,欧阳锋|洪七公,false,郭靖为救师父，奋不顾身地与欧阳锋展开缠斗。,同回目同地点，短间隔无独立过渡内容
448,射雕第二十一回02-舍身护师,射雕第二十一回03-荒岛疗伤,射雕,第二十一回,射雕,第二十一回,39,间歇,中,false,39,1220-10-23 17:00,1220-10-25 08:00,大宋/东海/东海海域,大宋/东海/荒岛,2,洪七公|黄蓉|欧阳克,false,众人漂流至一座荒岛，黄蓉开始为洪七公疗伤。,跨区域且有明确移动/等待，作为自由期时间锚点
449,射雕第二十一回03-荒岛疗伤,射雕第二十一回04-智斗淫贼,射雕,第二十一回,射雕,第二十一回,5,连续,中,false,0,1220-10-26 06:00,1220-10-26 11:00,大宋/东海/荒岛,大宋/东海/荒岛,3,黄蓉|洪七公|欧阳克,false,黄蓉为了保护自己和师父，与心怀不轨的欧阳克斗智斗勇。,同场景短间隔，倾向连续但证据不足以自动改时
450,射雕第二十一回04-智斗淫贼,射雕第二十一回05-临危授命,射雕,第二十一回,射雕,第二十一回,43,间歇,中,false,43,1220-10-26 13:00,1220-10-28 08:00,大宋/东海/荒岛,大宋/东海/荒岛,3,洪七公|黄蓉,false,洪七公自觉伤重难愈，将丐帮帮主之位传给了黄蓉。,外部间隔超过一天，未发现足够证据压缩
451,射雕第二十一回05-临危授命,射雕第二十一回06-巧计压恶徒,射雕,第二十一回,射雕,第二十一回,1,连续,高,true,0,1220-10-28 10:00,1220-10-28 11:00,大宋/东海/荒岛,大宋/东海/荒岛,3,洪七公|黄蓉,false,黄蓉发现一处险地，定下计策欲除掉欧阳克。,同回目同地点，短间隔无独立过渡内容
452,射雕第二十一回06-巧计压恶徒,射雕第二十一回07-荒岛重逢,射雕,第二十一回,射雕,第二十一回,45,间歇,中,false,45,1220-10-28 13:00,1220-10-30 10:00,大宋/东海/荒岛,大宋/东海/荒岛,3,黄蓉,false,郭靖与欧阳锋也漂流至此岛，黄蓉与郭靖意外重逢。,外部间隔超过一天，未发现足够证据压缩
453,射雕第二十一回07-荒岛重逢,射雕第二十一回08-协力救侄,射雕,第二十一回,射雕,第二十一回,28,间歇,中,false,28,1220-10-30 12:00,1220-11-01 16:00,大宋/东海/荒岛,大宋/东海/荒岛,3,郭靖|欧阳锋|黄蓉,false,在欧阳锋的要挟下，郭靖和黄蓉被迫同意帮助他营救被压在巨岩下的欧阳克。,外部间隔超过一天，未发现足够证据压缩
454,射雕第二十二回01-智斗西毒,射雕第二十二回02-受困荒岛,射雕,第二十二回,射雕,第二十二回,1,连续,高,true,0,1220-11-03 08:00,1220-11-03 09:00,大宋/东海/荒岛,大宋/东海/荒岛,3,欧阳锋|郭靖|黄蓉|洪七公,false,欧阳锋并未善罢甘休，转而开始奴役郭靖和黄蓉。,同回目同地点，短间隔无独立过渡内容
455,射雕第二十二回02-受困荒岛,射雕第二十二回03-空明断木,射雕,第二十二回,射雕,第二十二回,1,连续,高,true,0,1220-11-03 11:00,1220-11-03 12:00,大宋/东海/荒岛,大宋/东海/荒岛,3,郭靖|洪七公,false,郭靖在砍树过程中，意外领悟了空明拳的新用法。,同回目同地点，短间隔无独立过渡内容
456,射雕第二十二回03-空明断木,射雕第二十二回04-真经疗伤,射雕,第二十二回,射雕,第二十二回,20,过渡,高,false,20,1220-11-03 14:00,1220-11-04 10:00,大宋/东海/荒岛,大宋/东海/荒岛,3,郭靖|洪七公,false,洪七公从郭靖背诵的《九阴真经》中领悟了疗伤法门，开始尝试恢复功力。,文本明确包含赶路/等待/跨时段过程
457,射雕第二十二回04-真经疗伤,射雕第二十二回05-巧计惊西毒,射雕,第二十二回,射雕,第二十二回,1,连续,高,true,0,1220-11-04 12:00,1220-11-04 13:00,大宋/东海/荒岛,大宋/东海/荒岛,3,郭靖|洪七公,false,洪七公恢复部分行动力后，与郭靖、黄蓉合谋，上演了一出“功力恢复”的戏码，成功震慑了欧阳锋。,同回目同地点，短间隔无独立过渡内容
458,射雕第二十二回05-巧计惊西毒,射雕第二十二回06-真经初成,射雕,第二十二回,射雕,第二十二回,19,过渡,中,false,19,1220-11-04 15:00,1220-11-05 10:00,大宋/东海/荒岛,大宋/东海/荒岛,3,欧阳锋|洪七公|郭靖|黄蓉,false,郭靖与黄蓉在获得短暂安宁后，开始正式修习《九阴真经》中的“易筋锻骨篇”。,同链近距事件，保留有限过渡时间
459,射雕第二十二回06-真经初成,射雕第二十二回07-木筏被盗,射雕,第二十二回,射雕,第二十二回,3,连续,高,true,0,1220-11-12 10:00,1220-11-12 13:00,大宋/东海/荒岛,大宋/东海/荒岛,3,欧阳锋|洪七公|郭靖|黄蓉,false,就在三人准备离岛之际，他们辛苦扎好的木筏却被欧阳锋叔侄盗走。,同回目同场景直接因果接续
460,射雕第二十二回07-木筏被盗,射雕第二十二回08-巧计破筏,射雕,第二十二回,射雕,第二十二回,1,连续,高,true,0,1220-11-13 06:00,1220-11-13 07:00,大宋/东海/荒岛,大宋/东海/荒岛,3,郭靖|黄蓉|洪七公,false,黄蓉急中生智，利用树木的弹力将自己发射出去，潜入水下破坏了被盗的木筏。,同回目同地点，短间隔无独立过渡内容
461,射雕第二十二回08-巧计破筏,射雕第二十二回09-海上重逢,射雕,第二十二回,射雕,第二十二回,1,过渡,中,false,1,1220-11-13 09:00,1220-11-13 10:00,大宋/东海/荒岛,大宋/东海/东海海域,2,郭靖|黄蓉|洪七公,false,三人在海上航行时，意外地再次遇到了木筏散架、在海中求救的欧阳锋叔侄。,同链近距事件，保留有限过渡时间
462,射雕第二十二回09-海上重逢,射雕第二十二回10-恩将仇报,射雕,第二十二回,射雕,第二十二回,1,连续,高,true,0,1220-11-16 22:00,1220-11-16 23:00,大宋/东海/东海海域,大宋/东海/东海海域,3,郭靖|黄蓉|洪七公|欧阳锋,false,被救上木筏的欧阳锋，在发现洪七公功力尽失后，立刻翻脸不认人，对三人痛下杀手。,同回目同地点，短间隔无独立过渡内容
463,射雕第二十二回10-恩将仇报,射雕第二十二回11-木筏激战,射雕,第二十二回,射雕,第二十二回,1,连续,高,true,0,1220-11-17 01:00,1220-11-17 02:00,大宋/东海/东海海域,大宋/东海/东海海域,3,欧阳锋|洪七公|黄蓉|郭靖,false,郭靖和黄蓉奋起反抗，在狭窄的木筏上与欧阳锋展开了一场惊心动魄的生死搏斗。,同回目同地点，短间隔无独立过渡内容
464,射雕第二十二回11-木筏激战,射雕第二十二回12-智斗顽童,射雕,第二十二回,射雕,第二十二回,1,连续,高,true,0,1220-11-17 06:00,1220-11-17 07:00,大宋/东海/东海海域,大宋/东海/东海海域,3,欧阳锋|洪七公|郭靖|黄蓉,false,激战正酣，海上突然出现了完颜洪烈的大船，更意外的是，失踪已久的老顽童周伯通也骑着鲨鱼现身，战局再添变数。,同回目同地点，短间隔无独立过渡内容
465,射雕第二十二回12-智斗顽童,射雕第二十二回13-东邪西毒会,射雕,第二十二回,射雕,第二十二回,1,连续,高,true,0,1220-11-17 09:00,1220-11-17 10:00,大宋/东海/东海海域,大宋/东海/东海海域,3,欧阳锋|灵智上人,false,周伯通等人刚走，黄药师的船也随之而至，东邪西毒在船上相遇。,同回目同场景直接因果接续
466,射雕第二十二回13-东邪西毒会,射雕第三十五回04-铁枪庙内揭真相,射雕,第二十二回,射雕,第三十五回,1688,待人工确认,中,false,,1220-11-17 12:00,1221-01-27 20:00,大宋/东海/东海海域,大宋/嘉兴府/嘉兴城/铁枪庙,1,欧阳锋,true,黄药师因迁怒而错杀无辜，最终在铁枪庙中得知真相，追悔莫及。,节点存在分支/汇合，不自动改时
467,射雕第二十三回01-荒村遇故人之女,射雕第二十三回02-密室探秘,射雕,第二十三回,射雕,第二十三回,1,连续,高,true,0,1220-11-18 10:00,1220-11-18 11:00,大宋/临安府/牛家村,大宋/临安府/牛家村,3,郭靖|黄蓉|周伯通,false,在酒店的碗橱后，似乎隐藏着一个秘密。,同回目同地点，短间隔无独立过渡内容
468,射雕第二十三回02-密室探秘,射雕第二十三回03-大闹酒家,射雕,第二十三回,射雕,第二十三回,21,过渡,中,false,21,1220-11-18 13:00,1220-11-19 10:00,大宋/临安府/牛家村,大宋/临安府/西湖,2,黄蓉|郭靖,false,在临安城中，一场因愤懑而起的风波正在酝酿。,同链近距事件，保留有限过渡时间
469,射雕第二十三回03-大闹酒家,射雕第二十三回04-翠微亭窃听,射雕,第二十三回,射雕,第二十三回,1,连续,中,false,0,1220-11-19 12:00,1220-11-19 13:00,大宋/临安府/西湖,大宋/临安府/西湖/翠微亭,3,郭靖|黄蓉,false,发泄过后，似乎在飞来峰前能遇到一些意想不到的人。,同场景短间隔，倾向连续但证据不足以自动改时
470,射雕第二十三回04-翠微亭窃听,射雕第二十三回05-火烧三元楼,射雕,第二十三回,射雕,第二十三回,1,过渡,高,false,1,1220-11-19 15:00,1220-11-19 16:00,大宋/临安府/西湖/翠微亭,大宋/临安府/临安城/三元楼,2,郭靖|黄蓉|完颜洪烈|杨康|欧阳锋,false,为了追踪仇人，一场大火即将在临安城中最有名的酒楼燃起。,文本明确包含赶路/等待/跨时段过程
471,射雕第二十三回05-火烧三元楼,射雕第二十三回06-夜探皇宫,射雕,第二十三回,射雕,第二十三回,26,间歇,中,false,26,1220-11-19 18:00,1220-11-20 20:00,大宋/临安府/临安城/三元楼,大宋/临安府/临安城/皇宫,3,郭靖|黄蓉,false,仇人的踪迹已定，但另一场更重要的行动即将在皇城内展开。,外部间隔超过一天，未发现足够证据压缩
472,射雕第二十三回06-夜探皇宫,射雕第二十三回07-翠寒堂之战,射雕,第二十三回,射雕,第二十三回,24,过渡,中,false,24,1220-11-20 22:00,1220-11-21 22:00,大宋/临安府/临安城/皇宫,大宋/临安府/临安城/皇宫,4,郭靖|黄蓉,false,皇宫深处，一场围绕《武穆遗书》的激战即将爆发。,同链近距事件，保留有限过渡时间
473,射雕第二十三回07-翠寒堂之战,射雕第二十四回01-密室疗伤,射雕,第二十三回,射雕,第二十四回,1,过渡,高,false,1,1220-11-22 00:00,1220-11-22 01:00,大宋/临安府/临安城/皇宫,大宋/临安府/临安城/皇宫,4,郭靖|黄蓉,false,为了拯救重伤的郭靖，一场持续七天七夜的疗伤即将在牛家村的密室中开始。,文本明确包含赶路/等待/跨时段过程
474,射雕第二十四回01-密室疗伤,射雕第二十四回02-群凶觅书,射雕,第二十四回,射雕,第二十四回,1,过渡,高,false,1,1220-11-28 06:00,1220-11-28 07:00,大宋/临安府/临安城/皇宫,大宋/临安府/牛家村/曲三酒馆,2,郭靖|黄蓉|曲三,false,完颜洪烈一行人追踪至牛家村，也进入了这家酒馆。,文本明确包含赶路/等待/跨时段过程
475,射雕第二十四回02-群凶觅书,射雕第二十四回03-夜探皇宫,射雕,第二十四回,射雕,第二十四回,1,过渡,中,false,1,1220-11-28 09:00,1220-11-28 10:00,大宋/临安府/牛家村/曲三酒馆,大宋/临安府/临安城/皇宫,2,欧阳锋|彭连虎,false,欧阳锋等人不甘心失败，决定再次夜探皇宫。,同链近距事件，保留有限过渡时间
476,射雕第二十四回03-夜探皇宫,射雕第二十四回04-智退群凶,射雕,第二十四回,射雕,第二十四回,6,过渡,中,false,6,1220-11-28 12:00,1220-11-28 18:00,大宋/临安府/临安城/皇宫,大宋/临安府/牛家村/曲三酒馆,2,彭连虎|沙通天|侯通海|周伯通,false,侯通海发现了密室的机关，黄蓉急中生智，假扮双头鬼怪将其惊走。,同链近距事件，保留有限过渡时间
477,射雕第二十四回04-智退群凶,射雕第二十四回05-牛家村群英会,射雕,第二十四回,射雕,第二十四回,14,过渡,中,false,14,1220-11-28 20:00,1220-11-29 10:00,大宋/临安府/牛家村/曲三酒馆,大宋/临安府/牛家村/曲三酒馆,4,侯通海,false,程瑶迦、陆冠英、尹志平先后来到酒馆，意外相遇。,同链近距事件，保留有限过渡时间
478,射雕第二十四回05-牛家村群英会,射雕第二十四回06-灶君前的密议,射雕,第二十四回,射雕,第二十四回,1,连续,高,true,0,1220-11-29 14:00,1220-11-29 15:00,大宋/临安府/牛家村/曲三酒馆,大宋/临安府/牛家村/曲三酒馆,4,程瑶迦|陆冠英|尹志平|侯通海,false,尹志平与陆冠英、程瑶迦商议如何化解黄药师与江南六怪的恩怨。,同回目同地点，短间隔无独立过渡内容
479,射雕第二十四回06-灶君前的密议,射雕第二十四回07-黄药师现身,射雕,第二十四回,射雕,第二十四回,27,待人工确认,高,false,,1220-11-29 17:00,1220-11-30 20:00,大宋/临安府/牛家村/曲三酒馆,大宋/临安府/牛家村/曲三酒馆,4,侯通海|尹志平|陆冠英|程瑶迦,false,沙通天等人返回酒馆，正与尹、陆、程三人对峙时，黄药师突然现身。,人工复核：文本似同场接续，但源条目没有明确说明沙通天等人多久后返回；保留待确认
480,射雕第二十四回07-黄药师现身,射雕第二十五回01-黄药师主婚,射雕,第二十四回,射雕,第二十五回,10,待人工确认,中,false,,1220-11-30 22:00,1220-12-01 08:00,大宋/临安府/牛家村/曲三酒馆,大宋/临安府/临安郊野/荒村野店,2,陆冠英|程瑶迦|黄药师,false,黄药师离去后，众人惊魂未定，各自散去。,证据不足，避免自动改时
481,射雕第二十五回04-欧阳克智破密室,射雕第二十五回05-杨康刺杀欧阳克,射雕,第二十五回,射雕,第二十五回,17,过渡,中,false,17,1220-12-02 21:00,1220-12-03 14:00,大宋/临安府/临安郊野/荒村野店,大宋/临安府/临安郊野/荒村野店,4,欧阳克|陆冠英|程瑶迦,false,欧阳克发现郭靖黄蓉后，一场恶斗在所难免。,同链近距事件，保留有限过渡时间
482,射雕第二十五回05-杨康刺杀欧阳克,射雕第二十五回07-杨康谎报死讯,射雕,第二十五回,射雕,第二十五回,7,待人工确认,中,false,,1220-12-03 16:00,1220-12-03 23:00,大宋/临安府/临安郊野/荒村野店,大宋/临安府/临安郊野/荒村野店,4,杨康,true,杨康杀死欧阳克后，担心被西毒报复，遂心生一计，企图嫁祸他人。,节点存在分支/汇合，不自动改时
483,射雕第二十五回06-华筝南下寻郭靖,射雕第二十五回07-杨康谎报死讯,射雕,第二十五回,射雕,第二十五回,1,待人工确认,中,false,,1220-12-03 22:00,1220-12-03 23:00,蒙古/斡难河/铁木真营地,大宋/临安府/临安郊野/荒村野店,0,华筝|拖雷,true,华筝的到来，给了杨康一个散播郭靖死讯的机会。,节点存在分支/汇合，不自动改时
484,射雕第二十五回07-杨康谎报死讯,射雕第二十五回08-杨康巧得帮主令,射雕,第二十五回,射雕,第二十五回,9,过渡,中,false,9,1220-12-04 01:00,1220-12-04 10:00,大宋/临安府/临安郊野/荒村野店,大宋/临安府/临安郊野/荒村野店,4,杨康,false,杨康的谎言还未结束，丐帮弟子的到来又让他萌生了新的计谋。,同链近距事件，保留有限过渡时间
485,射雕第二十五回08-杨康巧得帮主令,射雕第二十五回09-天罡北斗战梅超风,射雕,第二十五回,射雕,第二十五回,8,待人工确认,中,false,,1220-12-04 12:00,1220-12-04 20:00,大宋/临安府/临安郊野/荒村野店,大宋/临安府/临安郊野/荒村野店,4,,false,杨康离去后，全真七子与黄药师、梅超风的恩怨即将爆发。,证据不足，避免自动改时
486,射雕第二十五回09-天罡北斗战梅超风,射雕第二十五回10-东邪西毒破阵杀敌,射雕,第二十五回,射雕,第二十五回,10,过渡,中,false,10,1220-12-05 00:00,1220-12-05 10:00,大宋/临安府/临安郊野/荒村野店,大宋/临安府/临安郊野/荒村野店,4,谭处端|梅超风|马钰|丘处机|王处一|刘处玄|郝大通|孙不二,false,黄药师与欧阳锋的到来，让战局变得更加复杂。,同链近距事件，保留有限过渡时间
487,射雕第二十六回01-牛家村混战,射雕第二十六回02-傻姑身世揭晓,射雕,第二十六回,射雕,第二十六回,1,连续,高,true,0,1220-12-13 12:00,1220-12-13 13:00,大宋/临安府/牛家村,大宋/临安府/牛家村,3,黄药师,false,黄药师发现了傻姑与弟子曲灵风的渊源。,同回目同地点，短间隔无独立过渡内容
488,射雕第二十六回02-傻姑身世揭晓,射雕第二十六回05-画中密语,射雕,第二十六回,射雕,第二十六回,43,待人工确认,中,false,,1220-12-13 15:00,1220-12-15 10:00,大宋/临安府/牛家村,大宋/荆湖南路/乡野区域/农家,1,,true,郭靖和黄蓉无意中发现了《武穆遗书》的线索。,节点存在分支/汇合，不自动改时
489,射雕第二十六回03-林中恶斗,射雕第二十六回04-郭靖守信拒婚,射雕,第二十六回,射雕,第二十六回,24,过渡,中,false,24,1220-12-13 18:00,1220-12-14 18:00,大宋/临安府/牛家村,大宋/临安府/牛家村,3,郭靖|黄蓉|拖雷|华筝|黄药师,false,郭靖在众人面前确认了与华筝的婚约，黄蓉心碎。,同链近距事件，保留有限过渡时间
490,射雕第二十六回04-郭靖守信拒婚,射雕第二十六回05-画中密语,射雕,第二十六回,射雕,第二十六回,14,待人工确认,中,false,,1220-12-14 20:00,1220-12-15 10:00,大宋/临安府/牛家村,大宋/荆湖南路/乡野区域/农家,1,黄蓉|郭靖,true,郭靖和黄蓉在被雨淋湿的画中，意外发现了《武穆遗书》的线索。,节点存在分支/汇合，不自动改时
491,射雕第二十六回05-画中密语,射雕第二十六回06-岳阳楼会丐帮,射雕,第二十六回,射雕,第二十六回,32,间歇,中,false,32,1220-12-15 12:00,1220-12-16 20:00,大宋/荆湖南路/乡野区域/农家,大宋/荆湖南路/岳州/岳阳楼,2,郭靖|黄蓉,false,郭靖和黄蓉在岳阳楼赴丐帮大会，偶遇丐帮长老鲁有脚。,外部间隔超过一天，未发现足够证据压缩
492,射雕第二十六回06-岳阳楼会丐帮,射雕第二十七回01-杨康图谋丐帮,射雕,第二十六回,射雕,第二十七回,10,待人工确认,中,false,,1220-12-16 22:00,1220-12-17 08:00,大宋/荆湖南路/岳州/岳阳楼,大宋/洞庭湖/君山/轩辕台,1,郭靖|黄蓉|鲁有脚|杨康,false,丐帮大会在轩辕台召开，杨康手持打狗棒，意图争夺帮主之位。,证据不足，避免自动改时
493,射雕第二十七回01-杨康图谋丐帮,射雕第二十七回02-裘千仞威压君山,射雕,第二十七回,射雕,第二十七回,1,连续,高,true,0,1220-12-17 10:00,1220-12-17 11:00,大宋/洞庭湖/君山/轩辕台,大宋/洞庭湖/君山/轩辕台,4,杨康|彭长老|郭靖|黄蓉|鲁有脚,false,后续剧情将转入“裘千仞威压君山”。,同回目同地点，短间隔无独立过渡内容
494,射雕第二十七回02-裘千仞威压君山,射雕第二十七回03-轩辕台大战,射雕,第二十七回,射雕,第二十七回,29,间歇,中,false,29,1220-12-17 13:00,1220-12-18 18:00,大宋/洞庭湖/君山/轩辕台,大宋/洞庭湖/君山/轩辕台,4,郭靖|黄蓉|裘千仞|杨康|鲁有脚,false,郭靖脱困，与丐帮及裘千仞展开激战。,外部间隔超过一天，未发现足够证据压缩
495,射雕第二十七回03-轩辕台大战,射雕第二十八回01-黄蓉智夺帮主位,射雕,第二十七回,射雕,第二十八回,10,待人工确认,中,false,,1220-12-18 22:00,1220-12-19 08:00,大宋/洞庭湖/君山/轩辕台,大宋/洞庭湖/君山/轩辕台,4,鲁有脚|黄蓉|杨康,false,后续剧情将转入“黄蓉智夺帮主位”。,证据不足，避免自动改时
496,射雕第二十八回01-黄蓉智夺帮主位,射雕第二十八回02-破解武穆遗书之秘,射雕,第二十八回,射雕,第二十八回,1,待人工确认,中,false,,1220-12-19 10:00,1220-12-19 11:00,大宋/洞庭湖/君山/轩辕台,大宋/荆湖南路/岳州/岳阳楼,1,黄蓉,false,郭靖黄蓉在岳阳楼再遇裘千仞（裘千丈），引出铁掌山之约。,证据不足，避免自动改时
497,射雕第二十八回02-破解武穆遗书之秘,射雕第二十八回03-铁掌峰顶遇险得书,射雕,第二十八回,射雕,第二十八回,29,间歇,中,false,29,1220-12-19 13:00,1220-12-20 18:00,大宋/荆湖南路/岳州/岳阳楼,大宋/潭州/铁掌山/峰顶,1,郭靖|黄蓉|裘千丈,false,郭靖黄蓉依约前往铁掌山，意图盗取《武穆遗书》，不料遭遇重重危机。,跨区域且有明确移动/等待，作为自由期时间锚点
498,射雕第二十八回03-铁掌峰顶遇险得书,射雕第二十九回01-黑沼脱险,射雕,第二十八回,射雕,第二十九回,12,待人工确认,中,false,,1220-12-20 20:00,1220-12-21 08:00,大宋/潭州/铁掌山/峰顶,大宋/潭州/铁掌山/峰顶,4,郭靖|黄蓉|裘千仞,false,后续剧情将转入“黑沼脱险”。,证据不足，避免自动改时
499,射雕第二十九回01-黑沼脱险,射雕第二十九回02-茅屋斗智,射雕,第二十九回,射雕,第二十九回,1,待人工确认,中,false,,1220-12-21 12:00,1220-12-21 13:00,大宋/潭州/铁掌山/峰顶,大宋/川边/黑沼,1,郭靖|黄蓉|瑛姑,false,进入黑沼深处的茅屋后，你遇到了一个性格古怪的白发女子。,证据不足，避免自动改时
500,射雕第二十九回02-茅屋斗智,射雕第二十九回03-瑛姑试探,射雕,第二十九回,射雕,第二十九回,1,连续,高,true,0,1220-12-21 15:00,1220-12-21 16:00,大宋/川边/黑沼,大宋/川边/黑沼,3,郭靖|黄蓉|瑛姑,false,在术数上败下阵来的瑛姑，似乎要与你们比试武功。,同回目同地点，短间隔无独立过渡内容
501,射雕第二十九回03-瑛姑试探,射雕第二十九回04-锦囊求医,射雕,第二十九回,射雕,第二十九回,16,过渡,中,false,16,1220-12-21 18:00,1220-12-22 10:00,大宋/川边/黑沼,大宋/川边/黑沼,3,郭靖|黄蓉|瑛姑,false,在见识了你们的本事和情谊后，瑛姑似乎愿意为黄蓉指一条生路。,同链近距事件，保留有限过渡时间
502,射雕第二十九回04-锦囊求医,射雕第二十九回05-智过渔人,射雕,第二十九回,射雕,第二十九回,1,待人工确认,中,false,,1220-12-22 12:00,1220-12-22 13:00,大宋/川边/黑沼,大理/云南/桃源,0,郭靖|黄蓉,false,你按照锦囊的指示，来到了桃源县的一处瀑布，并遇到了一位举止奇特的渔夫。,证据不足，避免自动改时
503,射雕第二十九回05-智过渔人,射雕第二十九回06-巧遇樵夫,射雕,第二十九回,射雕,第二十九回,1,连续,高,true,0,1220-12-22 15:00,1220-12-22 16:00,大理/云南/桃源,大理/云南/桃源,3,郭靖|黄蓉,false,逆流而上后，你们在高山之巅的溪水尽头，遇到了一位正在唱着意味深长曲子的樵夫。,同回目同地点，短间隔无独立过渡内容
504,射雕第二十九回06-巧遇樵夫,射雕第二十九回07-力胜农夫,射雕,第二十九回,射雕,第二十九回,24,过渡,中,false,24,1220-12-22 18:00,1220-12-23 18:00,大理/云南/桃源,大理/云南/桃源,3,郭靖|黄蓉,false,攀上山顶后，你们遇到了一位正在田间劳作的农夫，和他那头陷入险境的黄牛。,同链近距事件，保留有限过渡时间
505,射雕第二十九回07-力胜农夫,射雕第三十回01-智斗书生,射雕,第二十九回,射雕,第三十回,12,待人工确认,中,false,,1220-12-23 20:00,1220-12-24 08:00,大理/云南/桃源,大理/云南/桃源,3,郭靖|黄蓉,false,闯过三关后，你们终于在一间茅舍前，见到了一位正在给一位奇特书生讲经的高僧。,证据不足，避免自动改时
506,射雕第三十回01-智斗书生,射雕第三十回02-一灯疗伤,射雕,第三十回,射雕,第三十回,24,过渡,中,false,24,1220-12-24 10:00,1220-12-25 10:00,大理/云南/桃源,大理/云南/一灯禅院,2,郭靖|黄蓉,false,通过书生的考验后，郭靖和黄蓉终于得以继续前行，去面见那位传说中的一灯大师。,同链近距事件，保留有限过渡时间
507,射雕第三十回02-一灯疗伤,射雕第三十回03-往事迷局,射雕,第三十回,射雕,第三十回,28,间歇,中,false,28,1220-12-25 14:00,1220-12-26 18:00,大理/云南/一灯禅院,大理/云南/一灯禅院,3,郭靖|黄蓉|一灯大师|瑛姑,false,黄蓉伤势虽愈，一灯大师却因服下被瑛姑调包的九花玉露丸而中毒，引发了一场新的风波。,外部间隔超过一天，未发现足够证据压缩
508,射雕第三十回03-往事迷局,射雕第三十一回01-往事迷局,射雕,第三十回,射雕,第三十一回,12,待人工确认,中,false,,1220-12-26 20:00,1220-12-27 08:00,大理/云南/一灯禅院,大理/云南/一灯禅院,3,黄蓉|一灯大师|郭靖|书生,false,一灯大师继续讲述他与瑛姑、周伯通的往事，揭开那块鸳鸯锦帕背后的爱恨情仇。,证据不足，避免自动改时
509,射雕第三十一回01-往事迷局,射雕第三十一回02-力闯禅院,射雕,第三十一回,射雕,第三十一回,1,连续,高,true,0,1220-12-27 10:00,1220-12-27 11:00,大理/云南/一灯禅院,大理/云南/一灯禅院,3,黄蓉|郭靖|渔夫|樵夫|书生|农夫,false,瑛姑即将上山，一场恩怨将要了结。,同回目同地点，短间隔无独立过渡内容
510,射雕第三十一回02-力闯禅院,射雕第三十一回03-金蝉脱壳,射雕,第三十一回,射雕,第三十一回,1,连续,高,true,0,1220-12-27 13:00,1220-12-27 14:00,大理/云南/一灯禅院,大理/云南/一灯禅院,3,瑛姑|郭靖|黄蓉,false,瑛姑最终还是一刀刺向了“段皇爷”，恩怨似乎将要了结。,同回目同地点，短间隔无独立过渡内容
511,射雕第三十一回03-金蝉脱壳,射雕第三十一回04-恩怨消解,射雕,第三十一回,射雕,第三十一回,18,过渡,中,false,18,1220-12-27 16:00,1220-12-28 10:00,大理/云南/一灯禅院,大理/云南/一灯禅院,3,一灯大师|瑛姑,false,一灯大师的出现让瑛姑最终放弃了复仇。,同链近距事件，保留有限过渡时间
512,射雕第三十一回04-恩怨消解,射雕第三十一回05-真经总纲,射雕,第三十一回,射雕,第三十一回,1,连续,高,true,0,1220-12-28 12:00,1220-12-28 13:00,大理/云南/一灯禅院,大理/云南/一灯禅院,3,一灯大师,false,一场风波平息后，郭靖黄蓉意外得到了一场大机缘。,同回目同地点，短间隔无独立过渡内容
513,射雕第三十一回05-真经总纲,射雕第三十一回06-桃源遇故,射雕,第三十一回,射雕,第三十一回,27,间歇,中,false,27,1221-01-09 15:00,1221-01-10 18:00,大理/云南/一灯禅院,大理/云南/桃源,2,郭靖|黄蓉,false,郭靖黄蓉下山后，在桃源县意外遇到了穆念慈。,外部间隔超过一天，未发现足够证据压缩
514,射雕第三十一回06-桃源遇故,射雕第三十二回04-湍江险滩恶斗,射雕,第三十一回,射雕,第三十二回,51,待人工确认,中,false,,1221-01-10 20:00,1221-01-12 23:00,大理/云南/桃源,大宋/荆湖南路/沅江,0,郭靖|黄蓉,true,郭靖黄蓉明知山有虎，偏向虎山行，乘上了铁掌帮的贼船。,节点存在分支/汇合，不自动改时
515,射雕第三十二回01-穆念慈铁掌峰决裂,射雕第三十二回02-武穆遗书揭秘,射雕,第三十二回,射雕,第三十二回,1,连续,高,true,0,1221-01-11 10:00,1221-01-11 11:00,大宋/荆湖南路/沅江,大宋/荆湖南路/沅江,3,郭靖|黄蓉,false,穆念慈将一本从裘千丈身上搜来的册子交给了郭靖。,同回目同地点，短间隔无独立过渡内容
516,射雕第三十二回02-武穆遗书揭秘,射雕第三十二回03-夜探敌船,射雕,第三十二回,射雕,第三十二回,31,间歇,中,false,31,1221-01-11 13:00,1221-01-12 20:00,大宋/荆湖南路/沅江,大宋/荆湖南路/沅江,3,郭靖|黄蓉,false,郭靖和黄蓉识破了铁掌帮的阴谋，并决定将计就计。,外部间隔超过一天，未发现足够证据压缩
517,射雕第三十二回03-夜探敌船,射雕第三十二回04-湍江险滩恶斗,射雕,第三十二回,射雕,第三十二回,1,待人工确认,中,false,,1221-01-12 22:00,1221-01-12 23:00,大宋/荆湖南路/沅江,大宋/荆湖南路/沅江,3,郭靖|黄蓉|哑梢公,true,郭靖和黄蓉决定将计就计，继续乘船前往青龙滩。,节点存在分支/汇合，不自动改时
518,射雕第三十二回04-湍江险滩恶斗,射雕第三十二回05-江畔定情,射雕,第三十二回,射雕,第三十二回,41,间歇,中,false,41,1221-01-13 01:00,1221-01-14 18:00,大宋/荆湖南路/沅江,大宋/荆湖南路/沅江,3,郭靖|黄蓉,false,经历生死考验后，郭靖与黄蓉在江边互诉衷肠，定下终身之约。,外部间隔超过一天，未发现足够证据压缩
519,射雕第三十二回05-江畔定情,射雕第三十三回01-山坳解围,射雕,第三十二回,射雕,第三十三回,12,过渡,高,false,12,1221-01-14 20:00,1221-01-15 08:00,大宋/荆湖南路/沅江,大宋/临安府/牛家村,1,郭靖|黄蓉,false,郭靖黄蓉继续东行，途中却又生变故。,文本明确包含赶路/等待/跨时段过程
520,射雕第三十三回01-山坳解围,射雕第三十三回02-师徒反目,射雕,第三十三回,射雕,第三十三回,1,连续,高,true,0,1221-01-15 10:00,1221-01-15 11:00,大宋/临安府/牛家村,大宋/临安府/牛家村,3,郭靖|黄蓉|周伯通|柯镇恶|洪七公,false,柯镇恶脱险后，怒火中烧，与郭靖、黄蓉之间爆发了激烈的冲突。,同回目同地点，短间隔无独立过渡内容
521,射雕第三十三回02-师徒反目,射雕第三十三回03-解惑疗伤,射雕,第三十三回,射雕,第三十三回,45,间歇,中,false,45,1221-01-15 13:00,1221-01-17 10:00,大宋/临安府/牛家村,大宋/临安府/牛家村,3,黄蓉|郭靖|洪七公,false,洪七公向郭靖、黄蓉解释了自己失踪后以及柯镇恶发怒的缘由，并从黄蓉处得知了《九阴真经》疗伤篇的法门。,外部间隔超过一天，未发现足够证据压缩
522,射雕第三十三回03-解惑疗伤,射雕第三十三回04-孤岛定盟,射雕,第三十三回,射雕,第三十三回,30,间歇,中,false,30,1221-01-17 12:00,1221-01-18 18:00,大宋/临安府/牛家村,大宋/东海/东海海域,1,郭靖|黄蓉,false,郭靖与黄蓉同赴桃花岛，黄蓉对未来充满恐惧，郭靖最终答应留在岛上，永不离开。,外部间隔超过一天，未发现足够证据压缩
523,射雕第三十三回04-孤岛定盟,射雕第三十四回01-岛上惊变,射雕,第三十三回,射雕,第三十四回,12,待人工确认,中,false,,1221-01-18 20:00,1221-01-19 08:00,大宋/东海/东海海域,海外/桃花岛/桃花岛腹地,0,郭靖|黄蓉,false,郭靖与黄蓉在桃花岛上并未见到黄药师，反而发现了江南五怪惨死的惊天惨案。,证据不足，避免自动改时
524,射雕第三十四回01-岛上惊变,射雕第三十四回02-发现书信,射雕,第三十四回,射雕,第三十四回,1,连续,高,true,0,1221-01-19 10:00,1221-01-19 11:00,海外/桃花岛/桃花岛腹地,海外/桃花岛/桃花岛腹地,3,郭靖|韩宝驹|全金发|朱聪|韩小莹,false,郭靖在师父的遗物中发现了重要的线索。,同回目同地点，短间隔无独立过渡内容
525,射雕第三十四回02-发现书信,射雕第三十四回03-南希仁之死,射雕,第三十四回,射雕,第三十四回,1,连续,高,true,0,1221-01-19 13:00,1221-01-19 14:00,海外/桃花岛/桃花岛腹地,海外/桃花岛/桃花岛腹地,3,郭靖,false,垂死的南希仁留下了最后的线索。,同回目同地点，短间隔无独立过渡内容
526,射雕第三十四回03-南希仁之死,射雕第三十四回04-郭靖离岛,射雕,第三十四回,射雕,第三十四回,42,间歇,中,false,42,1221-01-19 16:00,1221-01-21 10:00,海外/桃花岛/桃花岛腹地,海外/桃花岛/桃花岛腹地,3,郭靖|黄蓉,false,悲愤交加的郭靖做出了决绝的选择。,外部间隔超过一天，未发现足够证据压缩
527,射雕第三十四回04-郭靖离岛,射雕第三十四回05-醉仙楼重逢,射雕,第三十四回,射雕,第三十四回,26,间歇,中,false,26,1221-01-21 12:00,1221-01-22 14:00,海外/桃花岛/桃花岛腹地,大宋/嘉兴府/嘉兴城/醉仙楼,0,郭靖,false,郭靖抵达嘉兴，在醉仙楼与故人重逢。,外部间隔超过一天，未发现足够证据压缩
528,射雕第三十四回05-醉仙楼重逢,射雕第三十四回06-烟雨楼大战,射雕,第三十四回,射雕,第三十四回,1,连续,高,true,0,1221-01-22 16:00,1221-01-22 17:00,大宋/嘉兴府/嘉兴城/醉仙楼,大宋/嘉兴府/嘉兴城/醉仙楼,4,郭靖|丘处机,false,仇人相见，分外眼红，一场大战在所难免。,同回目同地点，短间隔无独立过渡内容
529,射雕第三十四回06-烟雨楼大战,射雕第三十四回07-郭靖占星位,射雕,第三十四回,射雕,第三十四回,1,连续,中,false,0,1221-01-22 21:00,1221-01-22 22:00,大宋/嘉兴府/嘉兴城/醉仙楼,大宋/嘉兴府/嘉兴城/烟雨楼,3,郭靖|黄药师,false,郭靖凭借对阵法的领悟，在战局中起到了关键作用。,同场景短间隔，倾向连续但证据不足以自动改时
530,射雕第三十四回07-郭靖占星位,射雕第三十四回08-黄蓉现身,射雕,第三十四回,射雕,第三十四回,1,连续,高,true,0,1221-01-23 00:00,1221-01-23 01:00,大宋/嘉兴府/嘉兴城/烟雨楼,大宋/嘉兴府/嘉兴城/烟雨楼,4,黄药师|郭靖,false,一个关键人物的出现，带来了澄清事实的希望。,同回目同地点，短间隔无独立过渡内容
531,射雕第三十四回08-黄蓉现身,射雕第三十四回09-西毒东邪再会,射雕,第三十四回,射雕,第三十四回,1,连续,高,true,0,1221-01-23 03:00,1221-01-23 04:00,大宋/嘉兴府/嘉兴城/烟雨楼,大宋/嘉兴府/嘉兴城/烟雨楼,4,郭靖|黄药师|黄蓉|柯镇恶|丘处机|马钰|王处一|刘处玄|郝大通|孙不二,false,另一位五绝高手的到来，让本已复杂的局势更加波谲云诡。,同回目同地点，短间隔无独立过渡内容
532,射雕第三十四回09-西毒东邪再会,射雕第三十四回10-洪七公止斗,射雕,第三十四回,射雕,第三十四回,36,间歇,中,false,36,1221-01-23 06:00,1221-01-24 18:00,大宋/嘉兴府/嘉兴城/烟雨楼,大宋/嘉兴府/嘉兴城/烟雨楼,4,郭靖|柯镇恶|黄药师|黄蓉|欧阳锋|丘处机|马钰|王处一|刘处玄|郝大通|孙不二,false,在局势彻底失控前，德高望重的九指神丐出面了。,外部间隔超过一天，未发现足够证据压缩
533,射雕第三十四回10-洪七公止斗,射雕第三十五回01-烟雨楼前混战,射雕,第三十四回,射雕,第三十五回,11,待人工确认,中,false,,1221-01-24 21:00,1221-01-25 08:00,大宋/嘉兴府/嘉兴城/烟雨楼,大宋/嘉兴府/嘉兴城/烟雨楼,4,郭靖|黄药师|欧阳锋|黄蓉|柯镇恶|丘处机|马钰|王处一|刘处玄|郝大通|孙不二,false,后续剧情将转入“烟雨楼前混战”。,证据不足，避免自动改时
534,射雕第三十五回01-烟雨楼前混战,射雕第三十五回02-大雾脱险,射雕,第三十五回,射雕,第三十五回,1,连续,高,true,0,1221-01-25 12:00,1221-01-25 13:00,大宋/嘉兴府/嘉兴城/烟雨楼,大宋/嘉兴府/嘉兴城/烟雨楼,4,欧阳锋|马钰|丘处机|王处一|刘处玄|郝大通|孙不二|郭靖|完颜洪烈|黄蓉|柯镇恶|黄药师|周伯通,false,烟雨楼前大雾弥漫，欧阳锋趁机布下蛇阵，众人陷入重围。,同回目同场景直接因果接续
535,射雕第三十五回02-大雾脱险,射雕第三十五回03-黄蓉舍身救柯镇恶,射雕,第三十五回,射雕,第三十五回,27,间歇,中,false,27,1221-01-25 15:00,1221-01-26 18:00,大宋/嘉兴府/嘉兴城/烟雨楼,大宋/嘉兴府/嘉兴城/烟雨楼,4,黄蓉|柯镇恶,false,众人脱险后，黄蓉不计前嫌，多次舍身保护受伤的柯镇恶。,外部间隔超过一天，未发现足够证据压缩
536,射雕第三十五回03-黄蓉舍身救柯镇恶,射雕第三十五回04-铁枪庙内揭真相,射雕,第三十五回,射雕,第三十五回,24,待人工确认,中,false,,1221-01-26 20:00,1221-01-27 20:00,大宋/嘉兴府/嘉兴城/烟雨楼,大宋/嘉兴府/嘉兴城/铁枪庙,3,柯镇恶|黄蓉,true,黄蓉与柯镇恶躲入铁枪庙，意外撞破杨康与欧阳锋的阴谋。,节点存在分支/汇合，不自动改时
537,射雕第三十五回04-铁枪庙内揭真相,射雕第三十六回06-成吉思汗西征,射雕,第三十五回,射雕,第三十六回,4735,待人工确认,中,false,,1221-01-28 01:00,1221-08-15 08:00,大宋/嘉兴府/嘉兴城/铁枪庙,蒙古/斡难河/斡难河畔,0,,true,郭靖得知真相，悲愤交加，但国事为重，最终决定随成吉思汗大军西征。,节点存在分支/汇合，不自动改时
538,射雕第三十六回01-铁枪庙复仇,射雕第三十六回02-黄蓉智斗欧阳锋,射雕,第三十六回,射雕,第三十六回,1,连续,高,true,0,1221-01-28 12:00,1221-01-28 13:00,大宋/嘉兴府/嘉兴城/铁枪庙,大宋/嘉兴府/嘉兴城/铁枪庙,4,黄蓉|欧阳锋|柯镇恶,false,杨康死后，欧阳锋将矛头指向了黄蓉，意图逼问《九阴真经》的下落。,同回目同地点，短间隔无独立过渡内容
539,射雕第三十六回02-黄蓉智斗欧阳锋,射雕第三十六回03-郭靖得知真相,射雕,第三十六回,射雕,第三十六回,51,间歇,中,false,51,1221-01-28 15:00,1221-01-30 18:00,大宋/嘉兴府/嘉兴城/铁枪庙,大宋/嘉兴府/嘉兴郊野/镇外荒地,2,柯镇恶,false,逃出生天的柯镇恶遇到了郭靖，将一切真相和盘托出。,外部间隔超过一天，未发现足够证据压缩
540,射雕第三十六回03-郭靖得知真相,射雕第三十六回04-郭靖重返蒙古,射雕,第三十六回,射雕,第三十六回,4308,间歇,高,false,4308,1221-01-30 20:00,1221-07-30 08:00,大宋/嘉兴府/嘉兴郊野/镇外荒地,金国/山东/济南府,0,郭靖,false,郭靖得知真相后，踏上了寻找黄蓉的漫漫长路，最终在半年后重返蒙古。,存在跨日/长程/长时段或明显场景重置，作为自由期时间锚点
541,射雕第三十六回04-郭靖重返蒙古,射雕第三十六回05-郭靖拒婚,射雕,第三十六回,射雕,第三十六回,15,过渡,高,false,15,1221-08-13 18:00,1221-08-14 09:00,金国/山东/济南府,蒙古/斡难河/斡难河畔,0,郭靖|李萍|华筝,false,回到蒙古的郭靖，面临着大汗指定的婚约。,文本明确包含赶路/等待/跨时段过程
542,射雕第三十六回05-郭靖拒婚,射雕第三十六回06-成吉思汗西征,射雕,第三十六回,射雕,第三十六回,21,待人工确认,中,false,,1221-08-14 11:00,1221-08-15 08:00,蒙古/斡难河/斡难河畔,蒙古/斡难河/斡难河畔,3,铁木真|郭靖,true,就在郭靖准备南归寻找黄蓉之际，蒙古因使者被杀，决定起兵西征花剌子模。,节点存在分支/汇合，不自动改时
543,射雕第三十六回06-成吉思汗西征,射雕第三十六回07-郭靖研读兵书,射雕,第三十六回,射雕,第三十六回,14,过渡,中,false,14,1221-09-13 18:00,1221-09-14 08:00,蒙古/斡难河/斡难河畔,蒙古/斡难河/斡难河畔,3,郭靖,false,被任命为万夫长的郭靖，开始为即将到来的大战做准备。,同链近距事件，保留有限过渡时间
544,射雕第三十六回07-郭靖研读兵书,射雕第三十六回08-郭靖平息内乱,射雕,第三十六回,射雕,第三十六回,14,过渡,中,false,14,1221-10-24 18:00,1221-10-25 08:00,蒙古/斡难河/斡难河畔,蒙古/斡难河/斡难河畔,3,郭靖|鲁有脚,false,郭靖通过研习兵法，在随后的王子内乱中发挥了关键作用。,同链近距事件，保留有限过渡时间
545,射雕第三十六回08-郭靖平息内乱,射雕第三十七回01-夜探军营,射雕,第三十六回,射雕,第三十七回,142,间歇,高,false,142,1221-10-25 10:00,1221-11-01 08:00,蒙古/斡难河/斡难河畔,西域/花剌子模/那密河蒙古军营,0,郭靖|鲁有脚,false,西征大军一路势如破竹，郭靖在攻城战中屡立奇功。,存在跨日/长程/长时段或明显场景重置，作为自由期时间锚点
546,射雕第三十七回01-夜探军营,射雕第三十七回02-智擒西毒,射雕,第三十七回,射雕,第三十七回,1,连续,高,true,0,1221-11-01 10:00,1221-11-01 11:00,西域/花剌子模/那密河蒙古军营,西域/花剌子模/那密河蒙古军营,3,郭靖|欧阳锋|鲁有脚,false,后续剧情将转入“智擒西毒”。,同回目同地点，短间隔无独立过渡内容
547,射雕第三十七回02-智擒西毒,射雕第三十七回03-秃木峰顶相会,射雕,第三十七回,射雕,第三十七回,149,间歇,中,false,149,1221-11-04 13:00,1221-11-10 18:00,西域/花剌子模/那密河蒙古军营,西域/花剌子模/那密河蒙古军营,3,黄蓉|鲁有脚|郭靖,false,后续剧情将转入“秃木峰顶相会”。,外部间隔超过一天，未发现足够证据压缩
548,射雕第三十七回03-秃木峰顶相会,射雕第三十七回04-计困欧阳锋,射雕,第三十七回,射雕,第三十七回,1,过渡,中,false,1,1221-11-11 06:00,1221-11-11 07:00,西域/花剌子模/那密河蒙古军营,西域/花剌子模/秃木峰,2,郭靖|黄蓉,false,后续剧情将转入“计困欧阳锋”。,同链近距事件，保留有限过渡时间
549,射雕第三十七回04-计困欧阳锋,射雕第三十七回05-西毒脱困,射雕,第三十七回,射雕,第三十七回,73,间歇,中,false,73,1221-11-11 09:00,1221-11-14 10:00,西域/花剌子模/秃木峰,西域/花剌子模/秃木峰,3,郭靖|欧阳锋,false,后续剧情将转入“西毒脱困”。,外部间隔超过一天，未发现足够证据压缩
550,射雕第三十七回05-西毒脱困,射雕第三十七回06-奇袭撒麻尔罕,射雕,第三十七回,射雕,第三十七回,740,间歇,高,false,740,1221-11-14 12:00,1221-12-15 08:00,西域/花剌子模/秃木峰,西域/花剌子模/撒麻尔罕城外蒙古军营,2,郭靖,false,后续剧情将转入“奇袭撒麻尔罕”。,存在跨日/长程/长时段或明显场景重置，作为自由期时间锚点
551,射雕第三十七回06-奇袭撒麻尔罕,射雕第三十七回07-智擒完颜洪烈,射雕,第三十七回,射雕,第三十七回,122,间歇,高,false,122,1221-12-15 16:00,1221-12-20 18:00,西域/花剌子模/撒麻尔罕城外蒙古军营,西域/花剌子模/撒麻尔罕城,2,黄蓉|郭靖,false,城破之后，黄蓉设下计策，成功捕获了企图逃窜的完颜洪烈。,存在跨日/长程/长时段或明显场景重置，作为自由期时间锚点
552,射雕第三十七回07-智擒完颜洪烈,射雕第三十七回08-为民请命,射雕,第三十七回,射雕,第三十七回,1,连续,高,true,0,1221-12-20 22:00,1221-12-20 23:00,西域/花剌子模/撒麻尔罕城,西域/花剌子模/撒麻尔罕城,3,黄蓉|郭靖,false,郭靖因不忍屠城惨状，向成吉思汗求情，最终惹怒大汗。,同回目同地点，短间隔无独立过渡内容
553,射雕第三十七回08-为民请命,射雕第三十七回09-道人西行,射雕,第三十七回,射雕,第三十七回,713,间歇,高,false,713,1221-12-21 01:00,1222-01-20 18:00,西域/花剌子模/撒麻尔罕城,西域/花剌子模/撒麻尔罕城,3,铁木真|郭靖,false,郭靖因惹怒大汗而忐忑不安，却在宫中意外见到了西行而来的丘处机道长。,存在跨日/长程/长时段或明显场景重置，作为自由期时间锚点
554,射雕第三十七回09-道人西行,射雕第三十八回01-黄蓉负气出走,射雕,第三十七回,射雕,第三十八回,108,间歇,中,false,108,1222-01-20 20:00,1222-01-25 08:00,西域/花剌子模/撒麻尔罕城,西域/花剌子模/撒麻尔罕城,3,郭靖|丘处机|华筝,false,后续剧情将转入“黄蓉负气出走”。,外部间隔超过一天，未发现足够证据压缩
555,射雕第三十八回01-黄蓉负气出走,射雕第三十八回02-雪地沼泽惊魂,射雕,第三十八回,射雕,第三十八回,242,间歇,中,false,242,1222-01-25 10:00,1222-02-05 12:00,西域/花剌子模/撒麻尔罕城,西域/花剌子模/撒麻尔罕城,3,郭靖|黄蓉,false,郭靖追寻黄蓉的踪迹，却在雪地沼泽中发现了欧阳锋的脚印，一场惊心动魄的追逐即将展开。,外部间隔超过一天，未发现足够证据压缩
556,射雕第三十八回02-雪地沼泽惊魂,射雕第三十八回03-石屋被囚练功,射雕,第三十八回,射雕,第三十八回,114,间歇,高,false,114,1222-02-05 14:00,1222-02-10 08:00,西域/花剌子模/撒麻尔罕城,蒙古/大漠/蒙古部落,0,郭靖|欧阳锋,false,郭靖为救欧阳锋反遭制住，被带至一废弃石屋，一场关乎《九阴真经》的较量即将开始。,存在跨日/长程/长时段或明显场景重置，作为自由期时间锚点
557,射雕第三十八回03-石屋被囚练功,射雕第三十八回04-四绝石屋混战,射雕,第三十八回,射雕,第三十八回,1,连续,高,true,0,1222-03-10 08:00,1222-03-10 09:00,蒙古/大漠/蒙古部落,蒙古/大漠/蒙古部落,3,欧阳锋|郭靖,false,正当郭靖与欧阳锋对峙之际，周伯通与裘千仞意外闯入，一场四大高手在斗室中的惊天混战即将爆发。,同回目同场景直接因果接续
558,射雕第三十八回04-四绝石屋混战,射雕第三十八回05-锦囊泄露密令,射雕,第三十八回,射雕,第三十八回,3474,间歇,高,false,3474,1222-03-10 14:00,1222-08-05 08:00,蒙古/大漠/蒙古部落,蒙古/斡难河/铁木真营地/大汗金帐,1,郭靖,false,郭靖逃出石屋后，在蒙古大营中与母亲重逢，然而一个神秘的锦囊即将揭开一场巨大的阴谋。,存在跨日/长程/长时段或明显场景重置，作为自由期时间锚点
559,射雕第三十八回05-锦囊泄露密令,射雕第三十八回06-李萍喋血金帐,射雕,第三十八回,射雕,第三十八回,248,间歇,中,false,248,1222-08-05 10:00,1222-08-15 18:00,蒙古/斡难河/铁木真营地/大汗金帐,蒙古/斡难河/铁木真营地/大汗金帐,4,铁木真|郭靖|李萍,false,锦囊密令败露，郭靖母子被擒至金帐。面对成吉思汗的逼迫，一场忠与孝的惨烈抉择即将上演。,外部间隔超过一天，未发现足够证据压缩
560,射雕第三十八回06-李萍喋血金帐,射雕第三十八回07-郭靖逃离蒙古,射雕,第三十八回,射雕,第三十八回,12,过渡,高,false,12,1222-08-15 20:00,1222-08-16 08:00,蒙古/斡难河/铁木真营地/大汗金帐,蒙古/斡难河/斡难河畔,2,郭靖|拖雷,false,郭靖抱着母亲冰冷的尸身冲出重围，在哲别与拖雷的帮助下，踏上了逃离蒙古、返回故土的悲壮长路。,文本明确包含赶路/等待/跨时段过程
561,射雕第三十九回01-济南府遇师解惑,射雕第三十九回02-华山遇险,射雕,第三十九回,射雕,第三十九回,164,间歇,高,false,164,1222-08-25 12:00,1222-09-02 08:00,金国/山东/济南府,大宋/华山/华山山域/千尺峡,0,郭靖|丘处机,false,郭靖为寻求忘却武功之法，决定随丘处机同上华山。,存在跨日/长程/长时段或明显场景重置，作为自由期时间锚点
562,射雕第三十九回02-华山遇险,射雕第三十九回03-误杀梁子翁,射雕,第三十九回,射雕,第三十九回,1,过渡,中,false,1,1222-09-02 10:00,1222-09-02 11:00,大宋/华山/华山山域/千尺峡,大宋/华山/华山绝顶,2,郭靖,false,郭靖在独自思索时遭遇梁子翁偷袭，被迫还手。,同链近距事件，保留有限过渡时间
563,射雕第三十九回03-误杀梁子翁,射雕第三十九回04-郭靖黄蓉重逢,射雕,第三十九回,射雕,第三十九回,145,间歇,中,false,145,1222-09-02 13:00,1222-09-08 14:00,大宋/华山/华山绝顶,大宋/华山/华山绝顶,3,郭靖,false,郭靖在无意中发现了正在诡异练功的欧阳锋，并因此与黄蓉意外重逢。,外部间隔超过一天，未发现足够证据压缩
564,射雕第三十九回04-郭靖黄蓉重逢,射雕第三十九回05-周伯通戏耍四恶,射雕,第三十九回,射雕,第三十九回,1,连续,高,true,0,1222-09-08 16:00,1222-09-08 17:00,大宋/华山/华山绝顶,大宋/华山/华山绝顶,3,郭靖|黄蓉,false,郭靖与黄蓉和好后，遇到了正在与丘处机等人对峙的周伯通。,同回目同地点，短间隔无独立过渡内容
565,射雕第三十九回05-周伯通戏耍四恶,射雕第三十九回06-瑛姑寻仇,射雕,第三十九回,射雕,第三十九回,1,连续,高,true,0,1222-09-08 19:00,1222-09-08 20:00,大宋/华山/华山绝顶,大宋/华山/华山绝顶,3,周伯通,false,周伯通被随后赶到的裘千仞用毒蛇吓得狼狈而逃，恰巧遇到了前来寻仇的瑛姑。,同回目同地点，短间隔无独立过渡内容
566,射雕第三十九回06-瑛姑寻仇,射雕第三十九回07-洪七公斥退裘千仞,射雕,第三十九回,射雕,第三十九回,1,连续,高,true,0,1222-09-08 22:00,1222-09-08 23:00,大宋/华山/华山绝顶,大宋/华山/华山绝顶,3,裘千仞|一灯大师,false,在众人对峙裘千仞之际，洪七公现身，以大义之言令裘千仞幡然醒悟。,同回目同地点，短间隔无独立过渡内容
567,射雕第三十九回07-洪七公斥退裘千仞,射雕第三十九回08-华山之巅会师,射雕,第三十九回,射雕,第三十九回,231,间歇,高,false,231,1222-09-09 01:00,1222-09-18 16:00,大宋/华山/华山绝顶,大宋/华山/华山绝顶,3,裘千仞|洪七公,false,论剑前夕，各路高手齐聚华山，大战一触即发。,人工复核：前事件结束后仍需等待华山论剑日期；后一事件引子明确“华山论剑之期已至”
568,射雕第三十九回08-华山之巅会师,射雕第四十回01-洪欧再战,射雕,第三十九回,射雕,第四十回,34,间歇,中,false,34,1222-09-18 18:00,1222-09-20 04:00,大宋/华山/华山绝顶,大宋/华山/华山绝顶,3,郭靖|黄蓉|洪七公|欧阳锋,false,东邪、西毒、北丐三大高手及郭靖在华山之巅展开激烈对决。,外部间隔超过一天，未发现足够证据压缩
569,射雕第四十回01-洪欧再战,射雕第四十回02-三论华山,射雕,第四十回,射雕,第四十回,1,连续,高,true,0,1222-09-20 06:00,1222-09-20 07:00,大宋/华山/华山绝顶,大宋/华山/华山绝顶,3,洪七公|欧阳锋|黄蓉|郭靖,false,洪七公战胜欧阳锋后，黄药师现身，众人商议以一种新的方式决定“天下第一”的归属。,同回目同地点，短间隔无独立过渡内容
570,射雕第四十回02-三论华山,射雕第四十回03-疯丐争锋,射雕,第四十回,射雕,第四十回,1,连续,高,true,0,1222-09-20 09:00,1222-09-20 10:00,大宋/华山/华山绝顶,大宋/华山/华山绝顶,3,欧阳锋|黄药师|洪七公|黄蓉|郭靖,false,黄药师与郭靖战平后，洪七公下场与郭靖比武，考验其武功进境。,同回目同地点，短间隔无独立过渡内容
571,射雕第四十回03-疯丐争锋,射雕第四十回04-侠侣定盟,射雕,第四十回,射雕,第四十回,100,间歇,中,false,100,1222-09-20 12:00,1222-09-24 16:00,大宋/华山/华山绝顶,大宋/华山/华山绝顶,3,洪七公|郭靖|欧阳锋|黄药师|黄蓉,false,华山论剑结束后，黄药师正式承认了郭靖与黄蓉的婚事，洪七公飘然离去。,外部间隔超过一天，未发现足够证据压缩
572,射雕第四十回04-侠侣定盟,射雕第四十回05-华筝传书,射雕,第四十回,射雕,第四十回,367,间歇,高,false,367,1222-09-25 07:00,1222-10-10 14:00,大宋/华山/华山绝顶,大宋/两浙南路/官道,1,黄药师|黄蓉|郭靖,false,在返回桃花岛的途中，郭靖的双雕带来了华筝的密信，告知蒙古即将大举攻宋。,存在跨日/长程/长时段或明显场景重置，作为自由期时间锚点
573,射雕第四十回05-华筝传书,射雕第四十回06-义救念慈,射雕,第四十回,射雕,第四十回,233,间歇,高,false,233,1222-10-10 16:00,1222-10-20 09:00,大宋/两浙南路/官道,大宋/江西南路/上饶,1,郭靖|黄蓉,false,郭靖与黄蓉在赶赴襄阳途中，意外救下了被彭长老欺辱的穆念慈，并见到了她与杨康的遗孤。,存在跨日/长程/长时段或明显场景重置，作为自由期时间锚点
574,射雕第四十回06-义救念慈,射雕第四十回07-智退敌军,射雕,第四十回,射雕,第四十回,76,间歇,高,false,76,1222-10-21 08:00,1222-10-24 12:00,大宋/江西南路/上饶,大宋/襄阳/襄阳城,1,郭靖|黄蓉,false,郭靖与黄蓉抵达襄阳，发现守将昏庸无能，二人定下“犒师”之计，智退蒙古先锋。,存在跨日/长程/长时段或明显场景重置，作为自由期时间锚点
575,射雕第四十回07-智退敌军,射雕第四十回08-空城退敌,射雕,第四十回,射雕,第四十回,157,间歇,中,false,157,1222-10-25 20:00,1222-11-02 09:00,大宋/襄阳/襄阳城,大宋/襄阳/襄阳城,3,郭靖|黄蓉|吕文德,false,郭靖假传圣旨，夺取兵权，并效仿“空城计”，成功吓退了由拖雷率领的蒙古大军。,外部间隔超过一天，未发现足够证据压缩
576,射雕第四十回08-空城退敌,射雕第四十回09-兄弟重逢,射雕,第四十回,射雕,第四十回,1,连续,高,true,0,1222-11-02 15:00,1222-11-02 16:00,大宋/襄阳/襄阳城,大宋/襄阳/襄阳城,3,拖雷|郭靖|黄蓉,false,郭靖决定刺杀拖雷以解襄阳之围，却在蒙古大营中与安答重逢，并得知了成吉思汗病危的消息。,同回目同地点，短间隔无独立过渡内容
577,射雕第四十回09-兄弟重逢,射雕第四十回10-英雄论对,射雕,第四十回,射雕,第四十回,192,间歇,高,false,192,1222-11-02 18:00,1222-11-10 18:00,大宋/襄阳/襄阳城,西夏/蒙古军营/大汗金帐,0,郭靖|拖雷,false,郭靖随拖雷北上，见到了病危的成吉思汗。在与大汗的最后一次对话中，郭靖直言“为民造福、爱护百姓”方为英雄，深深震撼了这位一代天骄。,存在跨日/长程/长时段或明显场景重置，作为自由期时间锚点
578,神雕第一回01-南湖采莲遇武三通,神雕第一回02-陆立鼎惊见血手印,神雕,第一回,神雕,第一回,1,过渡,中,false,1,1238-08-13 18:00,1238-08-13 19:00,大宋/嘉兴府/南湖,大宋/嘉兴府/陆家庄,2,程英|陆无双,false,程英与陆无双从坟场逃回陆家庄，向陆立鼎报告武三通掘墓之事，陆家庄内九个血手印已赫然在墙。,同链近距事件，保留有限过渡时间
579,神雕第一回02-陆立鼎惊见血手印,神雕第一回03-陆家庄夜来不速客,神雕,第一回,神雕,第一回,1,连续,高,true,0,1238-08-13 20:00,1238-08-13 21:00,大宋/嘉兴府/陆家庄,大宋/嘉兴府/陆家庄,3,程英|陆无双|陆立鼎,false,武三娘携二子前来陆家庄借宿，带来了新的变数与转机。,同回目同地点，短间隔无独立过渡内容
580,神雕第一回03-陆家庄夜来不速客,神雕第一回04-武三娘述说前尘恩怨,神雕,第一回,神雕,第一回,1,连续,高,true,0,1238-08-13 22:00,1238-08-13 23:00,大宋/嘉兴府/陆家庄,大宋/嘉兴府/陆家庄,3,武三娘|武三通|武敦儒|武修文,false,击退小道姑后，武三娘在烛光下道出李莫愁与陆展元、何沅君之间的一段陈年恩怨。,同回目同地点，短间隔无独立过渡内容
581,神雕第一回04-武三娘述说前尘恩怨,神雕第一回05-武三通夜返救二女,神雕,第一回,神雕,第一回,1,过渡,中,false,1,1238-08-14 00:00,1238-08-14 01:00,大宋/嘉兴府/陆家庄,大宋/嘉兴府/陆家庄,3,武三娘|武三通,false,武三通去而复返，深夜返回陆家庄将程英与陆无双带走藏匿。陆氏夫妇屏息静候，李莫愁随时将至。,存在短途移动/等待/跨时段语义，保留过渡耗时
582,神雕第一回05-武三通夜返救二女,神雕第一回07-李莫愁血洗陆家庄,神雕,第一回,神雕,第一回,6,待人工确认,中,false,,1238-08-14 02:00,1238-08-14 08:00,大宋/嘉兴府/陆家庄,大宋/嘉兴府/陆家庄,3,陆无双|程英|武三娘|武三通|陆立鼎|陆二娘,true,赤练仙子李莫愁踏歌而来，陆家庄大祸临头，一场血腥屠杀即将展开。,节点存在分支/汇合，不自动改时
583,神雕第一回06-武修文迷途遇郭芙柯镇恶,神雕第一回07-李莫愁血洗陆家庄,神雕,第一回,神雕,第一回,1,待人工确认,中,false,,1238-08-14 07:00,1238-08-14 08:00,大宋/嘉兴府/嘉兴郊野/树林,大宋/嘉兴府/陆家庄,2,武三通|柯镇恶,true,柯镇恶闻知李莫愁来袭，急忙赶往陆家庄救援。,节点存在分支/汇合，不自动改时
584,神雕第二回01-破窑避难临终分锦帕,神雕第二回02-李莫愁追至窑外武三通断树迎战,神雕,第二回,神雕,第二回,1,过渡,中,false,1,1238-08-14 13:00,1238-08-14 14:00,大宋/嘉兴府/嘉兴郊野/破窑,大宋/嘉兴府/嘉兴郊野/破窑,4,武三通|李莫愁,false,李莫愁如鬼魅般追踪而至，在窑洞外发出银铃般的娇笑，威胁要将程英和陆无双抛出去,存在短途移动/等待/跨时段语义，保留过渡耗时
585,神雕第二回02-李莫愁追至窑外武三通断树迎战,神雕第二回03-郭芙携雕来援杨过初现破窑,神雕,第二回,神雕,第二回,1,连续,高,true,0,1238-08-14 15:00,1238-08-14 16:00,大宋/嘉兴府/嘉兴郊野/破窑,大宋/嘉兴府/嘉兴郊野/破窑,4,李莫愁|武三通,false,武三通渐落下风之际，空中传来雕唳之声，郭芙携双雕赶到助战，另有一个衣衫褴褛的少年也跳跳跃跃地走来,同回目同地点，短间隔无独立过渡内容
586,神雕第二回03-郭芙携雕来援杨过初现破窑,神雕第二回04-杨过抱李莫愁被制神秘石子救场,神雕,第二回,神雕,第二回,1,连续,高,true,0,1238-08-14 17:00,1238-08-14 18:00,大宋/嘉兴府/嘉兴郊野/破窑,大宋/嘉兴府/嘉兴郊野/破窑,4,柯镇恶|李莫愁,false,李莫愁闯进窑洞掳出二女，那褴褛少年愤而跃起抱住李莫愁，竟令这杀人不眨眼的女魔头一时心软,同回目同地点，短间隔无独立过渡内容
587,神雕第二回04-杨过抱李莫愁被制神秘石子救场,神雕第二回05-青袍人弹石退李莫愁救程英掳无双,神雕,第二回,神雕,第二回,1,连续,高,true,0,1238-08-14 19:00,1238-08-14 20:00,大宋/嘉兴府/嘉兴郊野/破窑,大宋/嘉兴府/嘉兴郊野/破窑,4,李莫愁|程英|陆无双,false,远处破空之声又至，两粒小石子击落冰魄银针，一个形如僵尸的青袍怪人出现在程英身旁,同回目同地点，短间隔无独立过渡内容
588,神雕第二回05-青袍人弹石退李莫愁救程英掳无双,神雕第二回06-杨过拾银针中毒遇欧阳锋,神雕,第二回,神雕,第二回,1,待人工确认,中,false,,1238-08-14 21:00,1238-08-14 22:00,大宋/嘉兴府/嘉兴郊野/破窑,大宋/嘉兴府/嘉兴郊野/镇外荒地,3,,false,杨过追出去拾取李莫愁遗落的冰魄银针，不料双手中毒发黑，性命垂危之际遇到了一个以手行走的倒立怪人,证据不足，避免自动改时
589,神雕第二回06-杨过拾银针中毒遇欧阳锋,神雕第二回07-欧阳锋逼杨过认父传逼毒法,神雕,第二回,神雕,第二回,1,连续,高,true,0,1238-08-14 23:00,1238-08-15 00:00,大宋/嘉兴府/嘉兴郊野/镇外荒地,大宋/嘉兴府/嘉兴郊野/镇外荒地,4,杨过|欧阳锋,false,那怪人要杨过叫他'爸爸'才肯出手相救，杨过为保性命只得发誓顺从,同回目同地点，短间隔无独立过渡内容
590,神雕第二回07-欧阳锋逼杨过认父传逼毒法,神雕第二回08-郭靖黄蓉现身救治杨过识故人,神雕,第二回,神雕,第二回,9,过渡,中,false,9,1238-08-15 01:00,1238-08-15 10:00,大宋/嘉兴府/嘉兴郊野/镇外荒地,大宋/嘉兴府/嘉兴郊野/镇外荒地,4,杨过|欧阳锋,false,双雕飞过引得怪人惊慌逃走，柳树林后转出了名震武林的大侠郭靖与丐帮帮主黄蓉夫妇,同链近距事件，保留有限过渡时间
591,神雕第二回08-郭靖黄蓉现身救治杨过识故人,神雕第二回09-郭黄双啸惊群雄黄蓉智识杨过,神雕,第二回,神雕,第二回,1,连续,高,true,0,1238-08-15 11:00,1238-08-15 12:00,大宋/嘉兴府/嘉兴郊野/镇外荒地,大宋/嘉兴府/嘉兴郊野/镇外荒地,4,欧阳锋|杨过|郭靖|黄蓉,false,郭靖黄蓉夫妇同时发出长啸声震数里，惊退了欧阳锋、黄药师与李莫愁三大高手,同回目同地点，短间隔无独立过渡内容
592,神雕第二回09-郭黄双啸惊群雄黄蓉智识杨过,神雕第二回10-郭靖带杨过回客店寻药疗伤,神雕,第二回,神雕,第二回,1,过渡,高,false,1,1238-08-15 13:00,1238-08-15 14:00,大宋/嘉兴府/嘉兴郊野/镇外荒地,大宋/嘉兴府/嘉兴城/客店,2,郭靖|黄蓉|柯镇恶|郭芙|杨过,false,杨过惊厥晕倒，郭靖又惊又喜发现他是杨康之子，夫妻二人抱他回到客店配药救治,文本明确包含赶路/等待/跨时段过程
593,神雕第二回10-郭靖带杨过回客店寻药疗伤,神雕第二回11-欧阳锋夜访杨过传授蛤蟆功,神雕,第二回,神雕,第二回,2,过渡,高,false,2,1238-08-15 19:00,1238-08-15 21:00,大宋/嘉兴府/嘉兴城/客店,大宋/嘉兴府/嘉兴郊野/镇外荒地,2,杨过|柯镇恶,false,深夜时分杨过悠悠醒转，忽见窗外黑影闪动，竟是日间认作义父的那个倒行怪人去而复返,文本明确包含赶路/等待/跨时段过程
594,神雕第二回11-欧阳锋夜访杨过传授蛤蟆功,神雕第二回12-客店夜战郭靖黄蓉激斗欧阳锋,神雕,第二回,神雕,第二回,1,过渡,中,false,1,1238-08-15 22:00,1238-08-15 23:00,大宋/嘉兴府/嘉兴郊野/镇外荒地,大宋/嘉兴府/嘉兴城/客店,2,杨过|欧阳锋|柯镇恶,false,欧阳锋将杨过送回客店后去而复返，被柯镇恶察觉，一场惊天动地的大战在客店屋顶爆发,同链近距事件，保留有限过渡时间
595,神雕第二回12-客店夜战郭靖黄蓉激斗欧阳锋,神雕第二回13-杨过铁枪庙智助欧阳锋退柯镇恶,神雕,第二回,神雕,第二回,21,过渡,中,false,21,1238-08-16 03:00,1238-08-17 00:00,大宋/嘉兴府/嘉兴城/客店,大宋/嘉兴府/嘉兴城/铁枪庙,3,柯镇恶|杨过|欧阳锋,false,欧阳锋重伤远遁，郭靖也身受内伤。杨过趁乱悄悄追向欧阳锋离去的方向，在铁枪庙中找到了气息奄奄的义父,同链近距事件，保留有限过渡时间
596,神雕第二回13-杨过铁枪庙智助欧阳锋退柯镇恶,神雕第二回14-柯镇恶中毒返店决心东行桃花岛,神雕,第二回,神雕,第二回,5,过渡,中,false,5,1238-08-17 01:00,1238-08-17 06:00,大宋/嘉兴府/嘉兴城/铁枪庙,大宋/嘉兴府/嘉兴城/客店,3,杨过|柯镇恶,false,杨过赶回客店，次日清晨柯镇恶双手乌黑中毒归来，众人决定乘船东行前往桃花岛,存在短途移动/等待/跨时段语义，保留过渡耗时
597,神雕第二回14-柯镇恶中毒返店决心东行桃花岛,神雕第二回15-途遇武氏兄弟黄蓉葬武三娘收养二子,神雕,第二回,神雕,第二回,64,间歇,中,false,64,1238-08-17 16:00,1238-08-20 08:00,大宋/嘉兴府/嘉兴城/客店,大宋/嘉兴府/南湖/岸边,2,郭靖|黄蓉,false,众人乘船东行半日后靠岸停泊，忽见岸上武敦儒武修文兄弟抚着母亲尸身哀哀痛哭,跨区域且有明确移动/等待，作为自由期时间锚点
598,神雕第二回15-途遇武氏兄弟黄蓉葬武三娘收养二子,神雕第三回02-初到桃花岛斗蟋蟀起冲突,神雕,第二回,神雕,第三回,313,待人工确认,中,false,,1238-08-21 09:00,1238-09-04 10:00,大宋/嘉兴府/南湖/岸边,海外/桃花岛/桃花岛腹地/清啸亭,0,郭芙|武敦儒|武修文|黄蓉,true,船只继续东行往桃花岛进发，郭靖黄蓉带着杨过、郭芙和武氏兄弟四个孩子一同前往桃花岛，新的生活即将开始,节点存在分支/汇合，不自动改时
599,神雕第三回01-舟中议婚,神雕第三回02-初到桃花岛斗蟋蟀起冲突,神雕,第三回,神雕,第三回,73,待人工确认,中,false,,1238-09-01 09:00,1238-09-04 10:00,大宋/东海/东海海域,海外/桃花岛/桃花岛腹地/清啸亭,0,黄蓉|杨过,true,船只继续东行，数日后抵达桃花岛。郭芙见到三个年纪相若的小伙伴欢喜之极，四个孩子在岛上开始了新的生活。,节点存在分支/汇合，不自动改时
600,神雕第三回02-初到桃花岛斗蟋蟀起冲突,神雕第三回03-杨过推石遁走藏匿山中,神雕,第三回,神雕,第三回,1,过渡,中,false,1,1238-09-07 11:00,1238-09-07 12:00,海外/桃花岛/桃花岛腹地/清啸亭,海外/桃花岛/试剑峰,2,杨过|黄蓉|郭芙|武修文|武敦儒,false,杨过与武氏兄弟的冲突急剧升级，从蟋蟀之争演变为拳脚相向，最终杨过被逼上试剑峰断崖，一场更大的危机即将爆发。,同链近距事件，保留有限过渡时间
601,神雕第三回03-杨过推石遁走藏匿山中,神雕第三回04-郭靖收徒黄蓉分教只传文,神雕,第三回,神雕,第三回,7,过渡,高,false,7,1238-09-09 01:00,1238-09-09 08:00,海外/桃花岛/试剑峰,海外/桃花岛/桃花岛腹地/大厅,2,杨过|郭芙|黄蓉|郭靖,false,郭靖深夜将杨过找回，举家默默吃饭绝口不提往事。次日清晨，郭靖将四个孩子叫到大厅，要正式收他们为徒。,文本明确包含赶路/等待/跨时段过程
602,神雕第三回04-郭靖收徒黄蓉分教只传文,神雕第三回05-杨过偷学武功暗练蛤蟆功,神雕,第三回,神雕,第三回,1,连续,中,false,0,1238-09-09 09:00,1238-09-09 10:00,海外/桃花岛/桃花岛腹地/大厅,海外/桃花岛/桃花岛腹地/书房与山边,3,郭靖|杨过|黄蓉,false,黄蓉将杨过领入书房开始教他读书识字，始终不提武功。杨过每日晨晚趁空隙自行到僻静山边练功，内力日渐增进。,同场景短间隔，倾向连续但证据不足以自动改时
603,神雕第三回05-杨过偷学武功暗练蛤蟆功,神雕第三回06-桃林再斗蛤蟆功初显威,神雕,第三回,神雕,第三回,13,过渡,高,false,13,1239-02-22 17:00,1239-02-23 06:00,海外/桃花岛/桃花岛腹地/书房与山边,海外/桃花岛/桃花岛腹地/巨岩后,3,杨过|武敦儒|武修文,false,杨过在海边闲步时无意间偷看到郭靖教武氏兄弟招数，一学便会。次日他与武氏兄弟再次发生冲突，一场新的斗殴一触即发。,文本明确包含赶路/等待/跨时段过程
604,神雕第三回06-桃林再斗蛤蟆功初显威,神雕第三回07-杨过蛤蟆功败露愤而投海,神雕,第三回,神雕,第三回,1,过渡,中,false,1,1239-02-23 07:00,1239-02-23 08:00,海外/桃花岛/桃花岛腹地/巨岩后,海外/桃花岛/桃花岛海岸/沙滩,2,杨过|郭芙|武修文|武敦儒,false,武修文被杨过的蛤蟆功击中后倒地昏迷，武敦儒哭叫着奔去禀报郭靖。杨过蛤蟆功的来历即将暴露，柯镇恶和黄蓉闻讯赶来。,同链近距事件，保留有限过渡时间
605,神雕第三回07-杨过蛤蟆功败露愤而投海,神雕第三回08-郭靖决意送杨过赴全真教,神雕,第三回,神雕,第三回,11,过渡,中,false,11,1239-02-23 09:00,1239-02-23 20:00,海外/桃花岛/桃花岛海岸/沙滩,海外/桃花岛/桃花岛腹地/郭靖房中,2,郭靖|杨过,false,当天晚上，郭靖把杨过叫进房来，告诉他今后只叫他郭伯伯，要送他去终南山重阳宫学艺。,同链近距事件，保留有限过渡时间
606,神雕第三回08-郭靖决意送杨过赴全真教,神雕第三回09-赴终南途经普光寺问父死因,神雕,第三回,神雕,第三回,83,间歇,高,false,83,1239-02-23 21:00,1239-02-27 08:00,海外/桃花岛/桃花岛腹地/郭靖房中,海外/桃花岛/桃花岛海岸/沙滩,2,杨过|郭靖,false,数日后郭靖带着杨过乘船离岛北上，一路晓行夜宿渡过黄河来到陕西，将杨过送往终南山重阳宫。,存在跨日/长程/长时段或明显场景重置，作为自由期时间锚点
607,神雕第三回09-赴终南途经普光寺问父死因,神雕第三回10-全真道众误阻郭靖连破北斗阵,神雕,第三回,神雕,第三回,1,待人工确认,中,false,,1239-03-02 09:00,1239-03-02 10:00,海外/桃花岛/桃花岛海岸/沙滩,大宋/终南山/普光寺,0,郭靖|杨过,false,两个中年道士看到郭靖拍石碑的一幕后出寺而去，郭靖追上想请他们引见丘处机，却引发了一连串意想不到的误会。,证据不足，避免自动改时
608,神雕第三回10-全真道众误阻郭靖连破北斗阵,神雕第四回01-郭靖闯重阳宫救全真七子,神雕,第三回,神雕,第四回,45,间歇,中,false,45,1239-03-02 11:00,1239-03-04 08:00,大宋/终南山/普光寺,大宋/终南山/重阳宫,2,郭靖,false,郭靖闯过天罡北斗大阵跃过玉清池，但杨过已在途中被神秘道人掳走不知去向。郭靖急于上山寻找杨过拜见丘处机。,跨区域且有明确移动/等待，作为自由期时间锚点
609,神雕第四回01-郭靖闯重阳宫救全真七子,神雕第四回02-郭靖遇霍都交手定十年之约,神雕,第四回,神雕,第四回,1,连续,高,true,0,1239-03-04 09:00,1239-03-04 10:00,大宋/终南山/重阳宫,大宋/终南山/重阳宫,3,郭靖,false,郭靖击退群敌后，两名气度不凡的敌人——贵公子霍都与藏僧达尔巴上前搭话,同回目同地点，短间隔无独立过渡内容
610,神雕第四回02-郭靖遇霍都交手定十年之约,神雕第四回03-敌退杨过现身鹿清笃诉冤,神雕,第四回,神雕,第四回,1,连续,高,true,0,1239-03-04 11:00,1239-03-04 12:00,大宋/终南山/重阳宫,大宋/终南山/重阳宫,3,郭靖,false,群敌退去后，郝大通重伤伏地不起，杨过从梁上跃下与郭靖重逢,同回目同地点，短间隔无独立过渡内容
611,神雕第四回03-敌退杨过现身鹿清笃诉冤,神雕第四回04-丘处机得知杨过身世问缘由,神雕,第四回,神雕,第四回,1,连续,高,true,0,1239-03-04 13:00,1239-03-04 14:00,大宋/终南山/重阳宫,大宋/终南山/重阳宫,3,马钰|郭靖|杨过|丘处机,false,众人欢笑过后，马钰问起杨过来历，郭靖说出杨过是杨康遗腹子，丘处机心头一凛,同回目同地点，短间隔无独立过渡内容
612,神雕第四回04-丘处机得知杨过身世问缘由,神雕第四回05-丘处机讲述王重阳林朝英往事,神雕,第四回,神雕,第四回,1,连续,高,true,0,1239-03-04 15:00,1239-03-04 16:00,大宋/终南山/重阳宫,大宋/终南山/重阳宫,3,郭靖|丘处机,false,丘处机带郭靖到山峰绝顶，讲述刻在石上的诗与全真教创教往事,同回目同地点，短间隔无独立过渡内容
613,神雕第四回05-丘处机讲述王重阳林朝英往事,神雕第四回06-丘处机细说古墓派小龙女遭劫,神雕,第四回,神雕,第四回,1,连续,高,true,0,1239-03-04 17:00,1239-03-04 18:00,大宋/终南山/重阳宫,大宋/终南山/重阳宫,3,丘处机|郭靖,false,说完重阳祖师往事，丘处机继续讲述古墓派后世传人与今日小龙女遭劫的缘由,同回目同场景直接因果接续
614,神雕第四回06-丘处机细说古墓派小龙女遭劫,神雕第四回07-小龙女琴声玉蜂退群邪,神雕,第四回,神雕,第四回,637,间歇,中,false,637,1239-03-04 19:00,1239-04-01 08:00,大宋/终南山/重阳宫,大宋/终南山/重阳宫,3,郭靖|丘处机,false,丘处机讲完古墓派往事，忽听西边号角声响起——霍都正在向小龙女挑战,外部间隔超过一天，未发现足够证据压缩
615,神雕第四回07-小龙女琴声玉蜂退群邪,神雕第四回08-郭靖托孤丘处机收杨过入门,神雕,第四回,神雕,第四回,1,连续,高,true,0,1239-04-01 09:00,1239-04-01 10:00,大宋/终南山/重阳宫,大宋/终南山/重阳宫,3,丘处机|郭靖,false,小龙女以玉蜂驱退群邪后，郭靖在路上再次恳求丘处机收杨过入门,同回目同地点，短间隔无独立过渡内容
616,神雕第四回08-郭靖托孤丘处机收杨过入门,神雕第四回09-丘处机训诫杨过师徒结怨,神雕,第四回,神雕,第四回,2,连续,高,true,0,1239-04-04 10:00,1239-04-04 12:00,大宋/终南山/重阳宫,大宋/终南山/重阳宫,3,丘处机|杨过|赵志敬,false,郭靖离开终南山后，丘处机严厉教训杨过，却引出赵志敬与杨过师徒反目,同回目同地点，短间隔无独立过渡内容
617,神雕第四回09-丘处机训诫杨过师徒结怨,神雕第四回10-赵志敬只传口诀不教功夫,神雕,第四回,神雕,第四回,6,过渡,高,false,6,1239-04-04 13:00,1239-04-04 19:00,大宋/终南山/重阳宫,大宋/终南山/重阳宫,3,杨过|赵志敬|马钰,false,丘处机与王处一赶赴山西后，赵志敬对杨过只传口诀不教实在功夫，杨过苦熬半年,人工复核：前事午后结束，后一事件明确“当日晚饭过后”开始，数月跨度发生在后一事件内部
618,神雕第四回10-赵志敬只传口诀不教功夫,神雕第四回11-全真小较杨过受辱蛤蟆功伤鹿清笃逃古墓,神雕,第四回,神雕,第四回,1,连续,高,true,0,1239-12-15 07:00,1239-12-15 08:00,大宋/终南山/重阳宫,大宋/终南山/重阳宫,3,杨过|赵志敬,false,转眼到了腊月望日全真教小较之期，赵志敬借机让杨过在全教面前出丑,同回目同地点，短间隔无独立过渡内容
619,神雕第四回11-全真小较杨过受辱蛤蟆功伤鹿清笃逃古墓,神雕第五回01-孙婆婆救杨过入古墓,神雕,第四回,神雕,第五回,21,待人工确认,中,false,,1239-12-15 11:00,1239-12-16 08:00,大宋/终南山/重阳宫,大宋/终南山/活死人墓外/树林,2,杨过,false,杨过慌不择路纵身跃下深沟滚入树林，赵志敬追至古墓禁地却被玉蜂蜇退，杨过进入了活死人墓的范围,证据不足，避免自动改时
620,神雕第五回01-孙婆婆救杨过入古墓,神雕第五回02-孙婆婆拒交杨过斗全真群道,神雕,第五回,神雕,第五回,1,连续,高,true,0,1239-12-16 09:00,1239-12-16 10:00,大宋/终南山/活死人墓外/树林,大宋/终南山/活死人墓外/树林,4,杨过|孙婆婆,false,孙婆婆带杨过出墓，恰遇全真教道人前来索人，双方冲突一触即发,同回目同场景直接因果接续
621,神雕第五回02-孙婆婆拒交杨过斗全真群道,神雕第五回03-孙婆婆怒闯重阳宫送蜂浆,神雕,第五回,神雕,第五回,1,过渡,高,false,1,1239-12-16 11:00,1239-12-16 12:00,大宋/终南山/活死人墓外/树林,大宋/终南山/重阳宫,2,孙婆婆|杨过,false,孙婆婆劝说小龙女未果，气愤之下携杨过前往重阳宫送药,文本明确包含赶路/等待/跨时段过程
622,神雕第五回03-孙婆婆怒闯重阳宫送蜂浆,神雕第五回04-孙婆婆重阳宫遭郝大通重伤,神雕,第五回,神雕,第五回,0,连续,高,false,0,1239-12-16 16:00,1239-12-16 16:00,大宋/终南山/重阳宫,大宋/终南山/重阳宫,3,孙婆婆|杨过|张志光,false,孙婆婆被重阳宫群道围住，形势危急,当前已满足结束时间=下一开始时间
623,神雕第五回04-孙婆婆重阳宫遭郝大通重伤,神雕第五回05-小龙女现身孙婆婆临终托付,神雕,第五回,神雕,第五回,0,连续,高,false,0,1239-12-16 17:00,1239-12-16 17:00,大宋/终南山/重阳宫,大宋/终南山/重阳宫,3,孙婆婆|杨过,false,孙婆婆重伤之际，小龙女悄无声息出现在重阳宫大殿门口,当前已满足结束时间=下一开始时间
624,神雕第五回05-小龙女现身孙婆婆临终托付,神雕第五回06-小龙女为孙婆婆复仇斗郝丘,神雕,第五回,神雕,第五回,0,连续,高,false,0,1239-12-16 18:00,1239-12-16 18:00,大宋/终南山/重阳宫,大宋/终南山/重阳宫,3,杨过|小龙女|孙婆婆,false,孙婆婆死后，小龙女要郝大通自刎谢罪，双方动起手来,当前已满足结束时间=下一开始时间
625,神雕第五回06-小龙女为孙婆婆复仇斗郝丘,神雕第五回07-小龙女安葬孙婆婆述生死,神雕,第五回,神雕,第五回,1,过渡,高,false,1,1239-12-16 19:00,1239-12-16 20:00,大宋/终南山/重阳宫,大宋/终南山/活死人墓,2,孙婆婆|小龙女|杨过,false,小龙女携孙婆婆尸身和杨过返回活死人墓，在石棺室中安葬孙婆婆,文本明确包含赶路/等待/跨时段过程
626,神雕第五回07-小龙女安葬孙婆婆述生死,神雕第五回08-杨过初睡寒玉床练内功,神雕,第五回,神雕,第五回,1,连续,高,true,0,1239-12-16 21:00,1239-12-16 22:00,大宋/终南山/活死人墓,大宋/终南山/活死人墓,3,小龙女|杨过,false,安葬孙婆婆后小龙女带杨过到自己房中，命他睡在寒玉床上,同回目同地点，短间隔无独立过渡内容
627,神雕第五回08-杨过初睡寒玉床练内功,神雕第五回09-杨过拜师古墓派,神雕,第五回,神雕,第五回,1,过渡,中,false,1,1239-12-17 07:00,1239-12-17 08:00,大宋/终南山/活死人墓,大宋/终南山/活死人墓,3,小龙女|杨过,false,次日清晨，杨过经一夜练功内力已有进益，即将正式拜小龙女为师,存在短途移动/等待/跨时段语义，保留过渡耗时
628,神雕第五回09-杨过拜师古墓派,神雕第五回10-杨过捉麻雀练古墓轻功,神雕,第五回,神雕,第五回,1,连续,高,true,0,1239-12-17 09:00,1239-12-17 10:00,大宋/终南山/活死人墓,大宋/终南山/活死人墓,3,杨过|小龙女,false,拜师礼成后，小龙女外出捉来麻雀，开始以独特方式传授杨过武功,同回目同地点，短间隔无独立过渡内容
629,神雕第五回10-杨过捉麻雀练古墓轻功,神雕第六回01-送蜜浆杨过戏斗鹿清笃,神雕,第五回,神雕,第六回,0,连续,高,false,0,1239-12-24 10:00,1239-12-24 10:00,大宋/终南山/活死人墓,大宋/终南山/重阳宫,2,小龙女|杨过,false,八日练功初成，小龙女带杨过来到重阳宫前叫赵志敬出来,当前已满足结束时间=下一开始时间
630,神雕第六回01-送蜜浆杨过戏斗鹿清笃,神雕第六回02-小龙女传授天罗地网势,神雕,第六回,神雕,第六回,1,过渡,高,false,1,1239-12-24 11:00,1239-12-24 12:00,大宋/终南山/重阳宫,大宋/终南山/活死人墓,2,小龙女|杨过,false,回到古墓后，小龙女开始正式传授杨过高明的古墓派武功,文本明确包含赶路/等待/跨时段过程
631,神雕第六回02-小龙女传授天罗地网势,神雕第六回03-小龙女讲述古墓派来历与玉女心经,神雕,第六回,神雕,第六回,1,连续,高,true,0,1240-08-20 12:00,1240-08-20 13:00,大宋/终南山/活死人墓,大宋/终南山/活死人墓,3,小龙女|杨过,false,杨过练成天罗地网势后，小龙女开始讲述古墓派的来历与更高深的武学,同回目同地点，短间隔无独立过渡内容
632,神雕第六回03-小龙女讲述古墓派来历与玉女心经,神雕第六回04-杨过两年学遍古墓武功,神雕,第六回,神雕,第六回,18,过渡,中,false,18,1240-08-20 14:00,1240-08-21 08:00,大宋/终南山/活死人墓,大宋/终南山/活死人墓,3,杨过|小龙女,false,得知玉女心经的秘密后，小龙女开始系统传授杨过古墓派的全部武功,同链近距事件，保留有限过渡时间
633,神雕第六回04-杨过两年学遍古墓武功,神雕第六回05-师徒合练全真武功得悟秘诀,神雕,第六回,神雕,第六回,24,过渡,中,false,24,1242-06-22 08:00,1242-06-23 08:00,大宋/终南山/活死人墓,大宋/终南山/活死人墓,3,小龙女|杨过,false,杨过尽得古墓派武功后，师徒二人开始共同修习全真派武功,同链近距事件，保留有限过渡时间
634,神雕第六回05-师徒合练全真武功得悟秘诀,神雕第六回06-师徒合练玉女心经外功,神雕,第六回,神雕,第六回,24,过渡,中,false,24,1242-09-21 08:00,1242-09-22 08:00,大宋/终南山/活死人墓,大宋/终南山/活死人墓,3,小龙女|杨过,false,参悟全真武功后，二人开始进入第三步——修习玉女心经,同链近距事件，保留有限过渡时间
635,神雕第六回06-师徒合练玉女心经外功,神雕第六回07-发现花丛练玉女心经内功,神雕,第六回,神雕,第六回,24,过渡,中,false,24,1242-12-24 08:00,1242-12-25 08:00,大宋/终南山/活死人墓,大宋/终南山/活死人墓,3,杨过|小龙女,false,玉女心经外功练成之后，二人面对更为艰难的内功修习,同链近距事件，保留有限过渡时间
636,神雕第六回07-发现花丛练玉女心经内功,神雕第六回08-赵尹二道夜斗扰小龙女致重伤,神雕,第六回,神雕,第六回,0,连续,高,false,0,1243-06-08 23:00,1243-06-08 23:00,大宋/终南山/活死人墓,大宋/终南山/活死人墓外/树林,2,小龙女|杨过,false,在花丛中练到关键时刻，赵志敬尹志平二人夜间闯入花丛附近,当前已满足结束时间=下一开始时间
637,神雕第六回08-赵尹二道夜斗扰小龙女致重伤,神雕第六回09-杨过独斗赵尹逼誓护师,神雕,第六回,神雕,第六回,0,连续,高,false,0,1243-06-09 00:00,1243-06-09 00:00,大宋/终南山/活死人墓外/树林,大宋/终南山/活死人墓外/树林,4,小龙女|赵志敬|尹志平|杨过,false,小龙女受惊重伤后，杨过怒不可遏与赵志敬尹志平缠斗,当前已满足结束时间=下一开始时间
638,神雕第六回09-杨过独斗赵尹逼誓护师,神雕第六回10-小龙女重伤杨过逃墓遇洪凌波,神雕,第六回,神雕,第六回,12,过渡,中,false,12,1243-06-09 01:00,1243-06-09 13:00,大宋/终南山/活死人墓外/树林,大宋/终南山/活死人墓,2,杨过|小龙女,false,杨过抱小龙女回墓后，小龙女伤势危重性命垂危,同链近距事件，保留有限过渡时间
639,神雕第六回10-小龙女重伤杨过逃墓遇洪凌波,神雕第六回11-洪凌波逼经杨过智擒李莫愁现身,神雕,第六回,神雕,第六回,1,过渡,中,false,1,1243-06-09 14:00,1243-06-09 15:00,大宋/终南山/活死人墓,大宋/终南山/终南山山域/山脚,2,杨过|小龙女,false,杨过逃下山遇上洪凌波后，带她进入古墓见她逼要玉女心经,同链近距事件，保留有限过渡时间
640,神雕第六回11-洪凌波逼经杨过智擒李莫愁现身,神雕第六回12-石床机关断隔杨过割腕喂血,神雕,第六回,神雕,第六回,1,过渡,中,false,1,1243-06-09 16:00,1243-06-09 17:00,大宋/终南山/终南山山域/山脚,大宋/终南山/活死人墓,2,李莫愁|洪凌波|杨过|小龙女,false,李莫愁现身之后，小龙女启动石床机关落入下层石室，与李莫愁师徒隔断,同链近距事件，保留有限过渡时间
641,神雕第六回12-石床机关断隔杨过割腕喂血,神雕第六回13-小龙女引师姊杨过冒死突围,神雕,第六回,神雕,第六回,213,间歇,中,false,213,1243-06-09 22:00,1243-06-18 19:00,大宋/终南山/活死人墓,大宋/终南山/活死人墓,3,李莫愁|洪凌波|杨过|小龙女,false,石床落入下层后，小龙女被杨过喂血救回，决心送杨过出墓独对李莫愁,外部间隔超过一天，未发现足够证据压缩
642,神雕第六回13-小龙女引师姊杨过冒死突围,神雕第七回01-放下断龙石杨过窜回墓中,神雕,第六回,神雕,第七回,12,待人工确认,中,false,,1243-06-18 20:00,1243-06-19 08:00,大宋/终南山/活死人墓,大宋/终南山/活死人墓,3,小龙女|杨过|李莫愁,false,小龙女与杨过虽暂时与李莫愁隔开，但共困古墓之中，断龙石尚未落下，危机仍未解除,证据不足，避免自动改时
643,神雕第七回01-放下断龙石杨过窜回墓中,神雕第七回02-李莫愁见石棺知断龙石惊怒下杀手,神雕,第七回,神雕,第七回,1,过渡,中,false,1,1243-06-19 09:00,1243-06-19 10:00,大宋/终南山/活死人墓,大宋/终南山/活死人墓,3,杨过|小龙女|李莫愁,false,断龙石已下无路可出，小龙女带师姊李莫愁前往师父灵柩所在的石棺灵室。,存在短途移动/等待/跨时段语义，保留过渡耗时
644,神雕第七回02-李莫愁见石棺知断龙石惊怒下杀手,神雕第七回03-杨过小龙女互诉衷肠立生死之誓,神雕,第七回,神雕,第七回,1,连续,高,true,0,1243-06-19 11:00,1243-06-19 12:00,大宋/终南山/活死人墓,大宋/终南山/活死人墓,3,杨过|小龙女,false,小龙女隔开李莫愁后心情激动，与杨过到孙婆婆房中互诉衷肠。,同回目同地点，短间隔无独立过渡内容
645,神雕第七回03-杨过小龙女互诉衷肠立生死之誓,神雕第七回04-李莫愁闯入查验守宫砂蛤蟆功显威,神雕,第七回,神雕,第七回,1,连续,高,true,0,1243-06-19 13:00,1243-06-19 14:00,大宋/终南山/活死人墓,大宋/终南山/活死人墓,3,小龙女|杨过,false,小龙女正自心情激荡之际，李莫愁师徒却闯进了孙婆婆的房间。,同回目同地点，短间隔无独立过渡内容
646,神雕第七回04-李莫愁闯入查验守宫砂蛤蟆功显威,神雕第七回05-小龙女寒毒发作石棺发现重阳遗刻,神雕,第七回,神雕,第七回,1,连续,高,true,0,1243-06-19 15:00,1243-06-19 16:00,大宋/终南山/活死人墓,大宋/终南山/活死人墓,3,杨过|小龙女,false,小龙女以未练成的玉女心经掌法打李莫愁耳光后牵动内伤，寒毒发作全身冰冷。,同回目同地点，短间隔无独立过渡内容
647,神雕第七回05-小龙女寒毒发作石棺发现重阳遗刻,神雕第七回06-李莫愁偷袭点穴九阴解穴法脱困,神雕,第七回,神雕,第七回,1,连续,高,true,0,1243-06-19 17:00,1243-06-19 18:00,大宋/终南山/活死人墓,大宋/终南山/活死人墓,3,杨过|小龙女,false,二人发现九阴真经和出墓秘道后疲倦睡去，却被李莫愁师徒发现地下石室偷袭得手。,同回目同地点，短间隔无独立过渡内容
648,神雕第七回06-李莫愁偷袭点穴九阴解穴法脱困,神雕第七回07-四人水遁出墓重见天日,神雕,第七回,神雕,第七回,1,连续,高,true,0,1243-06-19 19:00,1243-06-19 20:00,大宋/终南山/活死人墓,大宋/终南山/活死人墓,3,杨过|李莫愁|小龙女|洪凌波,false,小龙女以九阴真经解穴秘诀自通穴道后，用计策引李莫愁师徒跟随钻入水中秘道。,同回目同地点，短间隔无独立过渡内容
649,神雕第七回07-四人水遁出墓重见天日,神雕第七回08-山谷搭茅屋养伤修炼一年有余,神雕,第七回,神雕,第七回,35,间歇,中,false,35,1243-06-19 21:00,1243-06-21 08:00,大宋/终南山/活死人墓,大宋/终南山/终南山山域/山谷,2,小龙女|杨过,false,四人出水后在终南山脚荒僻山洞外分手，杨过小龙女在附近山谷中搭茅屋居住疗伤。,跨区域且有明确移动/等待，作为自由期时间锚点
650,神雕第七回08-山谷搭茅屋养伤修炼一年有余,神雕第七回09-欧阳锋现身山谷与小龙女相斗父子重逢,神雕,第七回,神雕,第七回,24,过渡,高,false,24,1244-09-01 08:00,1244-09-02 08:00,大宋/终南山/终南山山域/山谷,大宋/终南山/终南山山域/山谷,4,杨过|小龙女,false,山谷隐居年余后一个夜晚，欧阳锋突然出现与小龙女相斗，杨过认出义父。,文本明确包含赶路/等待/跨时段过程
651,神雕第七回09-欧阳锋现身山谷与小龙女相斗父子重逢,神雕第七回10-欧阳锋传神功点穴尹志平趁隙侵犯,神雕,第七回,神雕,第七回,1,连续,高,true,0,1244-09-02 09:00,1244-09-02 10:00,大宋/终南山/终南山山域/山谷,大宋/终南山/终南山山域/山谷,4,杨过|小龙女|欧阳锋,false,欧阳锋与杨过父子重逢后，要传授两大奇功给杨过，却怕小龙女偷听。,同回目同地点，短间隔无独立过渡内容
652,神雕第七回10-欧阳锋传神功点穴尹志平趁隙侵犯,神雕第七回11-小龙女误会杨过表白被拒吐血离去,神雕,第七回,神雕,第七回,1,连续,高,true,0,1244-09-03 06:00,1244-09-03 07:00,大宋/终南山/终南山山域/山谷,大宋/终南山/终南山山域/山谷,4,欧阳锋|杨过|小龙女,false,天亮后杨过为小龙女解穴，小龙女误以为昨夜是杨过所为，竟提出要做他妻子。,同回目同地点，短间隔无独立过渡内容
653,神雕第七回11-小龙女误会杨过表白被拒吐血离去,神雕第七回12-杨过下山寻师客店夜探闻豺狼谷约斗,神雕,第七回,神雕,第七回,24,过渡,高,false,24,1244-09-03 08:00,1244-09-04 08:00,大宋/终南山/终南山山域/山谷,大宋/终南山/终南山山域/山谷,4,杨过|小龙女,false,小龙女绝裾而去，杨过肝肠寸断，决心下山寻找师父。,文本明确包含赶路/等待/跨时段过程
654,神雕第七回12-杨过下山寻师客店夜探闻豺狼谷约斗,神雕第八回01-杨过夜闹客店戏弄二道,神雕,第七回,神雕,第八回,0,连续,高,false,0,1244-09-05 23:00,1244-09-05 23:00,大宋/终南山/终南山山域/山谷,大宋/终南山/潼关道/客店,2,杨过|姬清虚|皮清玄,false,杨过得知全真教道人与丐帮将在豺狼谷约斗小龙女，急忙赶往寻找师父。,当前已满足结束时间=下一开始时间
655,神雕第八回01-杨过夜闹客店戏弄二道,神雕第八回02-杨过扮牧童驯牛赴豺狼谷,神雕,第八回,神雕,第八回,4,连续,中,false,0,1244-09-06 06:00,1244-09-06 10:00,大宋/终南山/潼关道/客店,大宋/终南山/潼关道,3,杨过,false,杨过离开客店后赶往豺狼谷，途中扮成牧童以暗中观察小龙女。,同场景短间隔，倾向连续但证据不足以自动改时
656,神雕第八回02-杨过扮牧童驯牛赴豺狼谷,神雕第八回03-豺狼谷陆无双独斗五敌,神雕,第八回,神雕,第八回,1,过渡,中,false,1,1244-09-06 11:00,1244-09-06 12:00,大宋/终南山/潼关道,大宋/终南山/豺狼谷,2,杨过,false,杨过在豺狼谷中扮牧童装睡，静候姑姑小龙女赴约到来。,同链近距事件，保留有限过渡时间
657,神雕第八回03-豺狼谷陆无双独斗五敌,神雕第八回04-杨过装傻痴缠陆无双同行,神雕,第八回,神雕,第八回,1,过渡,高,false,1,1244-09-06 13:00,1244-09-06 14:00,大宋/终南山/豺狼谷,大宋/终南山/潼关道,2,杨过|陆无双,false,陆无双击退五敌后，杨过装疯卖傻缠着她不放，要一路同行。,文本明确包含赶路/等待/跨时段过程
658,神雕第八回04-杨过装傻痴缠陆无双同行,神雕第八回05-石屋夜戏陆无双杀杨过反被点穴,神雕,第八回,神雕,第八回,0,连续,高,false,0,1244-09-06 22:00,1244-09-06 22:00,大宋/终南山/潼关道,大宋/终南山/潼关道/破石屋,3,陆无双|杨过,false,杨过跟着陆无双夜宿荒郊石屋，烤了獐腿充饥。夜深后陆无双心起杀意。,当前已满足结束时间=下一开始时间
659,神雕第八回05-石屋夜戏陆无双杀杨过反被点穴,神雕第八回06-三仇家上门杨过救陆无双断骨,神雕,第八回,神雕,第八回,0,连续,高,false,0,1244-09-07 03:00,1244-09-07 03:00,大宋/终南山/潼关道/破石屋,大宋/终南山/潼关道/破石屋,4,陆无双|杨过,false,陆无双穴道被封动弹不得之时，三个仇家循迹找上门来。,当前已满足结束时间=下一开始时间
660,神雕第八回06-三仇家上门杨过救陆无双断骨,神雕第八回07-李莫愁师徒追至杨过牛腹藏身救无双,神雕,第八回,神雕,第八回,0,连续,高,false,0,1244-09-07 04:00,1244-09-07 04:00,大宋/终南山/潼关道/破石屋,大宋/终南山/潼关道/破石屋,4,杨过|陆无双,false,杨过正要给陆无双接骨，忽听门外传来李莫愁的话声，大惊失色。,当前已满足结束时间=下一开始时间
661,神雕第八回07-李莫愁师徒追至杨过牛腹藏身救无双,神雕第八回08-杨过接骨后抱陆无双连夜逃往江南,神雕,第八回,神雕,第八回,0,连续,高,false,0,1244-09-07 05:00,1244-09-07 05:00,大宋/终南山/潼关道/破石屋,大宋/终南山/潼关道,3,杨过|陆无双,false,李莫愁师徒离去后，杨过终于为陆无双接好断骨，抱着她连夜逃离。,当前已满足结束时间=下一开始时间
662,神雕第九回01-迎亲扮新娘躲李莫愁,神雕第九回02-美女拳法退三丐,神雕,第九回,神雕,第九回,1,连续,高,true,0,1244-09-09 09:00,1244-09-09 10:00,大宋/终南山/潼关道,大宋/终南山/潼关道,3,杨过|陆无双,false,花轿继续前行，前方还有丐帮的化子在等着陆无双,同回目同地点，短间隔无独立过渡内容
663,神雕第九回02-美女拳法退三丐,神雕第九回03-客店扮道士避李莫愁,神雕,第九回,神雕,第九回,0,连续,高,false,0,1244-09-09 22:00,1244-09-09 22:00,大宋/终南山/潼关道,大宋/终南山/潼关道,3,杨过|陆无双,false,二更时分杨过放走迎亲人众，与陆无双在市镇找客店歇脚,当前已满足结束时间=下一开始时间
664,神雕第九回03-客店扮道士避李莫愁,神雕第九回04-借剑斗丐退二老,神雕,第九回,神雕,第九回,2,连续,高,true,0,1244-09-10 07:00,1244-09-10 09:00,大宋/终南山/潼关道,大宋/终南山/潼关道,3,杨过|陆无双|李莫愁|洪凌波,false,天亮后杨过与陆无双改装涂面离开客店，在道上遇丐帮八袋老丐和李莫愁,同回目同地点，短间隔无独立过渡内容
665,神雕第九回04-借剑斗丐退二老,神雕第九回05-逆行经脉夺拂尘逃逸,神雕,第九回,神雕,第九回,0,连续,高,false,0,1244-09-10 10:00,1244-09-10 10:00,大宋/终南山/潼关道,大宋/终南山/潼关道,3,杨过|陆无双|李莫愁|洪凌波,false,杨过还剑洪凌波时李莫愁叫住了他,当前已满足结束时间=下一开始时间
666,神雕第九回05-逆行经脉夺拂尘逃逸,神雕第九回06-智取耶律晋乔装侍从,神雕,第九回,神雕,第九回,0,连续,高,false,0,1244-09-10 11:00,1244-09-10 11:00,大宋/终南山/潼关道,大宋/潼关道/蒙古军营,1,杨过|李莫愁|陆无双,false,杨过与陆无双纵马狂奔至黄昏，前方村庄外系着百余匹蒙古战马,当前已满足结束时间=下一开始时间
667,神雕第九回06-智取耶律晋乔装侍从,神雕第九回07-龙驹寨耶律家夜遇刺客,神雕,第九回,神雕,第九回,22,待人工确认,中,false,,1244-09-12 19:00,1244-09-13 17:00,大宋/潼关道/蒙古军营,大宋/河南府/龙驹寨,1,杨过|陆无双|耶律楚材|耶律晋,false,两日后不再闻鸾铃声，第三日一行人到龙驹寨，耶律楚材携子女亲来,证据不足，避免自动改时
668,神雕第十回01-耶律齐显神技释完颜萍,神雕第十回02-杨过追授完颜萍三招绝技,神雕,第十回,神雕,第十回,1,连续,高,true,0,1244-09-15 09:00,1244-09-15 10:00,大宋/河南府/龙驹寨,大宋/河南府/龙驹寨,3,耶律齐|耶律燕|完颜萍,false,完颜萍含恨离去后杨过暗地追上，要教她三招武功逼耶律齐双手齐用,同回目同地点，短间隔无独立过渡内容
669,神雕第十回02-杨过追授完颜萍三招绝技,神雕第十回03-完颜萍用计逼耶律齐出左手,神雕,第十回,神雕,第十回,1,连续,高,true,0,1244-09-15 11:00,1244-09-15 12:00,大宋/河南府/龙驹寨,大宋/河南府/龙驹寨,3,完颜萍|陆无双|耶律齐,false,完颜萍学了这三招后当即返回耶律家，要用此法逼耶律齐使出左手,同回目同场景直接因果接续
670,神雕第十回03-完颜萍用计逼耶律齐出左手,神雕第十回04-杨过完颜萍溪边互诉衷肠,神雕,第十回,神雕,第十回,1,连续,高,true,0,1244-09-15 13:00,1244-09-15 14:00,大宋/河南府/龙驹寨,大宋/河南府/龙驹寨,3,完颜萍,false,完颜萍终不忍下手杀耶律齐，掷刀掩面奔出，六神无主直奔郊外小溪,同回目同地点，短间隔无独立过渡内容
671,神雕第十回04-杨过完颜萍溪边互诉衷肠,神雕第十回05-青衣女郎示警三人驰援,神雕,第十回,神雕,第十回,1,连续,高,true,0,1244-09-15 15:00,1244-09-15 16:00,大宋/河南府/龙驹寨,大宋/河南府/龙驹寨,3,完颜萍|杨过,false,青衣女郎现身告知陆无双已被李莫愁擒走，催促杨过设法救人,同回目同地点，短间隔无独立过渡内容
672,神雕第十回05-青衣女郎示警三人驰援,神雕第十回06-武关酒楼群侠大战李莫愁,神雕,第十回,神雕,第十回,0,连续,高,false,0,1244-09-16 12:00,1244-09-16 12:00,大宋/河南府/龙驹寨,大宋/河南府/武关,2,杨过|完颜萍|程英,false,三人赶至武关酒楼，恰好撞见李莫愁师徒押着陆无双在楼中用饭,当前已满足结束时间=下一开始时间
673,神雕第十回06-武关酒楼群侠大战李莫愁,神雕第十回07-杨过登华山遇洪七公啖蜈蚣,神雕,第十回,神雕,第十回,43,间歇,中,false,43,1244-09-16 13:00,1244-09-18 08:00,大宋/河南府/武关,大宋/河南府/武关,3,杨过,false,杨过见郭芙与武氏兄弟神情亲密地合攻李莫愁，勾起旧怨负气独走，一路往西北荒山野岭乱走，不到一个月来到华山绝顶,外部间隔超过一天，未发现足够证据压缩
674,神雕第十回07-杨过登华山遇洪七公啖蜈蚣,神雕第十回08-洪七公大睡杨过独守三日,神雕,第十回,神雕,第十回,23,待人工确认,中,false,,1244-09-18 09:00,1244-09-19 08:00,大宋/河南府/武关,大宋/华山/华山绝顶,1,杨过|洪七公,false,洪七公吃罢蜈蚣心满意足，倒在雪地中大睡——吩咐杨过守他三日，便是天塌下来也别吵醒,证据不足，避免自动改时
675,神雕第十一回01-洪七公现身降龙掌退五丑欧阳锋突至隔人较劲,神雕第十一回02-欧阳锋洪七公华山拳脚恶斗杨过烤山药劝食,神雕,第十一回,神雕,第十一回,1,连续,高,true,0,1244-09-23 09:00,1244-09-23 10:00,大宋/华山/华山绝顶,大宋/华山/华山绝顶,3,杨过|洪七公|欧阳锋,false,洪七公与欧阳锋在华山窄道上展开拳脚恶斗，杨过烤山药诱使二人停手吃食,同回目同地点，短间隔无独立过渡内容
676,神雕第十一回02-欧阳锋洪七公华山拳脚恶斗杨过烤山药劝食,神雕第十一回03-二老连日比武杨过劝退不成反陷内力比拼,神雕,第十一回,神雕,第十一回,10,过渡,中,false,10,1244-09-23 21:00,1244-09-24 07:00,大宋/华山/华山绝顶,大宋/华山/华山绝顶,3,欧阳锋|洪七公|杨过,false,二老日斗晚睡接连四日，杨过私求洪七公退让却被欧阳锋追及，转为比拼内力,同链近距事件，保留有限过渡时间
677,神雕第十一回03-二老连日比武杨过劝退不成反陷内力比拼,神雕第十一回04-二老借杨过口传演武打狗棒法对蛇杖,神雕,第十一回,神雕,第十一回,16,过渡,中,false,16,1244-09-29 16:00,1244-09-30 08:00,大宋/华山/华山绝顶,大宋/华山/华山绝顶,3,杨过|洪七公|欧阳锋,false,二老重伤初愈后分别口授杨过武功招式，以杨过为媒介隔空比试打狗棒法与蛇杖,同链近距事件，保留有限过渡时间
678,神雕第十一回04-二老借杨过口传演武打狗棒法对蛇杖,神雕第十一回05-天下无狗被破洪七公叹服二老相抱大笑同逝,神雕,第十一回,神雕,第十一回,4,连续,中,false,0,1244-10-03 08:00,1244-10-03 12:00,大宋/华山/华山绝顶,大宋/华山/华山绝顶,3,杨过|洪七公|欧阳锋,false,欧阳锋一夜白首苦思破解打狗棒法最后一招'天下无狗'，洪七公叹服扑上前紧紧抱住欧阳锋,同场景短间隔，倾向连续但证据不足以自动改时
679,神雕第十一回05-天下无狗被破洪七公叹服二老相抱大笑同逝,神雕第十一回06-杨过华山葬双雄救瘦马结伴南行,神雕,第十一回,神雕,第十一回,20,待人工确认,中,false,,1244-10-11 12:00,1244-10-12 08:00,大宋/华山/华山绝顶,大宋/陕南/荒野,1,杨过,false,杨过在华山绝顶守二老尸身七日七夜后将二人合葬，下山在陕南荒野遇一匹受虐瘦马救之为伴,证据不足，避免自动改时
680,神雕第十一回06-杨过华山葬双雄救瘦马结伴南行,神雕第十一回07-杨过乔装潦倒混入破庙逢郭芙武氏兄弟,神雕,第十一回,神雕,第十一回,24,过渡,高,false,24,1244-10-19 08:00,1244-10-20 08:00,大宋/陕南/荒野,大宋/豫鄂/荒野区域/破庙,1,杨过,false,杨过一路南行至汉水之畔遇丐帮帮众聚集，改装潦倒混入破庙遇郭芙与武氏兄弟,文本明确包含赶路/等待/跨时段过程
681,神雕第十一回07-杨过乔装潦倒混入破庙逢郭芙武氏兄弟,神雕第十一回08-王十三引杨过大胜关陆家庄英雄大宴,神雕,第十一回,神雕,第十一回,45,间歇,中,false,45,1244-10-20 09:00,1244-10-22 06:00,大宋/豫鄂/荒野区域/破庙,大宋/豫鄂/荒野区域/破庙,4,杨过|郭靖|黄蓉|武敦儒|武修文|郭芙,false,次日王十三招呼杨过一同上路赴大胜关陆家庄英雄大宴,外部间隔超过一天，未发现足够证据压缩
682,神雕第十一回08-王十三引杨过大胜关陆家庄英雄大宴,神雕第十一回09-郭靖重逢杨过赵志敬告状引书房对质,神雕,第十一回,神雕,第十一回,0,连续,高,false,0,1244-10-22 19:00,1244-10-22 19:00,大宋/豫鄂/荒野区域/破庙,大宋/大胜关/陆家庄,1,杨过|郭靖|黄蓉|郝大通|赵志敬,false,酒宴上郭靖认出杨过欢喜无限，酒宴后赵志敬向郭靖负荆请罪引众人进书房对质,当前已满足结束时间=下一开始时间
683,神雕第十一回09-郭靖重逢杨过赵志敬告状引书房对质,神雕第十一回10-杨过书房斥全真道郝大通断剑黄蓉出手相试,神雕,第十一回,神雕,第十一回,13,过渡,中,false,13,1244-10-22 21:00,1244-10-23 10:00,大宋/大胜关/陆家庄,大宋/大胜关/陆家庄,3,赵志敬|杨过|郭靖|黄蓉|郝大通,false,书房中杨过痛述全真教虐待、郝大通递剑请罪，黄蓉出手相试杨过假装不会武功,同链近距事件，保留有限过渡时间
684,神雕第十一回10-杨过书房斥全真道郝大通断剑黄蓉出手相试,神雕第十一回11-赵志敬出手反被杨过点穴全真四道拂袖而去,神雕,第十一回,神雕,第十一回,11,过渡,中,false,11,1244-10-23 11:00,1244-10-23 22:00,大宋/大胜关/陆家庄,大宋/大胜关/陆家庄,3,黄蓉|孙不二|尹志平|赵志敬|杨过,false,黄蓉试罢杨过武功后赵志敬怒火冲天亲自出手——不料反被杨过以玉女心经巧招两度点中穴道,同链近距事件，保留有限过渡时间
685,神雕第十一回11-赵志敬出手反被杨过点穴全真四道拂袖而去,神雕第十一回12-郭芙搭话杨过触五湖废人对联伤怀武氏兄弟不悦,神雕,第十一回,神雕,第十一回,0,连续,高,false,0,1244-10-23 23:00,1244-10-23 23:00,大宋/大胜关/陆家庄,大宋/大胜关/陆家庄,3,黄蓉|杨过,false,全真四道离去后郭靖黄蓉去迎客，郭芙对杨过好奇搭话——杨过被'五湖废人'对联触动身世之感暗自神伤,当前已满足结束时间=下一开始时间
686,神雕第十一回12-郭芙搭话杨过触五湖废人对联伤怀武氏兄弟不悦,神雕第十二回01-杨过陪郭芙出游窥学打狗棒法,神雕,第十一回,神雕,第十二回,7,过渡,高,false,7,1244-10-24 00:00,1244-10-24 07:00,大宋/大胜关/陆家庄,大宋/大胜关/陆家庄,3,郭芙|武敦儒|武修文|杨过,false,明日是英雄大宴的正日——各路英雄齐聚陆家庄，杨过将有新的遇合,文本明确包含赶路/等待/跨时段过程
687,神雕第十二回01-杨过陪郭芙出游窥学打狗棒法,神雕第十二回02-树上偷听靖蓉议婚与黄蓉演棒,神雕,第十二回,神雕,第十二回,0,连续,高,false,0,1244-10-24 08:00,1244-10-24 08:00,大宋/大胜关/陆家庄,大宋/大胜关/陆家庄,3,杨过|郭芙|武修文|武敦儒,false,郭芙提议去偷看黄蓉传授鲁有脚打狗棒法，四人绕小路去山坳后的大树上躲藏偷看,当前已满足结束时间=下一开始时间
688,神雕第十二回02-树上偷听靖蓉议婚与黄蓉演棒,神雕第十二回03-黄蓉杨过树下交心误会冰释,神雕,第十二回,神雕,第十二回,0,连续,高,false,0,1244-10-24 09:00,1244-10-24 09:00,大宋/大胜关/陆家庄,大宋/大胜关/陆家庄,3,郭芙|杨过|黄蓉,false,黄蓉留下杨过单独谈话，要与他推心置腹化解从前误会,当前已满足结束时间=下一开始时间
689,神雕第十二回03-黄蓉杨过树下交心误会冰释,神雕第十二回04-大理二老到来传一阳指,神雕,第十二回,神雕,第十二回,0,连续,高,false,0,1244-10-24 10:00,1244-10-24 10:00,大宋/大胜关/陆家庄,大宋/大胜关/陆家庄,3,黄蓉|杨过|郭芙,false,大理一灯大师座下渔樵耕读中的泗水渔隐与朱子柳来到陆家庄,当前已满足结束时间=下一开始时间
690,神雕第十二回04-大理二老到来传一阳指,神雕第十二回05-丐帮帮主交接与英雄大宴开幕,神雕,第十二回,神雕,第十二回,2,连续,高,true,0,1244-10-24 11:00,1244-10-24 13:00,大宋/大胜关/陆家庄,大宋/大胜关/陆家庄,3,郭芙|黄蓉|杨过,false,中午饭罢，丐帮帮众在陆家庄外林中聚会，举行新旧帮主交替大典,同回目同地点，短间隔无独立过渡内容
691,神雕第十二回05-丐帮帮主交接与英雄大宴开幕,神雕第十二回06-金轮法王率众闯入争盟主,神雕,第十二回,神雕,第十二回,47,连续,高,true,0,1244-10-24 19:00,1244-10-26 18:00,大宋/大胜关/陆家庄,大宋/大胜关/陆家庄,3,鲁有脚|黄蓉|洪七公,false,到得晚间，陆家庄内内外外挂灯结彩开英雄大宴。正热闹间，全真四道去而复返报讯有敌人前来捣乱，随即金轮法王率众闯入,人工复核：前事件已写到晚间英雄宴开场，后一事件即“宴正热闹间”强敌闯入，47小时为伪空隙
692,神雕第十二回06-金轮法王率众闯入争盟主,神雕第十二回07-黄蓉定计三场比武连败二阵,神雕,第十二回,神雕,第十二回,1,连续,高,true,0,1244-10-26 19:00,1244-10-26 20:00,大宋/大胜关/陆家庄,大宋/大胜关/陆家庄,3,郭靖|黄蓉|鲁有脚|霍都,false,黄蓉定下'以下驷对上驷'的必胜策略，安排朱子柳、郝大通、郭靖三阵迎敌。鲁有脚率先出马与霍都交手,同回目同地点，短间隔无独立过渡内容
693,神雕第十二回07-黄蓉定计三场比武连败二阵,神雕第十二回08-朱子柳战霍都小龙女现身,神雕,第十二回,神雕,第十二回,1,连续,高,true,0,1244-10-26 21:00,1244-10-26 22:00,大宋/大胜关/陆家庄,大宋/大胜关/陆家庄,3,黄蓉|霍都,false,黄蓉定下'以下驷对上驷'之策，朱子柳出战霍都。正当朱子柳以书法武功与霍都激斗之际，一个白衣少女出现在厅口,同回目同场景直接因果接续
694,神雕第十二回08-朱子柳战霍都小龙女现身,神雕第十三回01-朱子柳一阳书指胜霍都遭毒钉暗算,神雕,第十二回,神雕,第十三回,9,待人工确认,中,false,,1244-10-26 23:00,1244-10-27 08:00,大宋/大胜关/陆家庄,大宋/大胜关/陆家庄,3,朱子柳|霍都,false,朱子柳与霍都的比武仍在继续，小龙女已找到了杨过，但金轮法王一行的挑战尚未了结...,证据不足，避免自动改时
695,神雕第十三回01-朱子柳一阳书指胜霍都遭毒钉暗算,神雕第十三回02-杨过霍都厅上追逐戏斗,神雕,第十三回,神雕,第十三回,1,连续,高,true,0,1244-10-27 09:00,1244-10-27 10:00,大宋/大胜关/陆家庄,大宋/大胜关/陆家庄,3,霍都|郭靖,false,霍都暗算得手后洋洋自得，瞥见杨过与小龙女亲昵叙话，怒火中烧出言挑衅，引出一场顽童戏斗。,同回目同地点，短间隔无独立过渡内容
696,神雕第十三回02-杨过霍都厅上追逐戏斗,神雕第十三回03-杨过使打狗棒法黄蓉借棒指点斗霍都,神雕,第十三回,神雕,第十三回,1,连续,高,true,0,1244-10-27 11:00,1244-10-27 12:00,大宋/大胜关/陆家庄,大宋/大胜关/陆家庄,3,霍都|杨过,false,杨过与霍都的戏斗激起群雄好奇，黄蓉看出杨过身怀高明武功，开始有了新的计较。,同回目同地点，短间隔无独立过渡内容
697,神雕第十三回03-杨过使打狗棒法黄蓉借棒指点斗霍都,神雕第十三回04-杨过改使玉女剑法玉蜂金针取胜霍都,神雕,第十三回,神雕,第十三回,1,连续,高,true,0,1244-10-27 13:00,1244-10-27 14:00,大宋/大胜关/陆家庄,大宋/大胜关/陆家庄,3,杨过|霍都,false,霍都被打狗棒法逼得束手即将落败时突然喝止，质疑杨过使洪七公武功而非本门功夫——杨过被一语点醒，改使师父小龙女所授剑法。,同回目同地点，短间隔无独立过渡内容
698,神雕第十三回04-杨过改使玉女剑法玉蜂金针取胜霍都,神雕第十三回05-达尔巴出战杨过以藏语戏弄被误认为大师兄,神雕,第十三回,神雕,第十三回,1,连续,高,true,0,1244-10-27 15:00,1244-10-27 16:00,大宋/大胜关/陆家庄,大宋/大胜关/陆家庄,3,杨过|霍都,false,霍都中毒倒地后，师兄达尔巴大踏步走出，抱起师弟后向杨过挑战——这场比武的对手又换了一个。,同回目同地点，短间隔无独立过渡内容
699,神雕第十三回05-达尔巴出战杨过以藏语戏弄被误认为大师兄,神雕第十三回06-杨过以移魂大法制达尔巴使其自击晕倒,神雕,第十三回,神雕,第十三回,15,过渡,中,false,15,1244-10-27 17:00,1244-10-28 08:00,大宋/大胜关/陆家庄,大宋/大胜关/陆家庄,3,达尔巴|杨过|金轮法王,false,达尔巴被杨过的藏语迷惑误认为大师兄转世，金轮法王喝破骗局后达尔巴全力反击，又引出更奇妙的胜负方式。,同链近距事件，保留有限过渡时间
700,神雕第十三回06-杨过以移魂大法制达尔巴使其自击晕倒,神雕第十三回07-小龙女接战金轮法王十招杨过搅局救险,神雕,第十三回,神雕,第十三回,1,连续,高,true,0,1244-10-28 09:00,1244-10-28 10:00,大宋/大胜关/陆家庄,大宋/大胜关/陆家庄,3,金轮法王|达尔巴|杨过,false,杨过连胜两场，金轮法王恼怒之下要亲自考验小龙女——武林盟主之位就此定夺。,同回目同地点，短间隔无独立过渡内容
701,神雕第十三回07-小龙女接战金轮法王十招杨过搅局救险,神雕第十三回08-郭靖与金轮法王二次对掌杨过缴下金轮逼退蒙古众人,神雕,第十三回,神雕,第十三回,4,连续,中,false,0,1244-10-28 11:00,1244-10-28 15:00,大宋/大胜关/陆家庄,大宋/大胜关/陆家庄,3,金轮法王|杨过|小龙女,false,金轮法王见小龙女武技不凡更生恼怒，杨过搅局救下小龙女后，金轮法王对杨过痛下杀手引出了郭靖的二次相护。,同场景短间隔，倾向连续但证据不足以自动改时
702,神雕第十四回01-郭靖当众提亲杨过婉辞拒婚,神雕第十四回02-小龙女坦言爱意赵志敬当众发难,神雕,第十四回,神雕,第十四回,1,连续,高,true,0,1244-10-28 19:00,1244-10-28 20:00,大宋/大胜关/陆家庄,大宋/大胜关/陆家庄,3,郭靖|黄蓉|杨过|小龙女,false,小龙女当众说出要做杨过妻子，引发轩然大波,同回目同地点，短间隔无独立过渡内容
703,神雕第十四回02-小龙女坦言爱意赵志敬当众发难,神雕第十四回03-杨过据理抗辩礼教大防与郭靖决裂离庄,神雕,第十四回,神雕,第十四回,1,连续,高,true,0,1244-10-28 21:00,1244-10-28 22:00,大宋/大胜关/陆家庄,大宋/大胜关/陆家庄,3,小龙女|郭靖|杨过|黄蓉|孙不二,false,郭靖盛怒质问杨过，杨过宁死不屈，最终携小龙女愤然离去,同回目同地点，短间隔无独立过渡内容
704,神雕第十四回03-杨过据理抗辩礼教大防与郭靖决裂离庄,神雕第十四回04-杨龙月下同行悟双剑合璧,神雕,第十四回,神雕,第十四回,9,过渡,高,false,9,1244-10-28 23:00,1244-10-29 08:00,大宋/大胜关/陆家庄,大宋/大胜关/大胜关郊野,2,小龙女|杨过|黄蓉,false,杨过与小龙女携手离开陆家庄，夜里并肩而行，途中悟得玉女心经最后一章双剑合璧的精义,文本明确包含赶路/等待/跨时段过程
705,神雕第十四回04-杨龙月下同行悟双剑合璧,神雕第十四回05-酒楼遇险金轮法王挟持郭芙要挟黄蓉,神雕,第十四回,神雕,第十四回,4,过渡,中,false,4,1244-10-30 08:00,1244-10-30 12:00,大宋/大胜关/大胜关郊野,大宋/大胜关/大胜关镇/酒楼,2,杨过|小龙女|黄蓉,false,二人行至大镇酒楼，不料撞见黄蓉与金轮法王，郭芙已被法王挟持为人质,同链近距事件，保留有限过渡时间
706,神雕第十四回05-酒楼遇险金轮法王挟持郭芙要挟黄蓉,神雕第十四回06-杨过舍身救黄蓉初使双剑合璧,神雕,第十四回,神雕,第十四回,1,连续,高,true,0,1244-10-30 13:00,1244-10-30 14:00,大宋/大胜关/大胜关镇/酒楼,大宋/大胜关/大胜关镇/酒楼,4,黄蓉|杨过|郭芙|金轮法王|小龙女,false,杨过不忍黄蓉受辱挺身而出，与小龙女联手对敌，危急中悟出双剑合璧的真谛,同回目同地点，短间隔无独立过渡内容
707,神雕第十四回06-杨过舍身救黄蓉初使双剑合璧,神雕第十四回07-双剑合璧大败金轮法王临别赠药,神雕,第十四回,神雕,第十四回,1,连续,高,true,0,1244-10-30 15:00,1244-10-30 16:00,大宋/大胜关/大胜关镇/酒楼,大宋/大胜关/大胜关镇/酒楼,4,黄蓉|金轮法王|杨过,false,杨过与小龙女双剑合璧越使越得心应手，金轮法王节节败退,同回目同地点，短间隔无独立过渡内容
708,神雕第十四回07-双剑合璧大败金轮法王临别赠药,神雕第十四回08-黄蓉赠金环夜劝小龙女萌离去之念,神雕,第十四回,神雕,第十四回,2,连续,中,false,0,1244-10-30 17:00,1244-10-30 19:00,大宋/大胜关/大胜关镇/酒楼,大宋/大胜关/大胜关镇/客店,3,黄蓉,false,当晚黄蓉在客店将小龙女叫进房中，赠束发金环并劝她离开杨过,同场景短间隔，倾向连续但证据不足以自动改时
709,神雕第十四回08-黄蓉赠金环夜劝小龙女萌离去之念,神雕第十四回09-小龙女深夜不辞而别杨过狂追寻师,神雕,第十四回,神雕,第十四回,3,连续,高,true,0,1244-11-01 03:00,1244-11-01 06:00,大宋/大胜关/大胜关镇/客店,大宋/大胜关/大胜关镇/客店,4,黄蓉|小龙女,false,次晨杨过醒转发现小龙女已不辞而别，桌上留下八字的金针刻字,同回目同地点，短间隔无独立过渡内容
710,神雕第十四回09-小龙女深夜不辞而别杨过狂追寻师,神雕第十四回10-杨过奋身救郭芙黄蓉秘传打狗棒法全诀,神雕,第十四回,神雕,第十四回,0,连续,高,false,0,1244-11-01 17:00,1244-11-01 17:00,大宋/大胜关/大胜关镇/客店,大宋/大胜关/大胜关郊野/树林,2,杨过|郭芙|金轮法王|黄蓉,false,杨过午后在树林中发现黄蓉母女与金轮法王激斗，奋身相救,当前已满足结束时间=下一开始时间
711,神雕第十四回10-杨过奋身救郭芙黄蓉秘传打狗棒法全诀,神雕第十四回11-杨过引法王入石阵法王破阵三人负伤,神雕,第十四回,神雕,第十四回,0,连续,高,false,0,1244-11-01 18:00,1244-11-01 18:00,大宋/大胜关/大胜关郊野/树林,大宋/大胜关/大胜关郊野/树林,4,杨过|黄蓉|金轮法王|郭芙,false,杨过以新学的打狗棒法出阵诱敌，将金轮法王引入乱石阵中困住,当前已满足结束时间=下一开始时间
712,神雕第十五回01-程英石阵现身救杨过,神雕第十五回02-程英茅屋照料杨过暗露心事,神雕,第十五回,神雕,第十五回,1,待人工确认,中,false,,1244-11-02 09:00,1244-11-02 10:00,大宋/大胜关/大胜关郊野/树林,大宋/襄汉之间/荒山区域/茅舍,1,杨过,false,程英将重伤的杨过带回荒山茅屋悉心照料，杨过在昏迷中将她错认为小龙女,证据不足，避免自动改时
713,神雕第十五回02-程英茅屋照料杨过暗露心事,神雕第十五回03-陆无双报信三人定计迎敌,神雕,第十五回,神雕,第十五回,1,过渡,中,false,1,1244-11-04 20:00,1244-11-04 21:00,大宋/襄汉之间/荒山区域/茅舍,大宋/襄汉之间/荒山区域/茅舍,4,杨过|陆无双,false,陆无双追踪而至带来李莫愁即将杀到的消息，三人紧急计议如何迎敌,存在短途移动/等待/跨时段语义，保留过渡耗时
714,神雕第十五回03-陆无双报信三人定计迎敌,神雕第十五回04-李莫愁悲歌来袭破壁入屋,神雕,第十五回,神雕,第十五回,1,连续,高,true,0,1244-11-05 05:00,1244-11-05 06:00,大宋/襄汉之间/荒山区域/茅舍,大宋/襄汉之间/荒山区域/茅舍,4,程英|陆无双|杨过,false,黎明时分李莫愁悲歌而至，与程英杨过展开音律对决后破壁杀入,同回目同地点，短间隔无独立过渡内容
715,神雕第十五回04-李莫愁悲歌来袭破壁入屋,神雕第十五回05-傻姑黄药师先后现身退敌,神雕,第十五回,神雕,第十五回,1,连续,高,true,0,1244-11-05 07:00,1244-11-05 08:00,大宋/襄汉之间/荒山区域/茅舍,大宋/襄汉之间/荒山区域/茅舍,4,陆无双|李莫愁|程英|杨过,false,正当李莫愁要以悲歌取三人性命之际，傻姑唱着儿歌闯入，黄药师随后现身,同回目同场景直接因果接续
716,神雕第十五回05-傻姑黄药师先后现身退敌,神雕第十五回06-黄药师结交杨过传授绝艺,神雕,第十五回,神雕,第十五回,47,间歇,中,false,47,1244-11-05 09:00,1244-11-07 08:00,大宋/襄汉之间/荒山区域/茅舍,大宋/襄汉之间/荒山区域/茅舍,4,傻姑|程英|杨过|黄药师,false,黄药师救治杨过伤势，二人意气相投结为忘年之交，黄药师传授弹指神通与玉箫剑法,外部间隔超过一天，未发现足够证据压缩
717,神雕第十五回06-黄药师结交杨过传授绝艺,神雕第十五回07-杨过探傻姑追寻父仇,神雕,第十五回,神雕,第十五回,6,连续,中,false,0,1244-11-10 08:00,1244-11-10 14:00,大宋/襄汉之间/荒山区域/茅舍,大宋/襄汉之间/荒山区域/茅舍外树林,3,黄药师|杨过|程英|傻姑,false,杨过伤势痊愈后设计从傻姑口中探问父亲杨康的死因,同场景短间隔，倾向连续但证据不足以自动改时
718,神雕第十五回07-杨过探傻姑追寻父仇,神雕第十五回08-李莫愁留帖黄药师离去程英赠袍,神雕,第十五回,神雕,第十五回,1,连续,高,true,0,1244-11-10 15:00,1244-11-10 16:00,大宋/襄汉之间/荒山区域/茅舍外树林,大宋/襄汉之间/荒山区域/茅舍,3,杨过|程英|陆无双|黄药师,false,杨过正要继续追问时黄药师现身打断，随后众人前去查看李莫愁留下的十六字揭帖,同回目同场景直接因果接续
719,神雕第十五回08-李莫愁留帖黄药师离去程英赠袍,神雕第十五回09-铁铺造剪冯默风认亲,神雕,第十五回,神雕,第十五回,33,间歇,中,false,33,1244-11-11 23:00,1244-11-13 08:00,大宋/襄汉之间/荒山区域/茅舍,大宋/襄汉之间/荒山区域/茅舍,4,李莫愁|杨过|陆无双|程英,false,李莫愁放火烧屋离去后在柴扉上留下血手印，四人同去铁匠铺打造大剪刀欲破其拂尘,外部间隔超过一天，未发现足够证据压缩
720,神雕第十五回09-铁铺造剪冯默风认亲,神雕第十六回01-冯默风铁锤拐杖烧衣斗李莫愁,神雕,第十五回,神雕,第十六回,23,待人工确认,中,false,,1244-11-13 09:00,1244-11-14 08:00,大宋/襄汉之间/荒山区域/茅舍,大宋/襄汉之间/无名小镇/铁匠铺,2,杨过|程英|冯默风|李莫愁,false,冯默风与李莫愁对峙，杨过等人即将迎来新的危机,证据不足，避免自动改时
721,神雕第十六回01-冯默风铁锤拐杖烧衣斗李莫愁,神雕第十六回02-杨过口述黄药师武功惊退李莫愁,神雕,第十六回,神雕,第十六回,1,连续,高,true,0,1244-11-14 09:00,1244-11-14 10:00,大宋/襄汉之间/无名小镇/铁匠铺,大宋/襄汉之间/无名小镇/铁匠铺,4,李莫愁|杨过,false,冯默风虽以通红铁锤拐杖烧伤李莫愁衣衫，但终究经验欠缺难以取胜。杨过决意以言语相激助阵。,同回目同地点，短间隔无独立过渡内容
722,神雕第十六回02-杨过口述黄药师武功惊退李莫愁,神雕第十六回03-杨过见蒙古大军冯默风投军行刺,神雕,第十六回,神雕,第十六回,1,过渡,高,false,1,1244-11-14 11:00,1244-11-14 12:00,大宋/襄汉之间/无名小镇/铁匠铺,大宋/襄汉之间/荒野大路,2,杨过,false,李莫愁被杨过一番言语惊走后，四人回到屋中看望傻姑，却忽听得山前人喧马嘶。,文本明确包含赶路/等待/跨时段过程
723,神雕第十六回03-杨过见蒙古大军冯默风投军行刺,神雕第十六回04-杨过逼问傻姑得知杀父仇人,神雕,第十六回,神雕,第十六回,1,过渡,高,false,1,1244-11-14 13:00,1244-11-14 14:00,大宋/襄汉之间/荒野大路,大宋/襄汉之间/无名小镇/铁匠铺,2,杨过,false,冯默风决意赴蒙古军中行刺王公大将，头也不回地离去。四人回到屋中，傻姑毒性发作从凳上摔将下来。,文本明确包含赶路/等待/跨时段过程
724,神雕第十六回04-杨过逼问傻姑得知杀父仇人,神雕第十六回05-杨过悲愤狂奔荒野杀蒙古兵埋婴,神雕,第十六回,神雕,第十六回,1,过渡,中,false,1,1244-11-14 15:00,1244-11-14 16:00,大宋/襄汉之间/无名小镇/铁匠铺,大宋/襄汉之间/荒野大路,2,杨过,false,杨过从傻姑口中得知郭靖黄蓉是杀父仇人后惊愤交迸，大叫出门翻身上马狂奔而去，心中只有一个念头：复仇！,同链近距事件，保留有限过渡时间
725,神雕第十六回05-杨过悲愤狂奔荒野杀蒙古兵埋婴,神雕第十六回06-杨过遇达尔巴助金轮法王疗伤,神雕,第十六回,神雕,第十六回,2,待人工确认,中,false,,1244-11-15 08:00,1244-11-15 10:00,大宋/襄汉之间/荒野大路,大宋/荒山/无名山峰,1,杨过,false,杨过在荒野中漫无目的地行走，行到第四日上忽见远处有人在一株野果树上摘取果子，正是达尔巴。,证据不足，避免自动改时
726,神雕第十六回06-杨过遇达尔巴助金轮法王疗伤,神雕第十六回07-杨过金轮法王结盟论武,神雕,第十六回,神雕,第十六回,1,过渡,中,false,1,1244-11-15 12:00,1244-11-15 13:00,大宋/荒山/无名山峰,大宋/荒山/无名山峰,3,杨过|金轮法王,false,杨过为金轮法王运功疗伤一个多时辰，法王疼痛大减脸现红润，睁眼向杨过点首为谢。二人开始交谈。,存在短途移动/等待/跨时段语义，保留过渡耗时
727,神雕第十六回07-杨过金轮法王结盟论武,神雕第十六回08-金轮法王引杨过见忽必烈,神雕,第十六回,神雕,第十六回,19,待人工确认,中,false,,1244-11-22 13:00,1244-11-23 08:00,大宋/荒山/无名山峰,蒙古/襄阳城外/忽必烈大营/王帐,0,杨过|金轮法王,false,金轮法王伤势愈了八九成可行动如常，见杨过于武学之道已进了一层，决意带他去见蒙古王子忽必烈。,证据不足，避免自动改时
728,神雕第十六回08-金轮法王引杨过见忽必烈,神雕第十六回09-忽必烈大宴筷子争肉斗五高手,神雕,第十六回,神雕,第十六回,1,连续,高,true,0,1244-11-23 09:00,1244-11-23 10:00,蒙古/襄阳城外/忽必烈大营/王帐,蒙古/襄阳城外/忽必烈大营/王帐,4,金轮法王,false,忽必烈大喜之下命大张筵席，命左右请招贤馆的几位英雄来见。帐门开处走进潇湘子、尼摩星、马光佐、尹克西四人。,同回目同地点，短间隔无独立过渡内容
729,神雕第十六回09-忽必烈大宴筷子争肉斗五高手,神雕第十六回10-周伯通闯帐夺牛肉戏弄众人,神雕,第十六回,神雕,第十六回,1,连续,高,true,0,1244-11-23 11:00,1244-11-23 12:00,蒙古/襄阳城外/忽必烈大营/王帐,蒙古/襄阳城外/忽必烈大营/王帐,4,尹克西|潇湘子,false,金轮法王筷子争肉正大显神威之际，忽听得远处有人高声呼叫郭靖——此人内力之厚身法之快均是世上少见，瞬息之间已至帐前。,同回目同地点，短间隔无独立过渡内容
730,神雕第十六回10-周伯通闯帐夺牛肉戏弄众人,神雕第十六回11-周伯通与杨过交谈中毒酒塌帐,神雕,第十六回,神雕,第十六回,1,连续,高,true,0,1244-11-23 13:00,1244-11-23 14:00,蒙古/襄阳城外/忽必烈大营/王帐,蒙古/襄阳城外/忽必烈大营/王帐,4,杨过|周伯通,false,周伯通将一盘牛肉吃得干干净净，各人减了敌意脸上都露出笑容。金轮法王邀请他入座，杨过却在旁与他攀谈起来。,同回目同地点，短间隔无独立过渡内容
731,神雕第十六回11-周伯通与杨过交谈中毒酒塌帐,神雕第十六回12-绿衫四弟子渔网擒周伯通,神雕,第十六回,神雕,第十六回,1,连续,中,false,0,1244-11-23 15:00,1244-11-23 16:00,蒙古/襄阳城外/忽必烈大营/王帐,蒙古/襄阳城外/忽必烈大营/王帐外旷地,3,杨过|周伯通|忽必烈,false,周伯通塌帐戏弄众人后扬长而去。众人重整杯盘商议攻打襄阳之事时，忽听帐外又响起周伯通的叫嚷声——不知他何以去而复返。,同场景短间隔，倾向连续但证据不足以自动改时
732,神雕第十六回12-绿衫四弟子渔网擒周伯通,神雕第十六回13-六人追踪入绝情谷,神雕,第十六回,神雕,第十六回,0,连续,高,false,0,1244-11-23 17:00,1244-11-23 17:00,蒙古/襄阳城外/忽必烈大营/王帐外旷地,大宋/绝情谷/绝情谷外围/谷口,0,周伯通|杨过|尼摩星,false,四名绿衫人扛着周伯通上船溯溪上行。杨过挂念周伯通安危提气追去，法王等人好奇之下也随后赶去，一行六人沿着溪流穷追不舍。,当前已满足结束时间=下一开始时间
733,神雕第十六回13-六人追踪入绝情谷,神雕第十七回03-六人被邀见谷主经竹林踏桩至大石屋,神雕,第十六回,神雕,第十七回,6,待人工确认,中,false,,1244-11-24 06:00,1244-11-24 12:00,大宋/绝情谷/绝情谷外围/谷口,大宋/绝情谷/绝情谷内/客舍石屋,2,尼摩星|尹克西|杨过|马光佐,true,六人在石屋中用罢素饭各自安睡。杨过见这谷中一切不近人情直比寺庙还更严谨无聊——他住惯古墓对惯冷若冰霜的小龙女丝毫不以为意。众人卧听马光佐如雷鼾声一夜无话。,节点存在分支/汇合，不自动改时
734,神雕第十七回01-绝情谷清晨杨过品情花遇公孙绿萼,神雕第十七回02-杨过巧言逗笑公孙绿萼互道姓名诉心事,神雕,第十七回,神雕,第十七回,1,连续,中,false,0,1244-11-24 09:00,1244-11-24 10:00,大宋/绝情谷/绝情谷内/谷中花径,大宋/绝情谷/绝情谷内/情花林,3,杨过,false,杨过品尝情花后行至山阳，见情花果实与公孙绿萼谈论情之为物，又以巧言逗她发笑，二人关系亲近。,同场景短间隔，倾向连续但证据不足以自动改时
735,神雕第十七回02-杨过巧言逗笑公孙绿萼互道姓名诉心事,神雕第十七回03-六人被邀见谷主经竹林踏桩至大石屋,神雕,第十七回,神雕,第十七回,1,待人工确认,中,false,,1244-11-24 11:00,1244-11-24 12:00,大宋/绝情谷/绝情谷内/情花林,大宋/绝情谷/绝情谷内/客舍石屋,3,杨过,true,杨过回到石屋后，绿衫人前来邀请六人去见谷主。,节点存在分支/汇合，不自动改时
736,神雕第十七回03-六人被邀见谷主经竹林踏桩至大石屋,神雕第十七回04-樊一翁接客众人试手公孙止正式出场,神雕,第十七回,神雕,第十七回,1,连续,中,false,0,1244-11-24 13:00,1244-11-24 14:00,大宋/绝情谷/绝情谷内/客舍石屋,大宋/绝情谷/绝情谷内/大石屋,3,杨过|马光佐|尹克西|金轮法王|尼摩星,false,六人进入大石屋，由樊一翁接待，随后谷主公孙止正式出场。,同场景短间隔，倾向连续但证据不足以自动改时
737,神雕第十七回04-樊一翁接客众人试手公孙止正式出场,神雕第十七回05-周伯通假扮潇湘子持剪斗樊一翁身份败露,神雕,第十七回,神雕,第十七回,1,连续,高,true,0,1244-11-24 15:00,1244-11-24 16:00,大宋/绝情谷/绝情谷内/大石屋,大宋/绝情谷/绝情谷内/大石屋,4,杨过|潇湘子|公孙止,false,假潇湘子口出恶言挑衅绝情谷，持大剪刀与樊一翁激斗，真潇湘子随后闯入揭破身份。,同回目同地点，短间隔无独立过渡内容
738,神雕第十七回05-周伯通假扮潇湘子持剪斗樊一翁身份败露,神雕第十七回06-群雄围攻周伯通老顽童大闹石厅,神雕,第十七回,神雕,第十七回,1,连续,高,true,0,1244-11-24 17:00,1244-11-24 18:00,大宋/绝情谷/绝情谷内/大石屋,大宋/绝情谷/绝情谷内/大石屋,4,潇湘子|樊一翁|杨过|周伯通,false,杨过认出周伯通后上前索要剪刀，真潇湘子与周伯通大打出手，随即群雄纷纷出手围攻。,同回目同场景直接因果接续
739,神雕第十七回06-群雄围攻周伯通老顽童大闹石厅,神雕第十七回07-周伯通渔网围困脱衣证清白调包脱逃,神雕,第十七回,神雕,第十七回,1,连续,高,true,0,1244-11-24 19:00,1244-11-24 20:00,大宋/绝情谷/绝情谷内/大石屋,大宋/绝情谷/绝情谷内/大石屋,4,周伯通|杨过|樊一翁|马光佐|金轮法王,false,周伯通被四面渔网围困，脱光衣服自证清白，最终以调包计智脱渔网。,同回目同地点，短间隔无独立过渡内容
740,神雕第十七回07-周伯通渔网围困脱衣证清白调包脱逃,神雕第十七回08-小龙女化名柳姑娘现身杨过相认遭拒双双呕血,神雕,第十七回,神雕,第十七回,35,连续,高,true,0,1244-11-24 21:00,1244-11-26 08:00,大宋/绝情谷/绝情谷内/大石屋,大宋/绝情谷/绝情谷内/大石屋,4,金轮法王|公孙止|马光佐|杨过,false,老顽童脱逃后法王等人辞行，公孙止邀留参加婚礼。此时小龙女以柳姑娘身份现身大厅。,人工复核：老顽童脱逃、法王辞行后“小龙女此时现身大厅”，同一大石屋同场接续
741,神雕第十七回08-小龙女化名柳姑娘现身杨过相认遭拒双双呕血,神雕第十七回09-杨过为爱决斗樊一翁三招剪须夺杖折柳枝,神雕,第十七回,神雕,第十七回,1,连续,高,true,0,1244-11-26 09:00,1244-11-26 10:00,大宋/绝情谷/绝情谷内/大石屋,大宋/绝情谷/绝情谷内/大石屋,4,金轮法王|公孙止|杨过|小龙女,false,杨过被小龙女拒绝后心绪狂乱，公孙止令樊一翁逐客，杨过为留在谷中与樊一翁激斗。,同回目同地点，短间隔无独立过渡内容
742,神雕第十七回09-杨过为爱决斗樊一翁三招剪须夺杖折柳枝,神雕第十八回01-杨过柳枝斗樊一翁打狗棒法显威,神雕,第十七回,神雕,第十八回,45,连续,高,true,0,1244-11-26 11:00,1244-11-28 08:00,大宋/绝情谷/绝情谷内/大石屋,大宋/绝情谷/绝情谷内/大石屋,4,公孙止|杨过|小龙女|樊一翁,false,杨过手持柳枝准备以打狗棒法对敌，小龙女内心挣扎欲断难断。后续剧情在下一回中继续。,人工复核：前事件以折柳枝准备继续交手结束，后一事件从同一柳枝继续战斗，45小时为章节切分伪空隙
743,神雕第十八回01-杨过柳枝斗樊一翁打狗棒法显威,神雕第十八回02-渔网阵围杨过公孙绿萼舍身相救,神雕,第十八回,神雕,第十八回,1,连续,高,true,0,1244-11-28 09:00,1244-11-28 10:00,大宋/绝情谷/绝情谷内/大石屋,大宋/绝情谷/绝情谷内/大石屋,4,杨过|公孙止,false,公孙止令十六名弟子以渔网阵围困杨过，公孙绿萼情急之下舍身相救，父女裂痕加深。,同回目同地点，短间隔无独立过渡内容
744,神雕第十八回02-渔网阵围杨过公孙绿萼舍身相救,神雕第十八回03-小龙女认夫赠手套杨过大破刀网阵,神雕,第十八回,神雕,第十八回,1,连续,高,true,0,1244-11-28 11:00,1244-11-28 12:00,大宋/绝情谷/绝情谷内/大石屋,大宋/绝情谷/绝情谷内/大石屋,4,公孙止|杨过,false,公孙止换上有刀钩的渔网，杨过危机中向小龙女借金铃索与掌套，小龙女真情流露认他为夫。,同回目同地点，短间隔无独立过渡内容
745,神雕第十八回03-小龙女认夫赠手套杨过大破刀网阵,神雕第十八回04-公孙止亲战杨过铁掌闭穴震全场,神雕,第十八回,神雕,第十八回,1,连续,高,true,0,1244-11-28 13:00,1244-11-28 14:00,大宋/绝情谷/绝情谷内/大石屋,大宋/绝情谷/绝情谷内/大石屋,4,公孙止|杨过,false,公孙止听小龙女当众认杨过为夫后脸色惨白怒火冲天，抛下渔网亲自下场要以铁掌毙了杨过。,同回目同地点，短间隔无独立过渡内容
746,神雕第十八回04-公孙止亲战杨过铁掌闭穴震全场,神雕第十八回05-小龙女缝衣诉深情公孙止取阴阳双刃,神雕,第十八回,神雕,第十八回,1,连续,高,true,0,1244-11-28 15:00,1244-11-28 16:00,大宋/绝情谷/绝情谷内/大石屋,大宋/绝情谷/绝情谷内/大石屋,4,公孙止|杨过,false,公孙止一掌虽占上风却收拾不了杨过，命女儿取出阴阳双刃。小龙女拉杨过缝补衣衫二人旁若无人情深爱切。,同回目同地点，短间隔无独立过渡内容
747,神雕第十八回05-小龙女缝衣诉深情公孙止取阴阳双刃,神雕第十八回06-阴阳双刃大显神威杨过重伤不屈,神雕,第十八回,神雕,第十八回,1,连续,高,true,0,1244-11-28 17:00,1244-11-28 18:00,大宋/绝情谷/绝情谷内/大石屋,大宋/绝情谷/绝情谷内/大石屋,4,公孙止|杨过|小龙女,false,公孙止接过阴阳双刃——金刀黑剑一刚一柔相济而攻。杨过空手接战渐落下风处处受伤。,同回目同地点，短间隔无独立过渡内容
748,神雕第十八回06-阴阳双刃大显神威杨过重伤不屈,神雕第十八回07-小龙女当众拒婚法王激将三人入剑室,神雕,第十八回,神雕,第十八回,1,连续,高,true,0,1244-11-28 19:00,1244-11-28 20:00,大宋/绝情谷/绝情谷内/大石屋,大宋/绝情谷/绝情谷内/大石屋,4,公孙止|杨过|金轮法王|小龙女,false,杨过弃兵刃空手让公孙止杀。小龙女当众宣布决意与杨过结成夫妻终身厮守——法王出言激将迫公孙止同意三人比剑。,同回目同地点，短间隔无独立过渡内容
749,神雕第十八回07-小龙女当众拒婚法王激将三人入剑室,神雕第十八回08-剑室选剑诉衷情花刺伤手得君子淑女,神雕,第十八回,神雕,第十八回,1,连续,中,false,0,1244-11-28 21:00,1244-11-28 22:00,大宋/绝情谷/绝情谷内/大石屋,大宋/绝情谷/绝情谷内/剑室,3,公孙止|杨过|小龙女,false,杨过与小龙女携手进入剑室。二人互诉衷情、拥吻温存。小龙女被情花刺伤手指，最终选中君子淑女双剑。,同场景短间隔，倾向连续但证据不足以自动改时
750,神雕第十八回08-剑室选剑诉衷情花刺伤手得君子淑女,神雕第十八回09-双剑合璧斗阴阳情花毒发杨过遭擒,神雕,第十八回,神雕,第十八回,1,过渡,中,false,1,1244-11-28 23:00,1244-11-29 00:00,大宋/绝情谷/绝情谷内/剑室,大宋/绝情谷/绝情谷内/大石屋,3,杨过|小龙女|公孙止,false,二人携君子淑女剑回到大厅，以玉女素心剑法合斗公孙止的阴阳双刃。情花之毒突然发作，杨过剑被打落遭渔网擒住。,存在短途移动/等待/跨时段语义，保留过渡耗时
751,神雕第十八回09-双剑合璧斗阴阳情花毒发杨过遭擒,神雕第十八回10-公孙止情花酷刑逼婚小龙女被迫允诺,神雕,第十八回,神雕,第十八回,1,过渡,中,false,1,1244-11-29 01:00,1244-11-29 02:00,大宋/绝情谷/绝情谷内/大石屋,大宋/绝情谷/水仙山庄,2,公孙止|杨过|小龙女,false,公孙止将杨过带入石室堆满情花以酷刑折磨。以十二时辰内给解药为条件逼迫小龙女就范。,同链近距事件，保留有限过渡时间
752,神雕第十八回10-公孙止情花酷刑逼婚小龙女被迫允诺,神雕第十八回11-杨过忍痛立志公孙绿萼冒死救情郎,神雕,第十八回,神雕,第十八回,1,过渡,中,false,1,1244-11-29 03:00,1244-11-29 04:00,大宋/绝情谷/水仙山庄,大宋/绝情谷/水仙山庄,3,杨过,false,小龙女被迫允婚后离去。杨过独自忍痛立志复仇。公孙绿萼打昏守卫弟子前来相救，又只身前往丹房盗取绝情丹解药。,存在短途移动/等待/跨时段语义，保留过渡耗时
753,神雕第十八回11-杨过忍痛立志公孙绿萼冒死救情郎,神雕第十八回12-公孙止审女挥剑杀女杨过同坠深渊,神雕,第十八回,神雕,第十八回,1,过渡,高,false,1,1244-11-29 05:00,1244-11-29 06:00,大宋/绝情谷/水仙山庄,大宋/绝情谷/绝情谷内/丹房,2,杨过|公孙绿萼,false,公孙绿萼去丹房盗丹迟迟不归。杨过出去寻找发现公孙止正在审问女儿。公孙止挥剑欲杀女——杨过飞身闯入丹房二人同坠深渊。,文本明确包含赶路/等待/跨时段过程
754,神雕第十八回12-公孙止审女挥剑杀女杨过同坠深渊,神雕第十九回01-鳄潭杀鳄得周伯通遗物,神雕,第十八回,神雕,第十九回,25,间歇,中,false,25,1244-11-29 07:00,1244-11-30 08:00,大宋/绝情谷/绝情谷内/丹房,大宋/绝情谷/绝情谷内/鳄潭,3,杨过|公孙绿萼|小龙女,false,杨过与公孙绿萼坠入丹房下的深渊水中。黑暗中杨过双手托住绿萼护她性命。深渊之下不知是生是死——绝情谷的风波远未结束。,外部间隔超过一天，未发现足够证据压缩
755,神雕第十九回01-鳄潭杀鳄得周伯通遗物,神雕第十九回02-地底石窟认母遇裘千尺,神雕,第十九回,神雕,第十九回,1,连续,中,false,0,1244-11-30 09:00,1244-11-30 10:00,大宋/绝情谷/绝情谷内/鳄潭,大宋/绝情谷/绝情谷内/地底石窟,3,杨过|公孙绿萼,false,二人沿羊皮地图所示的通道前行，洞中竟传来似哭似笑的诡异之声,同场景短间隔，倾向连续但证据不足以自动改时
756,神雕第十九回02-地底石窟认母遇裘千尺,神雕第十九回03-裘千尺述说前尘往事,神雕,第十九回,神雕,第十九回,1,连续,高,true,0,1244-11-30 11:00,1244-11-30 12:00,大宋/绝情谷/绝情谷内/地底石窟,大宋/绝情谷/绝情谷内/地底石窟,4,杨过|公孙绿萼|裘千尺,false,裘千尺缓缓道来她与公孙止二十余年的恩怨纠葛,同回目同地点，短间隔无独立过渡内容
757,神雕第十九回03-裘千尺述说前尘往事,神雕第十九回04-杨过搓绳攀出石窟遭樊一翁袭击,神雕,第十九回,神雕,第十九回,1,连续,高,true,0,1244-11-30 13:00,1244-11-30 14:00,大宋/绝情谷/绝情谷内/地底石窟,大宋/绝情谷/绝情谷内/地底石窟,4,裘千尺|杨过,false,听完故事后杨过察看地形决定攀出石窟送药救小龙女,同回目同地点，短间隔无独立过渡内容
758,神雕第十九回04-杨过搓绳攀出石窟遭樊一翁袭击,神雕第十九回05-大闹婚礼裘千尺现身揭秘,神雕,第十九回,神雕,第十九回,1,过渡,高,false,1,1244-11-30 20:00,1244-11-30 21:00,大宋/绝情谷/绝情谷内/地底石窟,大宋/绝情谷/水仙山庄,2,杨过|裘千尺|公孙止,false,三人离了厉鬼峰换装前往水仙山庄——厅中正举行公孙止与小龙女的婚礼,文本明确包含赶路/等待/跨时段过程
759,神雕第二十一回01-黄蓉夜告郭靖防杨过并议二孩之名,神雕第二十一回02-杨过偷听夫妻对话加增杀心,神雕,第二十一回,神雕,第二十一回,1,连续,高,true,0,1244-12-10 09:00,1244-12-10 10:00,大宋/襄阳/郭府,大宋/襄阳/郭府,3,郭靖|黄蓉|杨过,false,杨过在屏门后偷听了郭靖黄蓉的全部对话，更加确信父仇不共戴天,同回目同地点，短间隔无独立过渡内容
760,神雕第二十一回02-杨过偷听夫妻对话加增杀心,神雕第二十一回03-杨过假寐行刺未遂郭靖以内力通脉,神雕,第二十一回,神雕,第二十一回,11,过渡,中,false,11,1244-12-10 11:00,1244-12-10 22:00,大宋/襄阳/郭府,大宋/襄阳/郭府,3,杨过|郭靖,false,杨过回房假装熟睡，决意趁郭靖熟睡之际下手行刺,同链近距事件，保留有限过渡时间
761,神雕第二十一回03-杨过假寐行刺未遂郭靖以内力通脉,神雕第二十一回04-郭靖杨过巡城论道,神雕,第二十一回,神雕,第二十一回,2,过渡,高,false,2,1244-12-11 06:00,1244-12-11 08:00,大宋/襄阳/郭府,大宋/襄阳/城西檀溪,2,郭靖|杨过,false,经过一夜通脉二人均疲惫不堪，打坐至天明复元后，郭靖带杨过出城巡视防务,文本明确包含赶路/等待/跨时段过程
762,神雕第二十一回04-郭靖杨过巡城论道,神雕第二十一回05-蒙古军驱民攻城郭靖率众血战,神雕,第二十一回,神雕,第二十一回,11,过渡,中,false,11,1244-12-11 09:00,1244-12-11 20:00,大宋/襄阳/城西檀溪,大宋/襄阳/郊野,2,郭靖,false,二人正谈论诸葛亮时，忽见城门口难民回头奔跑——蒙古军来攻了,同链近距事件，保留有限过渡时间
763,神雕第二十一回05-蒙古军驱民攻城郭靖率众血战,神雕第二十一回06-杨过城头救郭靖与郭靖神箭退敌,神雕,第二十一回,神雕,第二十一回,1,过渡,中,false,1,1244-12-11 21:00,1244-12-11 22:00,大宋/襄阳/郊野,大宋/襄阳/襄阳城防/城头,2,郭靖,false,郭靖身陷重围施展'上天梯'功夫登城，杨过在城头目睹一切内心激烈斗争,同链近距事件，保留有限过渡时间
764,神雕第二十一回06-杨过城头救郭靖与郭靖神箭退敌,神雕第二十一回07-庆功宴后郭靖欲传武功,神雕,第二十一回,神雕,第二十一回,1,过渡,中,false,1,1244-12-11 23:00,1244-12-12 00:00,大宋/襄阳/襄阳城防/城头,大宋/襄阳/郭府,2,郭靖|杨过,false,忽必烈退军后，吕文德大张筵席庆功，杨过被请为席中上宾,同链近距事件，保留有限过渡时间
765,神雕第二十一回07-庆功宴后郭靖欲传武功,神雕第二十一回08-小龙女夜访与杨龙花园偷听,神雕,第二十一回,神雕,第二十一回,1,过渡,中,false,1,1244-12-12 01:00,1244-12-12 02:00,大宋/襄阳/郭府,大宋/襄阳/郭府,3,杨过|武修文|武敦儒,false,筵席过后杨过独自回房，小龙女深夜来访,存在短途移动/等待/跨时段语义，保留过渡耗时
766,神雕第二十一回08-小龙女夜访与杨龙花园偷听,神雕第二十一回09-武氏兄弟出城行刺被擒,神雕,第二十一回,神雕,第二十一回,0,连续,高,false,0,1244-12-12 06:00,1244-12-12 06:00,大宋/襄阳/郭府,大宋/襄阳/郭府,3,杨过|小龙女|郭芙,false,天明后，家人发现武氏兄弟不知去向，郭靖黄蓉焦急万分,当前已满足结束时间=下一开始时间
767,神雕第二十一回09-武氏兄弟出城行刺被擒,神雕第二十一回10-杨过自请陪郭靖赴蒙古大营,神雕,第二十一回,神雕,第二十一回,1,连续,高,true,0,1244-12-12 07:00,1244-12-12 08:00,大宋/襄阳/郭府,大宋/襄阳/郭府,3,杨过|小龙女|郭靖|黄蓉,false,杨过主动请缨陪郭靖赴蒙古大营，黄蓉留下小龙女为质,同回目同地点，短间隔无独立过渡内容
768,神雕第二十一回10-杨过自请陪郭靖赴蒙古大营,神雕第二十一回11-郭靖赴蒙古大营见忽必烈慷慨陈词,神雕,第二十一回,神雕,第二十一回,1,待人工确认,中,false,,1244-12-12 09:00,1244-12-12 10:00,大宋/襄阳/郭府,蒙古/襄阳城外/蒙古大营,0,郭靖,false,郭靖与杨过驰骋半个时辰抵达蒙古大营，忽必烈请进帐来,证据不足，避免自动改时
769,神雕第二十一回11-郭靖赴蒙古大营见忽必烈慷慨陈词,神雕第二十一回12-郭靖独战群雄杨过良心发现舍命相救,神雕,第二十一回,神雕,第二十一回,1,连续,高,true,0,1244-12-12 11:00,1244-12-12 12:00,蒙古/襄阳城外/蒙古大营,蒙古/襄阳城外/蒙古大营,3,郭靖,false,郭靖大踏步出帐后忽必烈埋伏的摔角手和法王等高手一拥而上,同回目同地点，短间隔无独立过渡内容
770,神雕第二十二回01-冯默风救郭靖杨过突围,神雕第二十二回02-杨过醒转襄阳见黄蓉小龙女,神雕,第二十二回,神雕,第二十二回,12,待人工确认,中,false,,1244-12-12 21:00,1244-12-13 09:00,蒙古/襄阳城外/蒙古大营,大宋/襄阳/郭府,0,杨过,false,杨过负着郭靖乘汗血宝马逃回襄阳，脱力昏迷醒来后发现已在襄阳城中,证据不足，避免自动改时
771,神雕第二十二回02-杨过醒转襄阳见黄蓉小龙女,神雕第二十二回03-霍都夜下战书黄蓉智戏,神雕,第二十二回,神雕,第二十二回,10,过渡,高,false,10,1244-12-13 10:00,1244-12-13 20:00,大宋/襄阳/郭府,大宋/襄阳/郭府,3,杨过|黄蓉|小龙女,false,杨过醒转后不久，霍都王子深夜来到屋顶下战书,文本明确包含赶路/等待/跨时段过程
772,神雕第二十二回03-霍都夜下战书黄蓉智戏,神雕第二十二回04-黄蓉得知杨过中毒真相,神雕,第二十二回,神雕,第二十二回,1,连续,高,true,0,1244-12-13 21:00,1244-12-13 22:00,大宋/襄阳/郭府,大宋/襄阳/郭府,3,黄蓉|小龙女,false,霍都退走后黄蓉与小龙女谈话，得知杨过身中情花剧毒只有七日之命,同回目同地点，短间隔无独立过渡内容
773,神雕第二十二回04-黄蓉得知杨过中毒真相,神雕第二十二回05-武氏兄弟为郭芙出城相斗,神雕,第二十二回,神雕,第二十二回,5,过渡,中,false,5,1244-12-13 23:00,1244-12-14 04:00,大宋/襄阳/郭府,大宋/襄阳/郭府,3,黄蓉|小龙女,false,黄蓉刚与小龙女谈完，郭芙急奔来报武氏兄弟出城打架去了,存在短途移动/等待/跨时段语义，保留过渡耗时
774,神雕第二十二回05-武氏兄弟为郭芙出城相斗,神雕第二十二回06-杨过明志护郭靖金轮来袭,神雕,第二十二回,神雕,第二十二回,1,连续,高,true,0,1244-12-14 05:00,1244-12-14 06:00,大宋/襄阳/郭府,大宋/襄阳/郭府,3,黄蓉,false,天亮后杨过来看郭靖，金轮法王来袭，杨过决意护郭靖,同回目同地点，短间隔无独立过渡内容
775,神雕第二十二回06-杨过明志护郭靖金轮来袭,神雕第二十二回07-杨过智引敌寇黄蓉临盆生女,神雕,第二十二回,神雕,第二十二回,1,连续,高,true,0,1244-12-14 07:00,1244-12-14 08:00,大宋/襄阳/郭府,大宋/襄阳/郭府,3,黄蓉|郭靖|杨过|金轮法王,false,杨过设计引开法王等敌寇，为黄蓉和郭靖争取脱险时机,同回目同地点，短间隔无独立过渡内容
776,神雕第二十二回07-杨过智引敌寇黄蓉临盆生女,神雕第二十二回08-小龙女抱女婴双剑合璧战法王,神雕,第二十二回,神雕,第二十二回,3,连续,高,true,0,1244-12-14 09:00,1244-12-14 12:00,大宋/襄阳/郭府,大宋/襄阳/郭府,3,金轮法王|杨过|小龙女|郭靖|黄蓉|郭襄,false,黄蓉产下女婴后小龙女抱着婴儿冲出火窟助杨过战法王,同回目同地点，短间隔无独立过渡内容
777,神雕第二十二回08-小龙女抱女婴双剑合璧战法王,神雕第二十二回09-李莫愁抢女婴三人出城追逐,神雕,第二十二回,神雕,第二十二回,3,过渡,高,false,3,1244-12-14 13:00,1244-12-14 16:00,大宋/襄阳/郭府,大宋/襄阳/襄阳北门,2,金轮法王|杨过|小龙女|郭襄|李莫愁,false,李莫愁抢走女婴后杨过法王李莫愁三人出城追逐,文本明确包含赶路/等待/跨时段过程
778,神雕第二十二回09-李莫愁抢女婴三人出城追逐,神雕第二十二回10-山洞设陷阱法王尼摩星中毒坠崖,神雕,第二十二回,神雕,第二十二回,15,待人工确认,中,false,,1244-12-14 17:00,1244-12-15 08:00,大宋/襄阳/襄阳北门,大宋/襄阳城外/城外山野,1,杨过|李莫愁|金轮法王|郭襄,false,三人追逐入山后法王追上李莫愁激斗，杨过趁机设陷阱,证据不足，避免自动改时
779,神雕第二十二回10-山洞设陷阱法王尼摩星中毒坠崖,神雕第二十二回11-杨过李莫愁寻奶豹乳哺婴,神雕,第二十二回,神雕,第二十二回,1,连续,高,true,0,1244-12-15 09:00,1244-12-15 10:00,大宋/襄阳城外/城外山野,大宋/襄阳城外/城外山野,3,李莫愁|杨过|郭襄,false,法王尼摩星坠崖后杨过李莫愁出洞寻村觅奶喂婴儿,同回目同地点，短间隔无独立过渡内容
780,神雕第二十二回11-杨过李莫愁寻奶豹乳哺婴,神雕第二十三回01-杨过夜遇神雕,神雕,第二十二回,神雕,第二十三回,0,连续,高,false,0,1244-12-15 18:00,1244-12-15 18:00,大宋/襄阳城外/城外山野,大宋/襄阳城外/独孤剑冢荒谷,2,杨过,false,杨过李莫愁带着婴儿在山中继续前行，小龙女骑汗血宝马仍在追寻,当前已满足结束时间=下一开始时间
781,神雕第二十三回01-杨过夜遇神雕,神雕第二十三回02-神雕引杨过入独孤求败洞府,神雕,第二十三回,神雕,第二十三回,1,连续,中,false,0,1244-12-15 19:00,1244-12-15 20:00,大宋/襄阳城外/独孤剑冢荒谷,大宋/襄阳城外/独孤剑冢荒谷/洞府,3,杨过|神雕,false,神雕引杨过进入深谷山洞，洞中藏着一位绝世高人的遗迹,同场景短间隔，倾向连续但证据不足以自动改时
782,神雕第二十三回02-神雕引杨过入独孤求败洞府,神雕第二十三回03-武三通荒谷夜哭述往事,神雕,第二十三回,神雕,第二十三回,1,连续,中,false,0,1244-12-15 21:00,1244-12-15 22:00,大宋/襄阳城外/独孤剑冢荒谷/洞府,大宋/襄阳城外/独孤剑冢荒谷,3,神雕|杨过,false,杨过拜别神雕回洞后，在荒谷中遇到一个披头散发的大汉正掩面大哭,同场景短间隔，倾向连续但证据不足以自动改时
783,神雕第二十三回03-武三通荒谷夜哭述往事,神雕第二十三回04-杨过智斗武三通,神雕,第二十三回,神雕,第二十三回,1,连续,高,true,0,1244-12-15 23:00,1244-12-16 00:00,大宋/襄阳城外/独孤剑冢荒谷,大宋/襄阳城外/独孤剑冢荒谷,3,杨过|武三通,false,武三通对杨过心存敌意出手相斗，杨过以机智武功应对,同回目同地点，短间隔无独立过渡内容
784,神雕第二十三回04-杨过智斗武三通,神雕第二十三回05-杨过谎言劝退武氏兄弟,神雕,第二十三回,神雕,第二十三回,1,连续,高,true,0,1244-12-16 01:00,1244-12-16 02:00,大宋/襄阳城外/独孤剑冢荒谷,大宋/襄阳城外/独孤剑冢荒谷,3,武三通|杨过|武敦儒|武修文,false,武氏兄弟来到荒谷决斗，杨过挺身而出以大谎言劝退,同回目同地点，短间隔无独立过渡内容
785,神雕第二十三回05-杨过谎言劝退武氏兄弟,神雕第二十三回06-杨过木棒独战武氏兄弟,神雕,第二十三回,神雕,第二十三回,1,连续,高,true,0,1244-12-16 03:00,1244-12-16 04:00,大宋/襄阳城外/独孤剑冢荒谷,大宋/襄阳城外/独孤剑冢荒谷,3,武修文|武敦儒|武三通|杨过,false,杨过的话未能完全说服武氏兄弟，武修文出言挑衅，杨过以木棒独战二武,同回目同地点，短间隔无独立过渡内容
786,神雕第二十三回06-杨过木棒独战武氏兄弟,神雕第二十三回07-李莫愁现身混战骑豹逃脱,神雕,第二十三回,神雕,第二十三回,1,连续,高,true,0,1244-12-16 05:00,1244-12-16 06:00,大宋/襄阳城外/独孤剑冢荒谷,大宋/襄阳城外/独孤剑冢荒谷,3,杨过|武三通|武修文|武敦儒,false,武三通提及报仇李莫愁，李莫愁恰在此时从山洞中走出应答,同回目同场景直接因果接续
787,神雕第二十三回07-李莫愁现身混战骑豹逃脱,神雕第二十三回08-杨过吮毒救人昏迷醒转天竺僧诊断,神雕,第二十三回,神雕,第二十三回,1,连续,高,true,0,1244-12-16 07:00,1244-12-16 08:00,大宋/襄阳城外/独孤剑冢荒谷,大宋/襄阳城外/独孤剑冢荒谷,3,杨过|武三通|武敦儒|武修文,false,武氏兄弟身中冰魄银针刺倒昏迷，杨过舍命吮吸毒血,同回目同地点，短间隔无独立过渡内容
788,神雕第二十四回01-天竺僧论毒辞行,神雕第二十四回02-郭芙清晨质问杨过,神雕,第二十四回,神雕,第二十四回,1,过渡,中,false,1,1244-12-23 19:00,1244-12-23 20:00,大宋/襄阳/郭府,大宋/襄阳/郭府,3,杨过,false,郭芙清晨闯入杨过房中，质问他关于武氏兄弟和郭襄之事,存在短途移动/等待/跨时段语义，保留过渡耗时
789,神雕第二十四回02-郭芙清晨质问杨过,神雕第二十四回03-小龙女荒谷误会,神雕,第二十四回,神雕,第二十四回,1,过渡,高,false,1,1244-12-23 21:00,1244-12-23 22:00,大宋/襄阳/郭府,大宋/襄阳城外/独孤剑冢荒谷,1,杨过,false,倒叙数日前小龙女在荒谷中听到杨过对武氏兄弟的言语，伤心欲绝,文本明确包含赶路/等待/跨时段过程
790,神雕第二十四回03-小龙女荒谷误会,神雕第二十四回04-小龙女托马赠剑,神雕,第二十四回,神雕,第二十四回,1,待人工确认,中,false,,1244-12-23 23:00,1244-12-24 00:00,大宋/襄阳城外/独孤剑冢荒谷,大宋/襄阳/郭府,1,小龙女|杨过|武修文|武敦儒,false,小龙女决意回古墓，但先托朱子柳送汗血宝马去救杨过性命,证据不足，避免自动改时
791,神雕第二十四回04-小龙女托马赠剑,神雕第二十四回05-小龙女花园闻秘,神雕,第二十四回,神雕,第二十四回,0,连续,高,false,0,1244-12-24 02:00,1244-12-24 02:00,大宋/襄阳/郭府,大宋/襄阳/郭府,3,小龙女|郭芙,false,赠剑之后小龙女路过花园，听到尹志平赵志敬的对话，得知了改变一生的真相,当前已满足结束时间=下一开始时间
792,神雕第二十四回05-小龙女花园闻秘,神雕第二十四回06-小龙女现身追踪尹赵,神雕,第二十四回,神雕,第二十四回,1,连续,高,true,0,1244-12-24 03:00,1244-12-24 04:00,大宋/襄阳/郭府,大宋/襄阳/郭府,3,小龙女|赵志敬|尹志平,false,小龙女得知真相后在窗外现身，尹赵二人魂飞魄散夺门而逃,同回目同地点，短间隔无独立过渡内容
793,神雕第二十四回06-小龙女现身追踪尹赵,神雕第二十四回07-尹赵小镇风波与法王相遇,神雕,第二十四回,神雕,第二十四回,1,待人工确认,中,false,,1244-12-24 05:00,1244-12-24 06:00,大宋/襄阳/郭府,蒙古/襄阳城外/小镇/饭铺,0,尹志平|赵志敬,false,尹赵二人逃亡途中在一小镇饭铺闯下大祸，随后金轮法王与尼摩星出现,证据不足，避免自动改时
794,神雕第二十四回07-尹赵小镇风波与法王相遇,神雕第二十四回08-周伯通盗王旗,神雕,第二十四回,神雕,第二十四回,0,连续,高,false,0,1244-12-24 19:00,1244-12-24 19:00,蒙古/襄阳城外/小镇/饭铺,蒙古/襄阳城外/小镇/饭铺,4,赵志敬|尹志平|金轮法王|萨多,false,周伯通骑着四头骆驼出现，盗了忽必烈的王旗送给郭靖做见面礼,当前已满足结束时间=下一开始时间
795,神雕第二十四回08-周伯通盗王旗,神雕第二十四回09-法王拉拢赵志敬谋夺掌教,神雕,第二十四回,神雕,第二十四回,1,过渡,中,false,1,1244-12-25 08:00,1244-12-25 09:00,蒙古/襄阳城外/小镇/饭铺,蒙古/襄阳城外/忽必烈大营,2,小龙女|赵志敬|尹志平|金轮法王|周伯通|忽必烈,false,法王等人抵达忽必烈大营，法王开始拉拢赵志敬谋划夺取全真掌教之位,同链近距事件，保留有限过渡时间
796,神雕第二十四回09-法王拉拢赵志敬谋夺掌教,神雕第二十五回01-周伯通被诱入山洞遭彩雪蛛毒咬,神雕,第二十四回,神雕,第二十五回,0,连续,高,false,0,1244-12-25 20:00,1244-12-25 20:00,蒙古/襄阳城外/忽必烈大营,蒙古/襄阳城外/蒙古大营,2,周伯通|小龙女|赵志敬|金轮法王,false,周伯通当夜果然前来蒙古大营盗取王旗,当前已满足结束时间=下一开始时间
797,神雕第二十五回01-周伯通被诱入山洞遭彩雪蛛毒咬,神雕第二十五回02-小龙女杀蛛救周伯通夜战金轮法王,神雕,第二十五回,神雕,第二十五回,0,连续,高,false,0,1244-12-25 21:00,1244-12-25 21:00,蒙古/襄阳城外/蒙古大营,大宋/襄阳城外/城外山野/山洞,0,周伯通|赵志敬|金轮法王|小龙女,false,小龙女现身洞中，以玉蜂针刺死三只彩雪蛛救下周伯通。金轮法王闻声赶到，小龙女与之展开激斗。,当前已满足结束时间=下一开始时间
798,神雕第二十五回02-小龙女杀蛛救周伯通夜战金轮法王,神雕第二十五回03-法王蛛网封洞周伯通传左右互搏,神雕,第二十五回,神雕,第二十五回,0,连续,高,false,0,1244-12-26 06:00,1244-12-26 06:00,大宋/襄阳城外/城外山野/山洞,大宋/襄阳城外/城外山野/山洞,4,小龙女|周伯通|金轮法王|赵志敬,false,天色渐明，金轮法王放出十余只彩雪蛛结网封住洞口，周伯通与小龙女被困洞中。周伯通在困守中传授小龙女左右互搏之术。,当前已满足结束时间=下一开始时间
799,神雕第二十五回03-法王蛛网封洞周伯通传左右互搏,神雕第二十五回04-小龙女召蜂破网退敌周伯通蜂疗康复,神雕,第二十五回,神雕,第二十五回,0,连续,高,false,0,1244-12-26 12:00,1244-12-26 12:00,大宋/襄阳城外/城外山野/山洞,大宋/襄阳城外/城外山野/山洞,4,周伯通|金轮法王|小龙女,false,小龙女见蜜蜂撞上蛛网心生怜惜，突发奇想以蜜香召来漫山野蜂。野蜂舍命冲撞蛛网将彩雪蛛尽数刺死，法王被蜂群逼退逃走。小龙女又以野蜂针刺替周伯通彻底解了蛛毒，二人分别。,当前已满足结束时间=下一开始时间
800,神雕第二十五回04-小龙女召蜂破网退敌周伯通蜂疗康复,神雕第二十五回05-小龙女追踪三道人终南山下,神雕,第二十五回,神雕,第二十五回,19,过渡,高,false,19,1244-12-26 13:00,1244-12-27 08:00,大宋/襄阳城外/城外山野/山洞,大宋/终南山/终南山山域/山道,1,小龙女,false,小龙女与周伯通分别后，骑花驴追踪尹志平赵志敬二人。途中遇上丘处机派来传讯的祁志诚，三人一路向北朝终南山而行。,文本明确包含赶路/等待/跨时段过程
801,神雕第二十五回05-小龙女追踪三道人终南山下,神雕第二十五回06-尹志平接任全真掌教蒙古敕封,神雕,第二十五回,神雕,第二十五回,2,过渡,中,false,2,1244-12-30 15:00,1244-12-30 17:00,大宋/终南山/终南山山域/山道,大宋/终南山/重阳宫,2,尹志平|赵志敬,false,尹志平在隆重仪式中正式接任全真教掌教。接任典礼刚毕，蒙古贵官与潇湘子便入殿宣读大汗敕封圣旨。,同链近距事件，保留有限过渡时间
802,神雕第二十五回06-尹志平接任全真掌教蒙古敕封,神雕第二十五回07-全真内部分裂尹志平拒封让位赵志敬,神雕,第二十五回,神雕,第二十五回,0,连续,高,false,0,1244-12-30 18:00,1244-12-30 18:00,大宋/终南山/重阳宫,大宋/终南山/重阳宫,3,尹志平|李志常|赵志敬,false,尹志平与众大弟子在别院商议是否接受蒙古敕封，赵志敬力主领旨与众师弟激烈争吵。尹志平最终决定拒受敕封，却在丹房中被赵志敬以小龙女之事要挟，被迫将掌教之位传给赵志敬。,当前已满足结束时间=下一开始时间
803,神雕第二十五回07-全真内部分裂尹志平拒封让位赵志敬,神雕第二十五回08-蒙古高手围攻重阳宫全真教大败,神雕,第二十五回,神雕,第二十五回,0,连续,高,false,0,1244-12-30 19:00,1244-12-30 19:00,大宋/终南山/重阳宫,大宋/终南山/重阳宫,3,赵志敬|李志常|王志坦|尹志平,false,赵志敬接任掌教后立即迎入蒙古贵官接受敕封。李志常王志坦等拔剑反抗，潇湘子出手镇住众人。蒙古高手尹克西尼摩星马光佐率武士攻入重阳宫，全真教弟子赤手空拳惨遭大败。,当前已满足结束时间=下一开始时间
804,神雕第二十五回08-蒙古高手围攻重阳宫全真教大败,神雕第二十五回09-赵志敬诛杀忠义弟子小龙女现身救场,神雕,第二十五回,神雕,第二十五回,12,过渡,高,false,12,1244-12-30 20:00,1245-01-01 08:00,大宋/终南山/重阳宫,大宋/终南山/重阳宫,3,赵志敬|王志坦|宋德方|尹志平|尹克西,false,赵志敬下令诛杀抗命的全真弟子，鹿清笃连杀于道显等三人。宋德方突围前往玉虚洞报讯发现金轮法王已带人堵洞。小龙女突然现身重阳宫大殿，喝令停止行刑。,文本明确包含赶路/等待/跨时段过程
805,神雕第二十六回01-小龙女剑败全真群道,神雕第二十六回02-小龙女独战三大高手,神雕,第二十六回,神雕,第二十六回,1,连续,高,true,0,1245-01-02 09:00,1245-01-02 10:00,大宋/终南山/重阳宫,大宋/终南山/重阳宫,3,小龙女|赵志敬|潇湘子|尹克西,false,小龙女剑败群道后，潇湘子、尼摩星、尹克西三大高手出手围攻，要与她分个高下,同回目同地点，短间隔无独立过渡内容
806,神雕第二十六回02-小龙女独战三大高手,神雕第二十六回03-小龙女激战金轮法王,神雕,第二十六回,神雕,第二十六回,1,过渡,中,false,1,1245-01-02 11:00,1245-01-02 12:00,大宋/终南山/重阳宫,大宋/终南山/重阳宫,3,小龙女|潇湘子|尼摩星,false,小龙女破围之后直奔殿后追赶赵志敬，在玉虚洞前与金轮法王展开激战,存在短途移动/等待/跨时段语义，保留过渡耗时
807,神雕第二十六回03-小龙女激战金轮法王,神雕第二十六回04-全真五子破洞而出,神雕,第二十六回,神雕,第二十六回,1,连续,高,true,0,1245-01-02 13:00,1245-01-02 14:00,大宋/终南山/重阳宫,大宋/终南山/重阳宫,3,小龙女|尹志平|李志常|达尔巴|霍都,false,激斗正酣之际，玉虚洞前数十块大石崩在一旁，全真五子从洞中缓步而出,同回目同地点，短间隔无独立过渡内容
808,神雕第二十六回04-全真五子破洞而出,神雕第二十六回05-尹志平舍身救小龙女,神雕,第二十六回,神雕,第二十六回,1,连续,高,true,0,1245-01-02 15:00,1245-01-02 16:00,大宋/终南山/重阳宫,大宋/终南山/重阳宫,3,丘处机|刘处玄|王处一|郝大通|孙不二|尹志平|小龙女,false,全真五子观战后出手与小龙女相斗，尹志平在危急中舍身相救,同回目同地点，短间隔无独立过渡内容
809,神雕第二十六回05-尹志平舍身救小龙女,神雕第二十六回06-杨过现身救小龙女,神雕,第二十六回,神雕,第二十六回,1,连续,高,true,0,1245-01-02 17:00,1245-01-02 18:00,大宋/终南山/重阳宫,大宋/终南山/重阳宫,3,小龙女|金轮法王|潇湘子|尹克西|尼摩星|丘处机|刘处玄|王处一|郝大通|孙不二,false,全真五子出手后，小龙女独战九大高手。危在旦夕之际杨过终于赶到,同回目同地点，短间隔无独立过渡内容
810,神雕第二十六回06-杨过现身救小龙女,神雕第二十六回07-郭芙斩断杨过右臂,神雕,第二十六回,神雕,第二十六回,37,间歇,中,false,37,1245-01-02 19:00,1245-01-04 08:00,大宋/终南山/重阳宫,大宋/襄阳/郭府,1,杨过,false,杨过向小龙女讲述自己右臂被郭芙斩断的经过,外部间隔超过一天，未发现足够证据压缩
811,神雕第二十六回07-郭芙斩断杨过右臂,神雕第二十六回08-杨过荒谷遇神雕发现剑冢,神雕,第二十六回,神雕,第二十六回,23,待人工确认,中,false,,1245-01-04 09:00,1245-01-05 08:00,大宋/襄阳/郭府,大宋/襄阳城外/独孤剑冢荒谷,1,杨过,false,杨过断臂后流落荒谷，在独孤求败埋骨之处与神雕重逢,证据不足，避免自动改时
812,神雕第二十六回08-杨过荒谷遇神雕发现剑冢,神雕第二十六回09-杨过山洪中悟重剑剑道,神雕,第二十六回,神雕,第二十六回,12,过渡,中,false,12,1245-01-08 18:00,1245-01-09 06:00,大宋/襄阳城外/独孤剑冢荒谷,大宋/襄阳城外/独孤剑冢荒谷,3,杨过|神雕,false,杨过服食蛇胆后内力大增，神雕带他到山洪中练剑，终于领悟重剑无锋大巧不工之道,同链近距事件，保留有限过渡时间
813,神雕第二十六回09-杨过山洪中悟重剑剑道,神雕第二十六回10-杨过夜入襄阳,神雕,第二十六回,神雕,第二十六回,1,过渡,高,false,1,1245-01-12 21:00,1245-01-12 22:00,大宋/襄阳城外/独孤剑冢荒谷,大宋/襄阳/郊野,1,杨过,false,杨过练成重剑后辞别神雕，背负玄铁重剑连夜奔赴襄阳报仇,文本明确包含赶路/等待/跨时段过程
814,神雕第二十六回10-杨过夜入襄阳,神雕第二十七回01-郭靖欲斩郭芙手臂黄蓉救女点穴放行,神雕,第二十六回,神雕,第二十七回,1,待人工确认,中,false,,1245-01-13 23:00,1245-01-14 00:00,大宋/襄阳/郊野,大宋/襄阳/郭府,2,杨过|郭靖|黄蓉|郭芙|郭破虏,false,杨过躲在郭芙房外木笔花树上，郭靖来到女儿房外——接下来的恩怨即将在下一回中展开,证据不足，避免自动改时
815,神雕第二十七回01-郭靖欲斩郭芙手臂黄蓉救女点穴放行,神雕第二十七回02-黄蓉持令送女出城市镇告别赠软猬甲,神雕,第二十七回,神雕,第二十七回,4,过渡,高,false,4,1245-01-14 01:00,1245-01-14 05:00,大宋/襄阳/郭府,大宋/襄阳/襄阳南门,2,郭芙|黄蓉,false,黄蓉点倒郭靖后取令牌连夜送郭芙出城，一路护送至小市镇。,文本明确包含赶路/等待/跨时段过程
816,神雕第二十七回02-黄蓉持令送女出城市镇告别赠软猬甲,神雕第二十七回03-黄蓉遇李莫愁识郭襄追踪入林欲救女,神雕,第二十七回,神雕,第二十七回,1,过渡,中,false,1,1245-01-14 06:00,1245-01-14 07:00,大宋/襄阳/襄阳南门,大宋/襄阳/小市镇,2,黄蓉,false,黄蓉在市镇与女儿告别后正要去买苹果，忽然听到身后一个女子清脆明亮的声音。,同链近距事件，保留有限过渡时间
817,神雕第二十七回03-黄蓉遇李莫愁识郭襄追踪入林欲救女,神雕第二十七回04-黄蓉李莫愁斗智斗力棘藤布阵智夺郭襄,神雕,第二十七回,神雕,第二十七回,1,过渡,中,false,1,1245-01-14 08:00,1245-01-14 09:00,大宋/襄阳/小市镇,大宋/襄阳/郊野/城郊树林,2,黄蓉|李莫愁|郭襄,false,黄蓉跟踪李莫愁进入树林，一场斗智斗力的较量即将展开。,同链近距事件，保留有限过渡时间
818,神雕第二十七回04-黄蓉李莫愁斗智斗力棘藤布阵智夺郭襄,神雕第二十七回05-杨过飞入棘阵劫郭襄抢红马北上终南山,神雕,第二十七回,神雕,第二十七回,1,连续,高,true,0,1245-01-14 10:00,1245-01-14 11:00,大宋/襄阳/郊野/城郊树林,大宋/襄阳/郊野/城郊树林,4,黄蓉|郭襄,false,黄蓉回林发现棘藤圈中郭襄已影踪不见——原来杨过趁二人出林相斗之际已将婴儿抱走。,同回目同地点，短间隔无独立过渡内容
819,神雕第二十七回05-杨过飞入棘阵劫郭襄抢红马北上终南山,神雕第二十七回06-杨过归古墓放婴儿重阳宫前见小龙女重伤,神雕,第二十七回,神雕,第二十七回,1,待人工确认,中,false,,1245-01-17 11:00,1245-01-17 12:00,大宋/襄阳/郊野/城郊树林,大宋/终南山/活死人墓,1,郭襄|杨过,false,杨过将郭襄放入山洞，堆好荆棘，绕过古墓向后走去——忽听得远处隐隐有兵刃相交之声。,证据不足，避免自动改时
820,神雕第二十七回06-杨过归古墓放婴儿重阳宫前见小龙女重伤,神雕第二十七回07-杨过玄铁重剑大显神威独臂连败众高手,神雕,第二十七回,神雕,第二十七回,1,过渡,中,false,1,1245-01-17 13:00,1245-01-17 14:00,大宋/终南山/活死人墓,大宋/终南山/重阳宫,2,杨过|小龙女|丘处机|赵志敬|鹿清笃,false,杨过伸左臂轻轻扶着小龙女的腰，面对群敌环伺——赵志敬已喝令鹿清笃双剑齐出向他右胁断臂之处刺来。,同链近距事件，保留有限过渡时间
821,神雕第二十七回07-杨过玄铁重剑大显神威独臂连败众高手,神雕第二十七回08-小龙女金针破僵局杨过败法王退蒙古群敌,神雕,第二十七回,神雕,第二十七回,1,连续,高,true,0,1245-01-17 15:00,1245-01-17 16:00,大宋/终南山/重阳宫,大宋/终南山/重阳宫,3,杨过|马光佐|小龙女,false,杨过叫道：'金轮法王，咱们的帐是今日算呢，还是留待异日？'金轮法王缓步而出，金银铜铁铅五轮拿在手中。,同回目同地点，短间隔无独立过渡内容
822,神雕第二十七回08-小龙女金针破僵局杨过败法王退蒙古群敌,神雕第二十七回09-全真剑阵困杨龙尹志平自戕谢罪,神雕,第二十七回,神雕,第二十七回,1,连续,高,true,0,1245-01-17 17:00,1245-01-17 18:00,大宋/终南山/重阳宫,大宋/终南山/重阳宫,3,杨过|小龙女,false,蒙古群敌退尽，马光佐也告辞而去。杨过重剑拄地寻思如何闯出全真教的重重剑阵。,同回目同地点，短间隔无独立过渡内容
823,神雕第二十七回09-全真剑阵困杨龙尹志平自戕谢罪,神雕第二十八回01-重阳宫后殿拜堂成亲,神雕,第二十七回,神雕,第二十八回,13,待人工确认,中,false,,1245-01-17 19:00,1245-01-18 08:00,大宋/终南山/重阳宫,大宋/终南山/重阳宫,3,杨过|小龙女,false,杨过带小龙女离开重阳宫回古墓，小龙女伤势极重须得及早救治。二人历经磨难终于重逢。,证据不足，避免自动改时
824,神雕第二十八回01-重阳宫后殿拜堂成亲,神雕第二十八回02-周伯通闯宫与赵志敬之死,神雕,第二十八回,神雕,第二十八回,1,连续,高,true,0,1245-01-18 09:00,1245-01-18 10:00,大宋/终南山/重阳宫,大宋/终南山/重阳宫,3,杨过|小龙女|孙不二,false,杨过与小龙女拜堂礼成之际，殿顶突然破裂落下一口千余斤巨钟，随后老顽童周伯通闯入重阳宫，引来大群玉蜂，引发更大混乱。,同回目同场景直接因果接续
825,神雕第二十八回02-周伯通闯宫与赵志敬之死,神雕第二十八回03-藏经阁越涧潜水归古墓,神雕,第二十八回,神雕,第二十八回,1,过渡,中,false,1,1245-01-18 11:00,1245-01-18 12:00,大宋/终南山/重阳宫,大宋/终南山/重阳宫,3,杨过|小龙女,false,杨过与小龙女在玉蜂掩护下冲向后院藏经阁，用绳索越涧脱身，以木箱潜水回到古墓。,存在短途移动/等待/跨时段语义，保留过渡耗时
826,神雕第二十八回03-藏经阁越涧潜水归古墓,神雕第二十八回04-古墓洞房逆转经脉疗伤,神雕,第二十八回,神雕,第二十八回,1,过渡,高,false,1,1245-01-18 13:00,1245-01-18 14:00,大宋/终南山/重阳宫,大宋/终南山/活死人墓,2,杨过|小龙女|郭襄,false,回到古墓后，杨过点起红烛为小龙女布置洞房花烛，小龙女穿上祖师婆婆林朝英的嫁衣，二人又发现了寒玉床疗伤的秘密。,文本明确包含赶路/等待/跨时段过程
827,神雕第二十八回04-古墓洞房逆转经脉疗伤,神雕第二十八回05-黄蓉李莫愁郭芙赴终南寻妹,神雕,第二十八回,神雕,第二十八回,41,间歇,中,false,41,1245-01-18 15:00,1245-01-20 08:00,大宋/终南山/活死人墓,大宋/襄阳/郊野,1,,false,黄蓉与李莫愁、郭芙三人结伴前往终南山寻找郭襄，途中纵马疾驰。,跨区域且有明确移动/等待，作为自由期时间锚点
828,神雕第二十九回01-黄蓉李莫愁联手战公孙止退敌,神雕第二十九回02-众人会合黄蓉定计赴终南山寻杨过,神雕,第二十九回,神雕,第二十九回,1,连续,高,true,0,1245-01-22 09:00,1245-01-22 10:00,大宋/终南山/终南山山域/山岭,大宋/终南山/终南山山域/山岭,4,黄蓉|李莫愁|郭芙|完颜萍|耶律齐|耶律燕|武三通|武修文|武敦儒,false,公孙止败退后，众人会合一处，互通消息，商议下一步行动,同回目同地点，短间隔无独立过渡内容
829,神雕第二十九回02-众人会合黄蓉定计赴终南山寻杨过,神雕第二十九回03-重阳宫逢周伯通蒙古兵忽至全真教西撤,神雕,第二十九回,神雕,第二十九回,1,过渡,高,false,1,1245-01-22 11:00,1245-01-22 12:00,大宋/终南山/终南山山域/山岭,大宋/终南山/重阳宫,2,黄蓉|李莫愁|武三通|耶律齐,false,众人达成一致后，上重阳宫寻找杨过下落,文本明确包含赶路/等待/跨时段过程
830,神雕第二十九回03-重阳宫逢周伯通蒙古兵忽至全真教西撤,神雕第二十九回04-李莫愁引众人溪底秘道入古墓困武三通,神雕,第二十九回,神雕,第二十九回,1,连续,高,true,0,1245-01-22 13:00,1245-01-22 14:00,大宋/终南山/重阳宫,大宋/终南山/重阳宫,3,黄蓉|李莫愁|武三通|耶律齐,false,黄蓉与全真教告别后，让李莫愁指引古墓入口，众人从溪底秘道潜入,同回目同地点，短间隔无独立过渡内容
831,神雕第二十九回04-李莫愁引众人溪底秘道入古墓困武三通,神雕第二十九回05-杨龙寒玉床疗伤李莫愁偷袭被杨过智困棺中,神雕,第二十九回,神雕,第二十九回,1,过渡,中,false,1,1245-01-22 15:00,1245-01-22 16:00,大宋/终南山/重阳宫,大宋/终南山/活死人墓,2,李莫愁,false,武三通等五人被困石室，李莫愁独自潜入古墓深处偷袭杨过小龙女,同链近距事件，保留有限过渡时间
832,神雕第二十九回05-杨龙寒玉床疗伤李莫愁偷袭被杨过智困棺中,神雕第二十九回06-郭芙脱困误发冰魄银针重伤杨龙,神雕,第二十九回,神雕,第二十九回,1,连续,高,true,0,1245-01-22 17:00,1245-01-22 18:00,大宋/终南山/活死人墓,大宋/终南山/活死人墓,3,小龙女|杨过|李莫愁,false,杨过正在助小龙女驱毒，郭芙等人从石室脱困寻来，误发银针,同回目同地点，短间隔无独立过渡内容
833,神雕第二十九回06-郭芙脱困误发冰魄银针重伤杨龙,神雕第二十九回07-蒙古兵烧山杨过烈火中救郭芙,神雕,第二十九回,神雕,第二十九回,1,过渡,中,false,1,1245-01-22 19:00,1245-01-22 20:00,大宋/终南山/活死人墓,大宋/终南山/终南山山域/山岭,2,郭芙|耶律齐|武三通|李莫愁|武修文|郭襄|杨过|小龙女,false,杨过抱着小龙女离去后不久，古墓外蒙古兵烧山，大火蔓延,同链近距事件，保留有限过渡时间
834,神雕第二十九回07-蒙古兵烧山杨过烈火中救郭芙,神雕第二十九回08-杨龙携郭襄雪中觅得猎户小屋暂栖,神雕,第二十九回,神雕,第二十九回,35,间歇,中,false,35,1245-01-22 21:00,1245-01-24 08:00,大宋/终南山/终南山山域/山岭,大宋/终南山/终南山山域/山岭,4,杨过|郭芙|郭襄|李莫愁|小龙女|武三通,false,杨过和小龙女带着郭襄向山后走去，在风雪中寻找栖身之所,外部间隔超过一天，未发现足够证据压缩
835,神雕第三十回01-杨过伪装猎户接待二丐偷听阴谋,神雕第三十回02-杨过堆雪人戏弄瘦丐一灯慈恩借宿讲佛,神雕,第三十回,神雕,第三十回,1,连续,高,true,0,1245-01-28 09:00,1245-01-28 10:00,大宋/终南山/终南山山域/猎户小屋,大宋/终南山/终南山山域/猎户小屋,4,杨过|小龙女|郭襄|瘦丐|彭长老,false,杨过认出彭长老是当日大胜关见过的蒙古奸细，决定先静观其变,同回目同地点，短间隔无独立过渡内容
836,神雕第三十回02-杨过堆雪人戏弄瘦丐一灯慈恩借宿讲佛,神雕第三十回03-彭长老摄魂害瘦丐慈恩连杀二人,神雕,第三十回,神雕,第三十回,1,连续,高,true,0,1245-01-28 11:00,1245-01-28 12:00,大宋/终南山/终南山山域/猎户小屋,大宋/终南山/终南山山域/猎户小屋,4,瘦丐|彭长老|杨过|一灯大师,false,一灯大师为慈恩讲述佛经故事，但彭长老的摄魂大法正悄然施展,同回目同地点，短间隔无独立过渡内容
837,神雕第三十回03-彭长老摄魂害瘦丐慈恩连杀二人,神雕第三十回04-慈恩攻击一灯杨过玄铁剑救师点化,神雕,第三十回,神雕,第三十回,1,连续,高,true,0,1245-01-28 13:00,1245-01-28 14:00,大宋/终南山/终南山山域/猎户小屋,大宋/终南山/终南山山域/猎户小屋,4,一灯大师|杨过|裘千仞,false,彭长老毙命后，慈恩心中善念恶念激烈交战，终于压不住汹涌的杀机,同回目同地点，短间隔无独立过渡内容
838,神雕第三十回04-慈恩攻击一灯杨过玄铁剑救师点化,神雕第三十回05-一灯赠药四人相认赶赴绝情谷周伯通现身,神雕,第三十回,神雕,第三十回,17,过渡,中,false,17,1245-01-28 15:00,1245-01-29 08:00,大宋/终南山/终南山山域/猎户小屋,大宋/终南山/终南山山域/猎户小屋,4,一灯大师|杨过|小龙女|裘千仞,false,慈恩大彻大悟跪地向师父谢罪，杨过拜见一灯大师说明身份,同链近距事件，保留有限过渡时间
839,神雕第三十回05-一灯赠药四人相认赶赴绝情谷周伯通现身,神雕第三十回06-抵达绝情谷杨过救程英陆无双中情花刺,神雕,第三十回,神雕,第三十回,1,待人工确认,中,false,,1245-01-30 12:00,1245-01-30 13:00,大宋/终南山/终南山山域/猎户小屋,大宋/绝情谷/绝情谷内/情花坳,1,杨过|小龙女,false,一行人赶了五六日路程，终于来到绝情谷口，却听到谷中隐隐传来兵刃相交之声,证据不足，避免自动改时
840,神雕第三十回06-抵达绝情谷杨过救程英陆无双中情花刺,神雕第三十回07-郭芙众人到来相认口角冲突,神雕,第三十回,神雕,第三十回,1,连续,高,true,0,1245-01-30 14:00,1245-01-30 15:00,大宋/绝情谷/绝情谷内/情花坳,大宋/绝情谷/绝情谷内/情花坳,4,杨过|小龙女|李莫愁|洪凌波|程英|陆无双,false,杨过救出程英陆无双后，郭芙、黄蓉、武三通、耶律齐等一行人从另一方向也赶到了,同回目同地点，短间隔无独立过渡内容
841,神雕第三十回07-郭芙众人到来相认口角冲突,神雕第三十回08-李莫愁杀洪凌波脱困众人围攻,神雕,第三十回,神雕,第三十回,1,连续,高,true,0,1245-01-30 16:00,1245-01-30 17:00,大宋/绝情谷/绝情谷内/情花坳,大宋/绝情谷/绝情谷内/情花坳,4,陆无双|杨过|郭芙|武三通|耶律齐|黄蓉|完颜萍|耶律燕|程英|小龙女|李莫愁|洪凌波|武修文|武敦儒,false,众人尚在口角之时，情花丛中忽然传来洪凌波的一声大叫——李莫愁正将徒弟高高举起,同回目同地点，短间隔无独立过渡内容
842,神雕第三十回08-李莫愁杀洪凌波脱困众人围攻,神雕第三十回09-入绝情谷大厅兄妹相认裘千尺袭郭芙,神雕,第三十回,神雕,第三十回,1,过渡,中,false,1,1245-01-30 18:00,1245-01-30 19:00,大宋/绝情谷/绝情谷内/情花坳,大宋/绝情谷/水仙山庄,2,杨过|黄蓉|郭芙,false,李莫愁逃入情花丛深处后，公孙绿萼从林中走出引众人入大厅见裘千尺,同链近距事件，保留有限过渡时间
843,神雕第三十回09-入绝情谷大厅兄妹相认裘千尺袭郭芙,神雕第三十回10-公孙绿萼假意骂杨过赠地图密信,神雕,第三十回,神雕,第三十回,1,连续,高,true,0,1245-01-30 20:00,1245-01-30 21:00,大宋/绝情谷/水仙山庄,大宋/绝情谷/水仙山庄,3,公孙绿萼|裘千尺|杨过|黄蓉,false,杨过拒绝娶公孙绿萼后携小龙女走向厅门，公孙绿萼忽然追出大骂杨过——实为暗中传递密信,同回目同地点，短间隔无独立过渡内容
844,神雕第三十回10-公孙绿萼假意骂杨过赠地图密信,神雕第三十一回01-杨过玄铁剑破壁救出天竺僧朱子柳,神雕,第三十回,神雕,第三十一回,10,过渡,高,false,10,1245-01-30 22:00,1245-02-01 08:00,大宋/绝情谷/水仙山庄,大宋/绝情谷/水仙山庄,3,杨过|小龙女,false,杨过小龙女按照地图前往火浣室救天竺僧和朱子柳，绝情谷中暗流涌动危机四伏,文本明确包含赶路/等待/跨时段过程
845,神雕第三十一回01-杨过玄铁剑破壁救出天竺僧朱子柳,神雕第三十一回02-大厅慈恩善恶交战程陆郭三女口角打斗,神雕,第三十一回,神雕,第三十一回,1,待人工确认,中,false,,1245-02-01 09:00,1245-02-01 10:00,大宋/绝情谷/水仙山庄,大宋/绝情谷/水仙山庄,3,,false,杨过与朱子柳商议后决定先助一灯大师，留下朱子柳守护天竺僧。绝情谷大厅中一场风波正在酝酿。,证据不足，避免自动改时
846,神雕第三十一回02-大厅慈恩善恶交战程陆郭三女口角打斗,神雕第三十一回03-慈恩抓郭襄黄蓉装疯救人慈恩大彻大悟离去,神雕,第三十一回,神雕,第三十一回,1,连续,高,true,0,1245-02-01 11:00,1245-02-01 12:00,大宋/绝情谷/水仙山庄,大宋/绝情谷/水仙山庄,3,裘千尺|一灯大师|黄蓉|郭芙|耶律齐,false,大厅中慈恩善恶交战渐趋激烈，一场更大风波即将爆发。同时杨过与小龙女正在谷中携手缓行观赏夕阳晚景。,同回目同地点，短间隔无独立过渡内容
847,神雕第三十一回03-慈恩抓郭襄黄蓉装疯救人慈恩大彻大悟离去,神雕第三十一回04-裘千尺封锁大厅公孙绿萼偷听杨龙对话万念俱灰,神雕,第三十一回,神雕,第三十一回,1,连续,高,true,0,1245-02-01 13:00,1245-02-01 14:00,大宋/绝情谷/水仙山庄,大宋/绝情谷/水仙山庄,3,公孙绿萼|裘千尺|黄蓉,false,慈恩飘然离去后裘千尺以渔网阵封锁大厅退回内堂。而杨过与小龙女正在谷中携手缓行观赏夕阳，对大厅中这场惊心动魄的变故浑然不觉。,同回目同地点，短间隔无独立过渡内容
848,神雕第三十一回04-裘千尺封锁大厅公孙绿萼偷听杨龙对话万念俱灰,神雕第三十一回05-公孙绿萼断肠崖偷听公孙止李莫愁密谋害己,神雕,第三十一回,神雕,第三十一回,17,过渡,中,false,17,1245-02-01 15:00,1245-02-02 08:00,大宋/绝情谷/水仙山庄,大宋/绝情谷/断肠崖,2,公孙绿萼,false,公孙绿萼万念俱灰走向绝情峰断肠崖——却在山石后听到了父亲公孙止与李莫愁正在密谋一件骇人之事。,同链近距事件，保留有限过渡时间
849,神雕第三十一回05-公孙绿萼断肠崖偷听公孙止李莫愁密谋害己,神雕第三十一回06-公孙绿萼自刺情花骗母裘千尺答应取半枚绝情丹,神雕,第三十一回,神雕,第三十一回,1,过渡,中,false,1,1245-02-02 09:00,1245-02-02 10:00,大宋/绝情谷/断肠崖,大宋/绝情谷/水仙山庄,2,公孙绿萼,false,公孙绿萼逃出断肠崖后心中生出一计——要用自己的生命骗取母亲手中的半枚绝情丹，以救杨过性命。,同链近距事件，保留有限过渡时间
850,神雕第三十一回06-公孙绿萼自刺情花骗母裘千尺答应取半枚绝情丹,神雕第三十一回07-黄蓉受三枚枣核钉换取绝情丹一灯识破假药绿萼换真药,神雕,第三十一回,神雕,第三十一回,1,过渡,中,false,1,1245-02-02 11:00,1245-02-02 12:00,大宋/绝情谷/水仙山庄,大宋/绝情谷/水仙山庄,3,公孙绿萼|裘千尺,false,裘千尺带绿萼前往大厅取丹——她要借这次机会逼迫黄蓉接受她的条件。,存在短途移动/等待/跨时段语义，保留过渡耗时
851,神雕第三十一回07-黄蓉受三枚枣核钉换取绝情丹一灯识破假药绿萼换真药,神雕第三十一回08-公孙止从天而降夺走丹药杨过破门而入,神雕,第三十一回,神雕,第三十一回,1,连续,高,true,0,1245-02-02 13:00,1245-02-02 14:00,大宋/绝情谷/水仙山庄,大宋/绝情谷/水仙山庄,3,黄蓉,false,绿萼双手捧着瓷瓶走向黄蓉——正要递到时屋顶突然破裂一人从空跃落夺走瓷瓶。杨过等人也在这时破门而入。,同回目同场景直接因果接续
852,神雕第三十一回08-公孙止从天而降夺走丹药杨过破门而入,神雕第三十二回01-杨过小龙女与程英陆无双重逢交谈,神雕,第三十一回,神雕,第三十二回,15,待人工确认,中,false,,1245-02-02 15:00,1245-02-03 06:00,大宋/绝情谷/水仙山庄,大宋/绝情谷/水仙山庄,3,黄蓉|杨过|小龙女|程英|陆无双,false,公孙止夺走半枚绝情丹——杨过等人破门而入进入大厅。绝情谷中的恩怨情仇即将迎来最后的高潮。,证据不足，避免自动改时
853,神雕第三十二回01-杨过小龙女与程英陆无双重逢交谈,神雕第三十二回02-公孙止闯入大厅夺绝情丹,神雕,第三十二回,神雕,第三十二回,1,过渡,中,false,1,1245-02-03 07:00,1245-02-03 08:00,大宋/绝情谷/水仙山庄,大宋/绝情谷/水仙山庄,3,黄蓉|郭芙|杨过|陆无双,false,四人返回大厅途中见公孙止破屋顶跃入大厅，杨过挺玄铁重剑破门直入。,存在短途移动/等待/跨时段语义，保留过渡耗时
854,神雕第三十二回02-公孙止闯入大厅夺绝情丹,神雕第三十二回03-公孙绿萼揭露父亲阴谋并自尽,神雕,第三十二回,神雕,第三十二回,1,连续,高,true,0,1245-02-03 09:00,1245-02-03 10:00,大宋/绝情谷/水仙山庄,大宋/绝情谷/水仙山庄,3,杨过|公孙止|黄蓉|裘千尺|郭芙,false,公孙止夺丹后欲挟女儿为质脱身，绿萼当众揭露父亲对李莫愁所言毒计。,同回目同地点，短间隔无独立过渡内容
855,神雕第三十二回03-公孙绿萼揭露父亲阴谋并自尽,神雕第三十二回04-杨过破渔网阵李莫愁闯入天竺僧死讯,神雕,第三十二回,神雕,第三十二回,1,连续,高,true,0,1245-02-03 11:00,1245-02-03 12:00,大宋/绝情谷/水仙山庄,大宋/绝情谷/水仙山庄,3,杨过|黄蓉|裘千尺,false,绿萼身死，众人悲愤。公孙止趁机煽动众弟子布渔网阵围攻，杨过挥玄铁重剑破网。,同回目同场景直接因果接续
856,神雕第三十二回04-杨过破渔网阵李莫愁闯入天竺僧死讯,神雕第三十二回05-众人分头追赶公孙止李莫愁,神雕,第三十二回,神雕,第三十二回,1,过渡,高,false,1,1245-02-03 13:00,1245-02-03 14:00,大宋/绝情谷/水仙山庄,大宋/绝情谷/绝情峰,2,黄蓉|杨过|李莫愁|朱子柳|小龙女|耶律齐|裘千尺,false,公孙止与李莫愁分头逃出大厅，众人分两路追赶。,文本明确包含赶路/等待/跨时段过程
857,神雕第三十二回05-众人分头追赶公孙止李莫愁,神雕第三十二回06-小龙女断肠崖战公孙止夺回绝情丹,神雕,第三十二回,神雕,第三十二回,0,连续,高,false,0,1245-02-04 06:00,1245-02-04 06:00,大宋/绝情谷/绝情峰,大宋/绝情谷/断肠崖,2,公孙止|小龙女|杨过|程英|完颜萍|黄蓉|武敦儒,false,天亮时分众人发现公孙止立于断肠崖石梁尽头，小龙女夺剑掠过石梁与他激斗。,当前已满足结束时间=下一开始时间
858,神雕第三十二回06-小龙女断肠崖战公孙止夺回绝情丹,神雕第三十二回07-杨过掷丹入谷小龙女晕倒,神雕,第三十二回,神雕,第三十二回,1,连续,高,true,0,1245-02-04 07:00,1245-02-04 08:00,大宋/绝情谷/断肠崖,大宋/绝情谷/断肠崖,3,杨过|小龙女|武敦儒|完颜萍,false,小龙女夺得绝情丹奔回，杨过却将丹药掷入万丈深谷，小龙女毒发晕倒在杨过怀中。,同回目同地点，短间隔无独立过渡内容
859,神雕第三十二回07-杨过掷丹入谷小龙女晕倒,神雕第三十二回08-周伯通驱蜂困李莫愁李莫愁葬身火窟,神雕,第三十二回,神雕,第三十二回,1,过渡,中,false,1,1245-02-04 09:00,1245-02-04 10:00,大宋/绝情谷/断肠崖,大宋/绝情谷/绝情峰/山坡,2,小龙女|杨过|武敦儒|武修文,false,武三通发现李莫愁，周伯通现身以玉蜂驱赶，李莫愁被围困后投身火海自焚。,同链近距事件，保留有限过渡时间
860,神雕第三十二回08-周伯通驱蜂困李莫愁李莫愁葬身火窟,神雕第三十二回09-公孙止裘千尺同归于尽,神雕,第三十二回,神雕,第三十二回,1,连续,中,false,0,1245-02-04 11:00,1245-02-04 12:00,大宋/绝情谷/绝情峰/山坡,大宋/绝情谷/绝情峰/峰顶,3,公孙止|黄蓉|程英|杨过,false,李莫愁葬身火窟后，众人听见山顶传来裘千尺的怪笑，公孙止向她奔去。,同场景短间隔，倾向连续但证据不足以自动改时
861,神雕第三十二回09-公孙止裘千尺同归于尽,神雕第三十二回10-黄蓉发现断肠草告知小龙女,神雕,第三十二回,神雕,第三十二回,1,连续,中,false,0,1245-02-04 13:00,1245-02-04 14:00,大宋/绝情谷/绝情峰/峰顶,大宋/绝情谷/绝情峰/山脚,3,杨过|黄蓉,false,公孙止夫妇同归于尽后，黄蓉在天竺僧手中发现断肠草，推断出以毒攻毒之法。,同场景短间隔，倾向连续但证据不足以自动改时
862,神雕第三十二回10-黄蓉发现断肠草告知小龙女,神雕第三十二回11-小龙女深夜失踪,神雕,第三十二回,神雕,第三十二回,2,过渡,高,false,2,1245-02-04 15:00,1245-02-04 17:00,大宋/绝情谷/绝情峰/山脚,大宋/绝情谷/断肠崖,2,黄蓉|小龙女|杨过,false,小龙女获知断肠草可解情花毒后，与杨过度过了最后的温馨时光，深夜独自离去。,文本明确包含赶路/等待/跨时段过程
863,神雕第三十二回11-小龙女深夜失踪,神雕第三十二回12-杨过寻到留字黄蓉编造南海神尼,神雕,第三十二回,神雕,第三十二回,2,连续,高,true,0,1245-02-05 04:00,1245-02-05 06:00,大宋/绝情谷/断肠崖,大宋/绝情谷/断肠崖,3,杨过|黄蓉|一灯大师,false,杨过在断肠崖发现小龙女留下的红花和石壁刻字，十六年之约令他困惑不解。,同回目同地点，短间隔无独立过渡内容
864,神雕第三十二回12-杨过寻到留字黄蓉编造南海神尼,神雕第三十二回13-杨过服断肠草众人告别,神雕,第三十二回,神雕,第三十二回,5,连续,中,false,0,1245-02-05 07:00,1245-02-05 12:00,大宋/绝情谷/断肠崖,大宋/绝情谷/断肠崖,3,程英|陆无双|杨过|黄蓉|一灯大师,false,杨过怀着十六年之约的希望，决定服下断肠草以毒攻毒，众人随后告别离去。,同场景短间隔，倾向连续但证据不足以自动改时
865,神雕第三十二回13-杨过服断肠草众人告别,神雕第三十二回14-杨过程英陆无双结拜传功,神雕,第三十二回,神雕,第三十二回,43,间歇,中,false,43,1245-02-05 13:00,1245-02-07 08:00,大宋/绝情谷/断肠崖,大宋/绝情谷/断肠崖,3,杨过|陆无双|程英,false,众人离去后，杨过与程英陆无双留在绝情谷中义结金兰，传授陆无双玉女心经。,外部间隔超过一天，未发现足够证据压缩
866,神雕第三十二回14-杨过程英陆无双结拜传功,神雕第三十二回15-杨过飘然离去海边练剑,神雕,第三十二回,神雕,第三十二回,24,过渡,高,false,24,1245-03-09 08:00,1245-03-10 08:00,大宋/绝情谷/断肠崖,大宋/绝情谷/断肠崖,3,杨过,false,杨过离开绝情谷后飘然江湖，最终回到神雕身边，在海潮之中苦练剑术六年。,文本明确包含赶路/等待/跨时段过程
867,神雕第三十二回15-杨过飘然离去海边练剑,神雕第三十三回01-风陵渡安渡老店三姊弟投店围炉夜话,神雕,第三十二回,神雕,第三十三回,65420,间歇,高,false,65420,1252-03-09 12:00,1259-10-05 08:00,大宋/绝情谷/断肠崖,大宋/风陵渡/风陵渡镇/安渡老店,1,,false,杨过在江湖上独行，神雕为伴，以狂傲之姿行侠仗义，最终引出风陵渡口的传说。,存在跨日/长程/长时段或明显场景重置，作为自由期时间锚点
868,神雕第三十三回01-风陵渡安渡老店三姊弟投店围炉夜话,神雕第三十三回02-小王将军述说神雕侠救父诛奸,神雕,第三十三回,神雕,第三十三回,1,连续,高,true,0,1259-10-05 09:00,1259-10-05 10:00,大宋/风陵渡/风陵渡镇/安渡老店,大宋/风陵渡/风陵渡镇/安渡老店,4,郭芙|郭襄|广东客人|临安少年,false,围炉夜话继续，四川口音的客人开始讲述神雕侠的侠义事迹。,同回目同地点，短间隔无独立过渡内容
869,神雕第三十三回02-小王将军述说神雕侠救父诛奸,神雕第三十三回03-宋五述说神雕侠夜审丁大全,神雕,第三十三回,神雕,第三十三回,1,连续,高,true,0,1259-10-05 11:00,1259-10-05 12:00,大宋/风陵渡/风陵渡镇/安渡老店,大宋/风陵渡/风陵渡镇/安渡老店,4,宋五|广东客人|郭襄|临安少年,false,粗豪汉子宋五接过话头，讲述神雕侠假扮县官夜审奸臣丁大全的痛快事。,同回目同地点，短间隔无独立过渡内容
870,神雕第三十三回03-宋五述说神雕侠夜审丁大全,神雕第三十三回04-宋五述神雕侠赎命及中年妇人述杀人救人,神雕,第三十三回,神雕,第三十三回,1,连续,高,true,0,1259-10-05 13:00,1259-10-05 14:00,大宋/风陵渡/风陵渡镇/安渡老店,大宋/风陵渡/风陵渡镇/安渡老店,4,宋五|郭襄,false,郭襄请众人喝酒央求宋五继续讲神雕侠的故事，宋五开始讲述神雕侠赎命的经历。,同回目同地点，短间隔无独立过渡内容
871,神雕第三十三回04-宋五述神雕侠赎命及中年妇人述杀人救人,神雕第三十三回05-郭芙道破杨过身份郭襄心生仰慕,神雕,第三十三回,神雕,第三十三回,1,连续,高,true,0,1259-10-05 15:00,1259-10-05 16:00,大宋/风陵渡/风陵渡镇/安渡老店,大宋/风陵渡/风陵渡镇/安渡老店,4,郭襄|宋五|郭芙,false,中年妇人讲完故事后，郭襄对神雕侠更加倾慕，郭芙终于忍不住说出神雕侠的真实身份。,同回目同地点，短间隔无独立过渡内容
872,神雕第三十三回05-郭芙道破杨过身份郭襄心生仰慕,神雕第三十三回06-大头鬼现身携郭襄夜赴倒马坪,神雕,第三十三回,神雕,第三十三回,51,间歇,中,false,51,1259-10-05 17:00,1259-10-07 20:00,大宋/风陵渡/风陵渡镇/安渡老店,大宋/风陵渡/风陵渡镇/安渡老店,4,郭襄|郭芙|宋五,false,郭襄与姊姊争执之际，屋角一直蜷缩而睡的大头矮子忽然翻身站起，说要带郭襄去见神雕侠。,外部间隔超过一天，未发现足够证据压缩
873,神雕第三十三回06-大头鬼现身携郭襄夜赴倒马坪,神雕第三十三回07-西山一窟鬼遇万兽山庄起冲突,神雕,第三十三回,神雕,第三十三回,1,待人工确认,中,false,,1259-10-07 21:00,1259-10-07 22:00,大宋/风陵渡/风陵渡镇/安渡老店,大宋/晋南/万兽山庄外围/树林,1,郭襄|长须鬼|无常鬼|丧门鬼|笑脸鬼,false,西山一窟鬼一行人驰往倒马坪途中经过万兽山庄树林，与史氏兄弟发生冲突。,证据不足，避免自动改时
874,神雕第三十三回07-西山一窟鬼遇万兽山庄起冲突,神雕第三十三回08-群兽围攻西山一窟鬼神雕侠杨过现身,神雕,第三十三回,神雕,第三十三回,1,过渡,中,false,1,1259-10-07 23:00,1259-10-08 00:00,大宋/晋南/万兽山庄外围/树林,大宋/晋南/倒马坪,2,长须鬼|史伯威|史仲猛|史叔刚|史季强|史孟捷|丧门鬼|笑脸鬼|郭襄,false,史氏兄弟驱群兽围攻，双方恶斗之际神雕侠杨过突然现身树顶。,同链近距事件，保留有限过渡时间
875,神雕第三十三回08-群兽围攻西山一窟鬼神雕侠杨过现身,神雕第三十四回01-杨过现身调解纷争,神雕,第三十三回,神雕,第三十四回,31,连续,高,true,0,1259-10-08 01:00,1259-10-09 08:00,大宋/晋南/倒马坪,大宋/晋南/倒马坪,3,史伯威|史仲猛|史季强|史孟捷|史叔刚|郭襄|神雕|杨过,false,神雕侠杨过现身之后，西山一窟鬼与万兽山庄的纷争以及郭襄与杨过的初遇仍在继续。,人工复核：前事件以杨过树上现身结束，后一事件就是跃下调解同一场冲突，31小时为伪空隙
876,神雕第三十四回01-杨过现身调解纷争,神雕第三十四回02-商议灵狐杨过应承相助,神雕,第三十四回,神雕,第三十四回,1,连续,高,true,0,1259-10-09 09:00,1259-10-09 10:00,大宋/晋南/倒马坪,大宋/晋南/倒马坪,3,神雕|杨过|史伯威|史叔刚|史季强|史仲猛|史孟捷|郭襄|樊一翁,false,纷争平息后，史氏兄弟道出三弟史叔刚内伤需九尾灵狐之血医治的缘由，众人商议对策,同回目同地点，短间隔无独立过渡内容
877,神雕第三十四回02-商议灵狐杨过应承相助,神雕第三十四回03-杨过郭襄黑龙潭追狐遇瑛姑,神雕,第三十四回,神雕,第三十四回,21,过渡,高,false,21,1259-10-09 11:00,1259-10-10 08:00,大宋/晋南/倒马坪,大宋/晋南/黑龙潭,2,郭襄|神雕|杨过,false,杨过应承相助后独自前往黑龙潭捕捉九尾灵狐，郭襄好奇跟随,文本明确包含赶路/等待/跨时段过程
878,神雕第三十四回03-杨过郭襄黑龙潭追狐遇瑛姑,神雕第三十四回04-一灯求见杨过长啸逼瑛姑恩怨揭晓,神雕,第三十四回,神雕,第三十四回,1,连续,高,true,0,1259-10-10 09:00,1259-10-10 10:00,大宋/晋南/黑龙潭,大宋/晋南/黑龙潭,3,杨过|郭襄|瑛姑,false,瑛姑以死相胁不肯交出灵狐，此时身后传来一声佛号，一灯大师求见瑛姑,同回目同场景直接因果接续
879,神雕第三十四回04-一灯求见杨过长啸逼瑛姑恩怨揭晓,神雕第三十四回05-杨过周伯通百花谷比武,神雕,第三十四回,神雕,第三十四回,21,过渡,高,false,21,1259-10-10 11:00,1259-10-11 08:00,大宋/晋南/黑龙潭,大宋/晋南/百花谷,2,杨过|郭襄|周伯通,false,瑛姑提出只要见到周伯通便一切依从。杨过携郭襄前往百花谷寻找老顽童,文本明确包含赶路/等待/跨时段过程
880,神雕第三十四回05-杨过周伯通百花谷比武,神雕第三十四回06-众人和解慈恩逝世瑛姑赠狐,神雕,第三十四回,神雕,第三十四回,2,过渡,中,false,2,1259-10-12 06:00,1259-10-12 08:00,大宋/晋南/百花谷,大宋/晋南/黑龙潭,2,杨过|郭襄|周伯通,false,周伯通被说服后随杨过郭襄回黑龙潭，众人恩怨终于化解,同链近距事件，保留有限过渡时间
881,神雕第三十四回06-众人和解慈恩逝世瑛姑赠狐,神雕第三十五回01-万兽山庄庆功宴,神雕,第三十四回,神雕,第三十五回,23,过渡,高,false,23,1259-10-12 09:00,1259-10-13 08:00,大宋/晋南/黑龙潭,大宋/晋南/万兽山庄,2,杨过|郭襄,false,杨过得灵狐后辞别众人，携郭襄返回万兽山庄医治史叔刚内伤,文本明确包含赶路/等待/跨时段过程
882,神雕第三十五回01-万兽山庄庆功宴,神雕第三十五回02-杨过赠三枚金针予郭襄,神雕,第三十五回,神雕,第三十五回,1,连续,高,true,0,1259-10-13 09:00,1259-10-13 10:00,大宋/晋南/万兽山庄,大宋/晋南/万兽山庄,3,杨过|郭襄|史孟捷,false,席间忽闻猿猴啼鸣，有外敌闯入万兽山庄——来者竟是郭芙寻妹。杨过追出与郭襄在林中相会,同回目同地点，短间隔无独立过渡内容
883,神雕第三十五回02-杨过赠三枚金针予郭襄,神雕第三十五回03-郭芙刺伤史孟捷杨过道破往事,神雕,第三十五回,神雕,第三十五回,1,过渡,高,false,1,1259-10-13 11:00,1259-10-13 12:00,大宋/晋南/万兽山庄,大宋/晋南/万兽山庄外围,2,史孟捷|郭芙|郭襄|杨过,false,郭襄持金针离去寻找姊姊，郭芙已与史孟捷、大头鬼动手激斗,文本明确包含赶路/等待/跨时段过程
884,神雕第三十五回03-郭芙刺伤史孟捷杨过道破往事,神雕第三十五回04-郭襄回襄阳受父母管教,神雕,第三十五回,神雕,第三十五回,1,待人工确认,中,false,,1259-10-13 13:00,1259-10-13 14:00,大宋/晋南/万兽山庄外围,大宋/襄阳/郭府,1,郭襄|郭芙,false,郭芙拉着郭襄离开万兽山庄，姊妹二人过黄河回襄阳，郭靖黄蓉管教女儿,证据不足，避免自动改时
885,神雕第三十五回04-郭襄回襄阳受父母管教,神雕第三十五回05-鲁有脚遭霍都暗算身亡,神雕,第三十五回,神雕,第三十五回,5,连续,中,false,0,1259-10-16 14:00,1259-10-16 19:00,大宋/襄阳/郭府,大宋/襄阳/郭府,3,郭靖|黄蓉,false,英雄大宴前夕，丐帮帮主鲁有脚在岘山羊太傅庙遭蒙古霍都王子暗算身亡,同场景短间隔，倾向连续但证据不足以自动改时
886,神雕第三十五回05-鲁有脚遭霍都暗算身亡,神雕第三十五回06-郭襄祭鲁有脚尼摩星毙命,神雕,第三十五回,神雕,第三十五回,3,过渡,高,false,3,1259-10-16 20:00,1259-10-16 23:00,大宋/襄阳/郭府,大宋/襄阳/岘山,2,,false,郭襄悲痛欲绝，深夜独自携酒菜到羊太傅庙祭奠这位忘年之交,文本明确包含赶路/等待/跨时段过程
887,神雕第三十五回06-郭襄祭鲁有脚尼摩星毙命,神雕第三十五回07-黄蓉夜探堕泪碑发现神秘聚会,神雕,第三十五回,神雕,第三十五回,2,过渡,中,false,2,1259-10-17 00:00,1259-10-17 02:00,大宋/襄阳/岘山,大宋/襄阳/岘山,3,尼摩星,false,众人回城后黄蓉细查尼摩星尸身，深夜独赴堕泪碑探查，听到神秘对话,存在短途移动/等待/跨时段语义，保留过渡耗时
888,神雕第三十五回07-黄蓉夜探堕泪碑发现神秘聚会,神雕第三十五回08-英雄大宴郭靖被推为盟主,神雕,第三十五回,神雕,第三十五回,2,过渡,高,false,2,1259-10-17 06:00,1259-10-17 08:00,大宋/襄阳/岘山,大宋/襄阳/郭府,2,郭靖|黄蓉,false,黄蓉回城后与郭靖商议。翌日英雄大宴开幕，各路英雄推举郭靖为盟主歃血抗敌,文本明确包含赶路/等待/跨时段过程
889,神雕第三十五回08-英雄大宴郭靖被推为盟主,神雕第三十五回09-郭襄闺房小宴群怪赠奇珍,神雕,第三十五回,神雕,第三十五回,106,间歇,中,false,106,1259-10-18 22:00,1259-10-23 08:00,大宋/襄阳/郭府,大宋/襄阳/郭府,3,黄蓉|郭襄|郭芙,false,英雄大宴正酣之际，郭襄却在闺房中另设小宴，招待了七位来历古怪的江湖奇人,外部间隔超过一天，未发现足够证据压缩
890,神雕第三十五回09-郭襄闺房小宴群怪赠奇珍,神雕第三十五回10-黄蓉郭靖商议应对怪客生日,神雕,第三十五回,神雕,第三十五回,1,连续,高,true,0,1259-10-23 09:00,1259-10-23 10:00,大宋/襄阳/郭府,大宋/襄阳/郭府,3,黄蓉,false,黄蓉与郭靖商议这伙怪客的来历与来意，决定将丐帮帮主推选放在十月廿四与郭襄生辰同日,同回目同地点，短间隔无独立过渡内容
891,神雕第三十五回10-黄蓉郭靖商议应对怪客生日,神雕第三十六回01-丐帮大会开台比武选帮主,神雕,第三十五回,神雕,第三十六回,19,待人工确认,中,false,,1259-10-23 11:00,1259-10-24 06:00,大宋/襄阳/郭府,大宋/襄阳/大校场,2,郭靖,false,十月廿四郭襄生辰之日，丐帮大会推选新帮主，各路怪客果然如约而至,证据不足，避免自动改时
892,神雕第三十六回01-丐帮大会开台比武选帮主,神雕第三十六回02-郭襄后花园思念杨过许三愿,神雕,第三十六回,神雕,第三十六回,1,待人工确认,中,false,,1259-10-24 07:00,1259-10-24 08:00,大宋/襄阳/大校场,大宋/襄阳/郭府,2,,false,大校场上比武正酣，郭襄却在后花园的芍药亭中独坐——今日是她十六岁生辰，她一直在等一个人。,证据不足，避免自动改时
893,神雕第三十六回02-郭襄后花园思念杨过许三愿,神雕第三十六回03-大头鬼传讯带郭襄赴校场,神雕,第三十六回,神雕,第三十六回,1,连续,高,true,0,1259-10-24 09:00,1259-10-24 10:00,大宋/襄阳/郭府,大宋/襄阳/郭府,3,郭襄,false,大头鬼从墙头跃入后花园，带来了神雕大侠的消息——杨过要亲自为郭襄预备三件生日礼物。,同回目同地点，短间隔无独立过渡内容
894,神雕第三十六回03-大头鬼传讯带郭襄赴校场,神雕第三十六回04-耶律齐大战蓝天和连胜群雄,神雕,第三十六回,神雕,第三十六回,1,过渡,中,false,1,1259-10-24 11:00,1259-10-24 12:00,大宋/襄阳/郭府,大宋/襄阳/大校场,2,郭襄|大头鬼|神雕,false,郭襄随大头鬼和神雕赶往大校场时，校场上耶律齐正与贵州苗人蓝天和展开一场龙争虎斗。,同链近距事件，保留有限过渡时间
895,神雕第三十六回04-耶律齐大战蓝天和连胜群雄,神雕第三十六回05-第一件寿礼灭蒙古先锋献耳,神雕,第三十六回,神雕,第三十六回,0,连续,高,false,0,1259-10-24 18:00,1259-10-24 18:00,大宋/襄阳/大校场,大宋/襄阳/大校场,3,耶律齐|梁长老|郭襄,false,梁长老正要宣布耶律齐为新帮主，忽听得蹄声紧迫——两骑马飞驰入校场，带来了惊人的军情和神雕大侠的第一件寿礼。,当前已满足结束时间=下一开始时间
896,神雕第三十六回05-第一件寿礼灭蒙古先锋献耳,神雕第三十六回06-第二件寿礼烟花传讯火烧南阳,神雕,第三十六回,神雕,第三十六回,0,连续,高,false,0,1259-10-24 19:00,1259-10-24 19:00,大宋/襄阳/大校场,大宋/襄阳/大校场,3,郭靖|黄蓉|郭襄|史伯威|史仲猛|史叔刚|史季强|史孟捷,false,第一件礼物刚刚揭晓，远处啸声又起——西山一窟鬼即将到来献上第二件生辰礼物，满天烟花即将照亮夜空。,当前已满足结束时间=下一开始时间
897,神雕第三十六回06-第二件寿礼烟花传讯火烧南阳,神雕第三十六回07-何师我暗算击败耶律齐,神雕,第三十六回,神雕,第三十六回,0,连续,高,false,0,1259-10-24 20:00,1259-10-24 20:00,大宋/襄阳/大校场,大宋/襄阳/大校场,3,黄蓉,false,两件大礼轰动全场，群雄称颂神雕侠之余，郭芙愀然不乐——梁长老再次请耶律齐上台接任帮主，不料丐帮中一个五袋弟子突然出言质疑。,当前已满足结束时间=下一开始时间
898,神雕第三十六回07-何师我暗算击败耶律齐,神雕第三十六回08-第三件寿礼群侠献俘,神雕,第三十六回,神雕,第三十六回,0,连续,高,false,0,1259-10-24 21:00,1259-10-24 21:00,大宋/襄阳/大校场,大宋/襄阳/大校场,3,霍都,false,何师我暗算击败耶律齐后站到台口邀人再斗，忽然五百猛兽齐声怒吼——校场入口处八位武林名宿高举火炬而来，神雕侠的第三件礼物到了。,当前已满足结束时间=下一开始时间
899,神雕第三十六回08-第三件寿礼群侠献俘,神雕第三十七回01-达尔巴揭穿霍都清理师门,神雕,第三十六回,神雕,第三十七回,0,连续,高,false,0,1259-10-24 22:00,1259-10-24 22:00,大宋/襄阳/大校场,大宋/襄阳/大校场,3,霍都|青灵子,false,大布袋裂开滚出一个光头和尚——此人是谁？何师我的真实身份即将被揭穿。,当前已满足结束时间=下一开始时间
900,神雕第三十七回01-达尔巴揭穿霍都清理师门,神雕第三十七回02-霍都假死偷袭郭芙黄药师杨过现身,神雕,第三十七回,神雕,第三十七回,1,连续,高,true,0,1259-10-24 23:00,1259-10-25 00:00,大宋/襄阳/大校场,大宋/襄阳/大校场,3,达尔巴|霍都|郭靖|黄蓉,false,霍都被达尔巴飞杵击杀后装死不动，郭芙上前用剑削其假面时霍都突然暴起发动临死一击……,同回目同地点，短间隔无独立过渡内容
901,神雕第三十七回02-霍都假死偷袭郭芙黄药师杨过现身,神雕第三十七回03-杨过校场庆生献艺黄药师祖孙重逢,神雕,第三十七回,神雕,第三十七回,1,连续,高,true,0,1259-10-25 01:00,1259-10-25 02:00,大宋/襄阳/大校场,大宋/襄阳/大校场,3,郭芙|郭靖|黄蓉|杨过|黄药师,false,杨过与黄药师从旗斗跃下后与郭靖黄蓉重逢，随即安排傀儡戏戏曲等热闹节目为郭襄庆生……,同回目同场景直接因果接续
902,神雕第三十七回03-杨过校场庆生献艺黄药师祖孙重逢,神雕第三十七回04-耶律齐接任丐帮帮主,神雕,第三十七回,神雕,第三十七回,5,连续,中,false,0,1259-10-25 03:00,1259-10-25 08:00,大宋/襄阳/大校场,大宋/襄阳/大校场,3,黄蓉|郭芙,false,杨过与黄药师联手离去后，丐帮四大长老聚头商议后禀明黄蓉，上台宣布立耶律齐为丐帮帮主……,同场景短间隔，倾向连续但证据不足以自动改时
903,神雕第三十七回04-耶律齐接任丐帮帮主,神雕第三十七回05-黄蓉向郭襄讲述三世恩怨坦承南海神尼,神雕,第三十七回,神雕,第三十七回,5,过渡,中,false,5,1259-10-25 09:00,1259-10-25 14:00,大宋/襄阳/大校场,大宋/襄阳/郭府,2,黄蓉,false,郭襄见杨过离去心中伤痛想回家去，黄蓉追到身边带她回府……,同链近距事件，保留有限过渡时间
904,神雕第三十七回05-黄蓉向郭襄讲述三世恩怨坦承南海神尼,神雕第三十七回06-郭襄留书出走寻杨过,神雕,第三十七回,神雕,第三十七回,857,间歇,高,false,857,1259-10-25 15:00,1259-12-01 08:00,大宋/襄阳/郭府,大宋/襄阳/郭府,3,郭襄|黄蓉,false,郭襄听了三世恩怨后睡去却恶梦连连，醒后决意用最后一枚金针求杨过不要自尽，留书出城而去……,存在跨日/长程/长时段或明显场景重置，作为自由期时间锚点
905,神雕第三十七回06-郭襄留书出走寻杨过,神雕第三十七回07-郭襄遇金轮法王二鬼遇害,神雕,第三十七回,神雕,第三十七回,1,过渡,高,false,1,1259-12-02 09:00,1259-12-02 10:00,大宋/襄阳/郭府,大宋/襄阳/郊野,2,郭襄,false,郭襄独自出城后行出三十余里腹中饥饿——在路旁坐下时遇到一个极高极瘦的年老僧人……,文本明确包含赶路/等待/跨时段过程
906,神雕第三十七回07-郭襄遇金轮法王二鬼遇害,神雕第三十七回08-杨过问黄药师南海神尼真相大白,神雕,第三十七回,神雕,第三十七回,1029,间歇,高,false,1029,1259-12-02 11:00,1260-01-15 08:00,大宋/襄阳/郊野,大宋/宜城/宜城/酒楼,1,,false,金轮法王携郭襄北去。而在南边宜城酒楼中，杨过终于见到了黄药师……,存在跨日/长程/长时段或明显场景重置，作为自由期时间锚点
907,神雕第三十七回08-杨过问黄药师南海神尼真相大白,神雕第三十七回09-杨过癫狂至嘉兴铁枪庙救柯镇恶知父过,神雕,第三十七回,神雕,第三十七回,1,过渡,中,false,1,1260-01-15 09:00,1260-01-15 10:00,大宋/宜城/宜城/酒楼,大宋/宜城/宜城/酒楼,4,杨过,false,杨过得知南海神尼纯属子虚乌有后悲愤欲绝——仰天长啸珠泪滚滚转身下楼。放开脚步狂奔数日不食不睡……,存在短途移动/等待/跨时段语义，保留过渡耗时
908,神雕第三十七回09-杨过癫狂至嘉兴铁枪庙救柯镇恶知父过,神雕第三十七回10-杨过得讯郭襄被擒赴蒙古军营寻访,神雕,第三十七回,神雕,第三十七回,247,间歇,高,false,247,1260-01-21 01:00,1260-02-01 08:00,大宋/宜城/宜城/酒楼,大宋/嘉兴府/嘉兴城,1,杨过,false,柯镇恶告诉杨过在临安郊外偷听到蒙古使臣说郭襄已被擒到蒙古军中……,存在跨日/长程/长时段或明显场景重置，作为自由期时间锚点
909,神雕第三十七回10-杨过得讯郭襄被擒赴蒙古军营寻访,神雕第三十八回04-杨过绝情谷苦候小龙女未至心碎一夜白头跳崖,神雕,第三十七回,神雕,第三十八回,576,待人工确认,中,false,,1260-02-08 08:00,1260-03-02 08:00,大宋/嘉兴府/嘉兴城,大宋/绝情谷/断肠崖,1,杨过,true,杨过在蒙古军营搜寻数日未得郭襄消息——算来小龙女十六年之约将届，于是纵骑向北往绝情谷而去……,节点存在分支/汇合，不自动改时
910,神雕第三十八回01-郭襄夜逃金轮法王三拦收徒激将赴绝情谷,神雕第三十八回02-黄蓉程英陆无双出城寻郭襄至风陵渡,神雕,第三十八回,神雕,第三十八回,22,过渡,高,false,22,1260-02-09 10:00,1260-02-10 08:00,大宋/襄阳/郊野,大宋/襄阳/郭府,2,,false,郭靖黄蓉得知女儿被掳，黄蓉与程英陆无双出城寻访,文本明确包含赶路/等待/跨时段过程
911,神雕第三十八回02-黄蓉程英陆无双出城寻郭襄至风陵渡,神雕第三十八回03-黄蓉随玉蜂遇周伯通发现蜂翅刺字解出绝情谷底,神雕,第三十八回,神雕,第三十八回,2,过渡,高,false,2,1260-03-01 06:00,1260-03-01 08:00,大宋/襄阳/郭府,大宋/风陵渡/风陵渡郊野,1,黄蓉|程英,false,黄蓉等在风陵渡寻访无果后，随一只玉蜂找到了周伯通等人的隐居山谷,文本明确包含赶路/等待/跨时段过程
912,神雕第三十八回03-黄蓉随玉蜂遇周伯通发现蜂翅刺字解出绝情谷底,神雕第三十八回04-杨过绝情谷苦候小龙女未至心碎一夜白头跳崖,神雕,第三十八回,神雕,第三十八回,23,待人工确认,中,false,,1260-03-01 09:00,1260-03-02 08:00,大宋/风陵渡/风陵渡郊野,大宋/绝情谷/断肠崖,1,,true,黄蓉等人结伴西行赴绝情谷探察谷底蹊跷；与此同时杨过也正赶往绝情谷,节点存在分支/汇合，不自动改时
913,神雕第三十八回04-杨过绝情谷苦候小龙女未至心碎一夜白头跳崖,神雕第三十八回05-郭襄法王赶到绝情谷目睹杨过跳崖郭襄亦跳法王救之不及,神雕,第三十八回,神雕,第三十八回,4,连续,中,false,0,1260-03-07 08:00,1260-03-07 12:00,大宋/绝情谷/断肠崖,大宋/绝情谷/断肠崖,3,杨过,false,郭襄与金轮法王赶到绝情谷，正撞见杨过跳崖,同场景短间隔，倾向连续但证据不足以自动改时
914,神雕第三十八回05-郭襄法王赶到绝情谷目睹杨过跳崖郭襄亦跳法王救之不及,神雕第三十八回06-黄蓉等赶到绝情谷大战法王黄药师现身法王被擒双雕殉情郭襄获救,神雕,第三十八回,神雕,第三十八回,1,连续,高,true,0,1260-03-07 14:00,1260-03-07 15:00,大宋/绝情谷/断肠崖,大宋/绝情谷/断肠崖,3,郭襄|金轮法王,false,黄蓉等人赶到绝情谷断肠崖，与金轮法王展开激战,同回目同地点，短间隔无独立过渡内容
915,神雕第三十八回06-黄蓉等赶到绝情谷大战法王黄药师现身法王被擒双雕殉情郭襄获救,神雕第三十八回07-郭襄述谷底情形众人搓绳下谷寻杨过不见黄蓉探潭无果,神雕,第三十八回,神雕,第三十八回,13,过渡,中,false,13,1260-03-07 19:00,1260-03-08 08:00,大宋/绝情谷/断肠崖,大宋/绝情谷/断肠崖,3,郭襄|周伯通|黄蓉|程英|陆无双|一灯大师|瑛姑|黄药师,false,郭襄获救后说出杨过在谷底，众人紧急搓绳下谷相救,同链近距事件，保留有限过渡时间
916,神雕第三十八回07-郭襄述谷底情形众人搓绳下谷寻杨过不见黄蓉探潭无果,神雕第三十八回08-金轮法王骗郭襄解穴逃脱挟持郭襄失踪,神雕,第三十八回,神雕,第三十八回,1,连续,高,true,0,1260-03-09 12:00,1260-03-09 13:00,大宋/绝情谷/断肠崖,大宋/绝情谷/断肠崖,3,郭襄|黄蓉|程英|陆无双|黄药师|周伯通,false,众人缘绳回上后发现郭襄和金轮法王双双失踪,同回目同地点，短间隔无独立过渡内容
917,神雕第三十九回01-黄蓉七人回襄阳夜闯蒙古营入城,神雕第三十九回02-蒙古大军猛攻襄阳大战十二时辰,神雕,第三十九回,神雕,第三十九回,1,过渡,高,false,1,1260-03-10 19:00,1260-03-10 20:00,大宋/襄阳/郊野,大宋/襄阳/襄阳城防/城头,2,黄蓉|郭靖,false,蒙古大军于次日清晨开始猛攻襄阳城，一场旷日持久的攻防大战即将展开。,文本明确包含赶路/等待/跨时段过程
918,神雕第三十九回02-蒙古大军猛攻襄阳大战十二时辰,神雕第三十九回03-蒙古军筑高台金轮法王以郭襄要挟郭靖投降,神雕,第三十九回,神雕,第三十九回,4,连续,中,false,0,1260-03-11 08:00,1260-03-11 12:00,大宋/襄阳/襄阳城防/城头,大宋/襄阳/襄阳城防/城头,4,郭靖|吕文德|黄蓉|武三通|泗水渔隐,false,蒙古军刚退却又遣万人队筑起高台，金轮法王将郭襄绑在高台之上，逼迫郭靖投降。,同场景短间隔，倾向连续但证据不足以自动改时
919,神雕第三十九回03-蒙古军筑高台金轮法王以郭襄要挟郭靖投降,神雕第三十九回05-黄药师校场部署二十八宿大阵,神雕,第三十九回,神雕,第三十九回,67,间歇,中,false,67,1260-03-11 13:00,1260-03-14 08:00,大宋/襄阳/襄阳城防/城头,大宋/襄阳/大校场,2,郭靖|吕文德|黄蓉|郭襄|金轮法王|武三通|泗水渔隐,false,黄药师决定摆下二十八宿大阵，与金轮法王大战一场以救郭襄。,外部间隔超过一天，未发现足够证据压缩
920,神雕第三十九回04-杨过绝情谷底重逢小龙女携手出谷,神雕第三十九回07-杨过小龙女神雕冲高台战金轮法王救郭襄,神雕,第三十九回,神雕,第三十九回,95,待人工确认,中,false,,1260-03-13 09:00,1260-03-17 08:00,大宋/绝情谷/断肠崖/深谷,大宋/襄阳/襄阳北门/门外高台,1,杨过|郭襄|小龙女,true,杨过与小龙女携手出谷后星夜赶赴襄阳，在千军万马中冲向高台营救郭襄。,节点存在分支/汇合，不自动改时
921,神雕第三十九回05-黄药师校场部署二十八宿大阵,神雕第三十九回06-二十八宿大阵出战蒙古军火焚高台郭靖回救襄阳,神雕,第三十九回,神雕,第三十九回,47,间歇,中,false,47,1260-03-14 09:00,1260-03-16 08:00,大宋/襄阳/大校场,大宋/襄阳/襄阳北门,2,黄药师|金轮法王|郭靖|郭襄|一灯大师|黄蓉,false,五路兵马列队出城，二十八宿大阵正式展开与蒙古军激战。,跨区域且有明确移动/等待，作为自由期时间锚点
922,神雕第三十九回06-二十八宿大阵出战蒙古军火焚高台郭靖回救襄阳,神雕第三十九回07-杨过小龙女神雕冲高台战金轮法王救郭襄,神雕,第三十九回,神雕,第三十九回,23,待人工确认,中,false,,1260-03-16 09:00,1260-03-17 08:00,大宋/襄阳/襄阳北门,大宋/襄阳/襄阳北门/门外高台,3,金轮法王|郭襄,true,千钧一发之际杨过与小龙女神雕从西北方杀入战场，冲向高台营救郭襄。,节点存在分支/汇合，不自动改时
923,神雕第三十九回07-杨过小龙女神雕冲高台战金轮法王救郭襄,神雕第三十九回08-杨过飞石击杀蒙哥大汗宋军大胜,神雕,第三十九回,神雕,第三十九回,23,过渡,中,false,23,1260-03-17 09:00,1260-03-18 08:00,大宋/襄阳/襄阳北门/门外高台,大宋/襄阳/郊野,2,郭襄|杨过|小龙女|神雕,false,郭襄获救后杨过率众人冲向攻打襄阳的蒙古大军，最终飞石击杀蒙哥大汗。,同链近距事件，保留有限过渡时间
924,神雕第三十九回08-杨过飞石击杀蒙哥大汗宋军大胜,神雕第三十九回09-襄阳大捷庆功宴郭靖杨过携手入城议赴华山,神雕,第三十九回,神雕,第三十九回,44,间歇,中,false,44,1260-03-18 12:00,1260-03-20 08:00,大宋/襄阳/郊野,大宋/襄阳/郊野,3,杨过|耶律齐|小龙女|郭靖,false,宋军凯旋而归，襄阳满城欢庆，吕文德大张祝捷之宴，群雄商议赴华山祭扫恩师之墓。,外部间隔超过一天，未发现足够证据压缩
925,神雕第三十九回09-襄阳大捷庆功宴郭靖杨过携手入城议赴华山,神雕第四十回01-华山祭奠洪七公与欧阳锋,神雕,第三十九回,神雕,第四十回,8,过渡,高,false,8,1260-03-20 23:00,1260-03-21 07:00,大宋/襄阳/郊野,大宋/襄阳/襄阳北门,2,郭靖|杨过|周伯通|黄蓉|小龙女,false,次日众人启程赴华山祭扫洪七公之墓，在华山之巅重逢诸位故人。,文本明确包含赶路/等待/跨时段过程
926,神雕第四十回01-华山祭奠洪七公与欧阳锋,神雕第四十回02-骇退妄人重定新五绝,神雕,第四十回,神雕,第四十回,1,待人工确认,中,false,,1260-04-01 09:00,1260-04-01 10:00,大宋/襄阳/襄阳北门,大宋/华山/华山山域/石坪,1,郭靖|周伯通|杨过|黄蓉|小龙女,false,祭奠完毕后在墓前饮食，忽听山后传来兵刃相交之声，周伯通抢先奔去……,证据不足，避免自动改时
927,神雕第四十回02-骇退妄人重定新五绝,神雕第四十回03-杨龙郭游玉女峰,神雕,第四十回,神雕,第四十回,1,过渡,中,false,1,1260-04-01 11:00,1260-04-01 12:00,大宋/华山/华山山域/石坪,大宋/华山/玉女峰,2,杨过|小龙女,false,五绝之位已定人人欢喜，四下散在华山各处寻幽探胜。杨过指着玉女峰对小龙女说咱们学的是玉女剑法这玉女峰不可不游……,同链近距事件，保留有限过渡时间
928,神雕第四十回03-杨龙郭游玉女峰,神雕第四十回04-觉远追讨楞伽经揭露九阳真经,神雕,第四十回,神雕,第四十回,91,间歇,高,false,91,1260-04-01 13:00,1260-04-05 08:00,大宋/华山/玉女峰,大宋/华山/华山山域/高冈,2,杨过|小龙女|郭襄,false,杨过正欲寻语劝慰郭襄，小龙女突然咦的一声轻声道瞧是谁来了。只见山冈下有两人蛇行鼠伏般上来……,存在跨日/长程/长时段或明显场景重置，作为自由期时间锚点
929,神雕第四十回04-觉远追讨楞伽经揭露九阳真经,神雕第四十回05-张君宝斗尹克西杨过传艺,神雕,第四十回,神雕,第四十回,1,连续,高,true,0,1260-04-05 09:00,1260-04-05 10:00,大宋/华山/华山山域/高冈,大宋/华山/华山山域/高冈,4,杨过|潇湘子|尹克西|觉远|张君宝,false,觉远说破九阳真经之秘后，张君宝上前要搜尹克西之身……,同回目同地点，短间隔无独立过渡内容
930,神雕第四十回05-张君宝斗尹克西杨过传艺,神雕第四十回06-潇尹携猿离去杨过辞别众人,神雕,第四十回,神雕,第四十回,117,间歇,中,false,117,1260-04-05 11:00,1260-04-10 08:00,大宋/华山/华山山域/高冈,大宋/华山/华山山域/高冈,4,张君宝|尹克西|杨过|潇湘子,false,张君宝搜索潇尹二人身上皆无经书。尹克西扶起潇湘子向苍猿招手……,外部间隔超过一天，未发现足够证据压缩
